t,vout,dctrl
0.000002,0.002638,6.000000
0.000004,0.010066,6.000000
0.000006,0.022270,6.000000
0.000008,0.039236,6.000000
0.000010,0.060949,6.000000
0.000012,0.084597,6.000000
0.000014,0.107884,6.000000
0.000016,0.130802,6.000000
0.000018,0.153342,6.000000
0.000020,0.175495,6.004000
0.000022,0.200047,6.008000
0.000024,0.229266,6.008000
0.000026,0.263130,6.008000
0.000028,0.301617,6.008000
0.000030,0.344701,6.008000
0.000032,0.390073,6.008000
0.000034,0.434919,6.008000
0.000036,0.479221,6.008000
0.000038,0.522963,6.008000
0.000040,0.566130,6.012001
0.000042,0.611496,6.012001
0.000044,0.661323,6.012001
0.000046,0.715582,6.012001
0.000048,0.774242,6.012001
0.000050,0.837270,6.012001
0.000052,0.902349,6.012001
0.000054,0.966658,6.012001
0.000056,1.030172,6.012001
0.000058,1.092867,6.012001
0.000060,1.154721,6.016001
0.000062,1.218503,6.016001
0.000064,1.286465,6.016001
0.000066,1.358573,6.016001
0.000068,1.434790,6.016001
0.000070,1.515077,6.016001
0.000072,1.597108,6.016001
0.000074,1.678057,6.016001
0.000076,1.757895,6.016001
0.000078,1.836590,6.016001
0.000080,1.914115,6.020001
0.000082,1.993232,6.020001
0.000084,2.076190,6.020001
0.000086,2.162948,6.020001
0.000088,2.253464,6.020001
0.000090,2.347694,6.020001
0.000092,2.443309,6.020001
0.000094,2.537476,6.020001
0.000096,2.630161,6.020001
0.000098,2.721330,6.020001
0.000100,2.810950,6.024001
0.000102,2.901780,6.024001
0.000104,2.996064,6.024001
0.000106,3.093758,6.024001
0.000108,3.194817,6.024001
0.000110,3.299191,6.024001
0.000112,3.404550,6.024001
0.000114,3.508058,6.024001
0.000116,3.609677,6.024001
0.000118,3.709372,6.024001
0.000120,3.807104,6.028001
0.000122,3.905633,6.028001
0.000124,4.007199,6.028001
0.000126,4.111757,6.028001
0.000128,4.219258,6.028001
0.000130,4.329654,6.028001
0.000132,4.440609,6.028001
0.000134,4.549289,6.028001
0.000136,4.655653,6.028001
0.000138,4.759666,6.028001
0.000140,4.861288,6.032001
0.000142,4.963277,6.032001
0.000144,5.067874,6.032001
0.000146,5.175034,6.032001
0.000148,5.284704,6.032001
0.000150,5.396841,6.032001
0.000152,5.509108,6.032001
0.000154,5.618667,6.032001
0.000156,5.725483,6.032001
0.000158,5.829518,6.032001
0.000160,5.930737,6.032001
0.000162,6.031895,6.032001
0.000164,6.135236,6.032001
0.000166,6.240714,6.032001
0.000168,6.348282,6.032001
0.000170,6.457895,6.032001
0.000172,6.567219,6.032001
0.000174,6.673419,6.032001
0.000176,6.776462,6.032001
0.000178,6.876310,6.032001
0.000180,6.972931,6.028001
0.000182,7.069085,6.028001
0.000184,7.167018,6.028001
0.000186,7.266686,6.028001
0.000188,7.368048,6.028001
0.000190,7.471057,6.028001
0.000192,7.573386,6.028001
0.000194,7.672204,6.028001
0.000196,7.767479,6.028001
0.000198,7.859179,6.028001
0.000200,7.947276,6.024001
0.000202,8.034534,6.024001
0.000204,8.123200,6.024001
0.000206,8.213241,6.024001
0.000208,8.304614,6.024001
0.000210,8.397282,6.024001
0.000212,8.488919,6.024001
0.000214,8.576702,6.024001
0.000216,8.660600,6.024001
0.000218,8.740589,6.024001
0.000220,8.816647,6.020001
0.000222,8.891541,6.020001
0.000224,8.967529,6.020001
0.000226,9.044579,6.020001
0.000228,9.122654,6.020001
0.000230,9.201723,6.020001
0.000232,9.279468,6.020001
0.000234,9.353069,6.020001
0.000236,9.422506,6.020001
0.000238,9.487757,6.020001
0.000240,9.548807,6.016001
0.000242,9.608433,6.016001
0.000244,9.668896,6.016001
0.000246,9.730168,6.016001
0.000248,9.792224,6.016001
0.000250,9.855040,6.016001
0.000252,9.916302,6.016001
0.000254,9.973200,6.016001
0.000256,10.025719,6.016001
0.000258,10.073847,6.016001
0.000260,10.117573,6.012001
0.000262,10.159681,6.012001
0.000264,10.202440,6.012001
0.000266,10.245831,6.012001
0.000268,10.289839,6.012001
0.000270,10.334439,6.012001
0.000272,10.377333,6.012001
0.000274,10.415714,6.012001
0.000276,10.449576,6.012001
0.000278,10.478915,6.012001
0.000280,10.503728,6.008000
0.000282,10.526807,6.008000
0.000284,10.550427,6.008000
0.000286,10.574579,6.008000
0.000288,10.599254,6.008000
0.000290,10.624438,6.008000
0.000292,10.647839,6.008000
0.000294,10.666655,6.008000
0.000296,10.680893,6.008000
0.000298,10.690554,6.008000
0.000300,10.695643,6.004000
0.000302,10.698961,6.004000
0.000304,10.702793,6.004000
0.000306,10.707135,6.004000
0.000308,10.711986,6.004000
0.000310,10.717340,6.004000
0.000312,10.720915,6.004000
0.000314,10.719916,6.004000
0.000316,10.714355,6.004000
0.000318,10.704245,6.004000
0.000320,10.689596,6.000000
0.000322,10.673217,6.000000
0.000324,10.657401,6.000000
0.000326,10.642152,6.000000
0.000328,10.627475,6.000000
0.000330,10.613379,6.000000
0.000332,10.597073,6.000000
0.000334,10.576670,6.000000
0.000336,10.555535,6.000000
0.000338,10.534443,6.000000
0.000340,10.513393,5.996000
0.000342,10.492713,5.996000
0.000344,10.472677,5.996000
0.000346,10.453291,5.996000
0.000348,10.434563,5.996000
0.000350,10.416495,5.996000
0.000352,10.396588,5.996000
0.000354,10.375814,5.996000
0.000356,10.355082,5.996000
0.000358,10.334390,5.996000
0.000360,10.313740,5.992000
0.000362,10.293503,5.992000
0.000364,10.273989,5.992000
0.000366,10.255203,5.992000
0.000368,10.237152,5.992000
0.000370,10.219842,5.992000
0.000372,10.200624,5.992000
0.000374,10.180241,5.992000
0.000376,10.159898,5.992000
0.000378,10.139596,5.992000
0.000380,10.119335,5.987999
0.000382,10.099529,5.987999
0.000384,10.080523,5.987999
0.000386,10.062322,5.987999
0.000388,10.044931,5.987999
0.000390,10.028357,5.987999
0.000392,10.009854,5.987999
0.000394,9.989853,5.987999
0.000396,9.969891,5.987999
0.000398,9.949969,5.987999
0.000400,9.930087,5.983999
0.000402,9.910701,5.983999
0.000404,9.892189,5.983999
0.000406,9.874556,5.983999
0.000408,9.857807,5.983999
0.000410,9.841948,5.983999
0.000412,9.824191,5.983999
0.000414,9.804561,5.983999
0.000416,9.784969,5.983999
0.000418,9.765417,5.983999
0.000420,9.745903,5.979999
0.000422,9.726926,5.979999
0.000424,9.708893,5.979999
0.000426,9.691813,5.979999
0.000428,9.675689,5.979999
0.000430,9.660527,5.979999
0.000432,9.643538,5.979999
0.000434,9.624271,5.979999
0.000436,9.605040,5.979999
0.000438,9.585846,5.979999
0.000440,9.566692,5.975999
0.000442,9.548113,5.975999
0.000444,9.530550,5.975999
0.000446,9.514009,5.975999
0.000448,9.498494,5.975999
0.000450,9.484010,5.975999
0.000452,9.467768,5.975999
0.000454,9.448903,5.975999
0.000456,9.430022,5.975999
0.000458,9.411180,5.975999
0.000460,9.392374,5.971999
0.000462,9.374181,5.971999
0.000464,9.357074,5.971999
0.000466,9.341057,5.971999
0.000468,9.326134,5.971999
0.000470,9.312310,5.971999
0.000472,9.296796,5.971999
0.000474,9.278367,5.971999
0.000476,9.259828,5.971999
0.000478,9.241324,5.971999
0.000480,9.222858,5.967999
0.000482,9.205043,5.967999
0.000484,9.188377,5.967999
0.000486,9.172869,5.967999
0.000488,9.158521,5.967999
0.000490,9.145338,5.967999
0.000492,9.130532,5.967999
0.000494,9.112574,5.967999
0.000496,9.094364,5.967999
0.000498,9.076192,5.967999
0.000500,9.058056,5.963998
0.000502,9.040604,5.963998
0.000504,9.024369,5.963998
0.000506,9.009357,5.963998
0.000508,8.995569,5.963998
0.000510,8.983009,5.963998
0.000512,8.968888,5.963998
0.000514,8.951431,5.963998
0.000516,8.933544,5.963998
0.000518,8.915692,5.963998
0.000520,8.897877,5.959998
0.000522,8.880780,5.959998
0.000524,8.864964,5.959998
0.000526,8.850433,5.959998
0.000528,8.837190,5.959998
0.000530,8.825236,5.959998
0.000532,8.811783,5.959998
0.000534,8.794858,5.959998
0.000536,8.777285,5.959998
0.000538,8.759746,5.959998
0.000540,8.742242,5.959998
0.000542,8.725362,5.955998
0.000544,8.709823,5.955998
0.000546,8.695629,5.955998
0.000548,8.682785,5.955998
0.000550,8.671291,5.955998
0.000552,8.658357,5.955998
0.000554,8.641908,5.955998
0.000556,8.624640,5.955998
0.000558,8.607406,5.955998
0.000560,8.590206,5.951998
0.000562,8.573792,5.951998
0.000564,8.558779,5.951998
0.000566,8.545173,5.951998
0.000568,8.532973,5.951998
0.000570,8.522183,5.951998
0.000572,8.510013,5.951998
0.000574,8.494245,5.951998
0.000576,8.477271,5.951998
0.000578,8.460332,5.951998
0.000580,8.443427,5.947998
0.000582,8.427339,5.947998
0.000584,8.412709,5.947998
0.000586,8.399543,5.947998
0.000588,8.387842,5.947998
0.000590,8.377608,5.947998
0.000592,8.366051,5.947998
0.000594,8.350899,5.947998
0.000596,8.334211,5.947998
0.000598,8.317558,5.947998
0.000600,8.300938,5.943997
0.000602,8.285166,5.943997
0.000604,8.270909,5.943997
0.000606,8.258171,5.943997
0.000608,8.246956,5.943997
0.000610,8.237260,5.943997
0.000612,8.226295,5.943997
0.000614,8.211787,5.943997
0.000616,8.195379,5.943997
0.000618,8.179003,5.943997
0.000620,8.162659,5.939997
0.000622,8.147192,5.939997
0.000624,8.133297,5.939997
0.000626,8.120975,5.939997
0.000628,8.110228,5.939997
0.000630,8.101056,5.939997
0.000632,8.090668,5.939997
0.000634,8.076788,5.939997
0.000636,8.060686,5.939997
0.000638,8.044580,5.939997
0.000640,8.028506,5.935997
0.000642,8.013338,5.935997
0.000644,7.999792,5.935997
0.000646,7.987873,5.935997
0.000648,7.977581,5.935997
0.000650,7.968917,5.935997
0.000652,7.959089,5.935997
0.000654,7.945819,5.935997
0.000656,7.930059,5.935997
0.000658,7.914214,5.935997
0.000660,7.898400,5.931997
0.000662,7.883521,5.931997
0.000664,7.870316,5.931997
0.000666,7.858788,5.931997
0.000668,7.848937,5.931997
0.000670,7.840765,5.931997
0.000672,7.831479,5.931997
0.000674,7.818802,5.931997
0.000676,7.803414,5.931997
0.000678,7.787822,5.931997
0.000680,7.772260,5.927997
0.000682,7.757661,5.927997
0.000684,7.744785,5.927997
0.000686,7.733636,5.927997
0.000688,7.724214,5.927997
0.000690,7.716519,5.927997
0.000692,7.707759,5.927997
0.000694,7.695657,5.927997
0.000696,7.680671,5.927997
0.000698,7.665323,5.927997
0.000700,7.650007,5.923996
0.000702,7.635678,5.923996
0.000704,7.623122,5.923996
0.000706,7.612339,5.923996
0.000708,7.603333,5.923996
0.000710,7.596101,5.923996
0.000712,7.587852,5.923996
0.000714,7.576305,5.923996
0.000716,7.561749,5.923996
0.000718,7.546638,5.923996
0.000720,7.531559,5.919996
0.000722,7.517493,5.919996
0.000724,7.505246,5.919996
0.000726,7.494820,5.919996
0.000728,7.486216,5.919996
0.000730,7.479432,5.919996
0.000732,7.471676,5.919996
0.000734,7.460671,5.919996
0.000736,7.446569,5.919996
0.000738,7.431689,5.919996
0.000740,7.416840,5.915996
0.000742,7.403028,5.915996
0.000744,7.391081,5.915996
0.000746,7.381000,5.915996
0.000748,7.372785,5.915996
0.000750,7.366435,5.915996
0.000752,7.359157,5.915996
0.000754,7.348674,5.915996
0.000756,7.335051,5.915996
0.000758,7.320394,5.915996
0.000760,7.305766,5.911996
0.000762,7.292200,5.911996
0.000764,7.280542,5.911996
0.000766,7.270796,5.911996
0.000768,7.262957,5.911996
0.000770,7.257028,5.911996
0.000772,7.250214,5.911996
0.000774,7.240236,5.911996
0.000776,7.227113,5.911996
0.000778,7.212672,5.911996
0.000780,7.198260,5.907996
0.000782,7.184933,5.907996
0.000784,7.173557,5.907996
0.000786,7.164133,5.907996
0.000788,7.156659,5.907996
0.000790,7.151136,5.907996
0.000792,7.144770,5.907996
0.000794,7.135282,5.907996
0.000796,7.122681,5.907996
0.000798,7.108449,5.907996
0.000800,7.094245,5.903996
0.000802,7.081149,5.903996
0.000804,7.070044,5.903996
0.000806,7.060932,5.903996
0.000808,7.053812,5.903996
0.000810,7.048683,5.903996
0.000812,7.042750,5.903996
0.000814,7.033735,5.903996
0.000816,7.021648,5.903996
0.000818,7.007645,5.903996
0.000820,6.993642,5.899995
0.000822,6.980769,5.899995
0.000824,6.969927,5.899995
0.000826,6.961118,5.899995
0.000828,6.954340,5.899995
0.000830,6.949591,5.899995
0.000832,6.944079,5.899995
0.000834,6.935522,5.899995
0.000836,6.923931,5.899995
0.000838,6.910183,5.899995
0.000840,6.896375,5.895995
0.000842,6.883718,5.895995
0.000844,6.873130,5.895995
0.000846,6.864613,5.895995
0.000848,6.858164,5.895995
0.000850,6.853784,5.895995
0.000852,6.848676,5.895995
0.000854,6.840563,5.895995
0.000856,6.829452,5.895995
0.000858,6.815986,5.895995
0.000860,6.802366,5.891995
0.000862,6.789917,5.891995
0.000864,6.779575,5.891995
0.000866,6.771340,5.891995
0.000868,6.765211,5.891995
0.000870,6.761186,5.891995
0.000872,6.756470,5.891995
0.000874,6.748784,5.891995
0.000876,6.738136,5.891995
0.000878,6.724976,5.891995
0.000880,6.711538,5.887995
0.000882,6.699290,5.887995
0.000884,6.689186,5.887995
0.000886,6.681224,5.887995
0.000888,6.675403,5.887995
0.000890,6.671722,5.887995
0.000892,6.667385,5.887995
0.000894,6.660113,5.887995
0.000896,6.649914,5.887995
0.000898,6.637082,5.887995
0.000900,6.623820,5.883995
0.000902,6.611767,5.883995
0.000904,6.601891,5.883995
0.000906,6.594193,5.883995
0.000908,6.588670,5.883995
0.000910,6.585320,5.883995
0.000912,6.581351,5.883995
0.000914,6.574478,5.883995
0.000916,6.564712,5.883995
0.000918,6.552226,5.883995
0.000920,6.539134,5.879994
0.000922,6.527268,5.879994
0.000924,6.517614,5.879994
0.000926,6.510170,5.879994
0.000928,6.504935,5.879994
0.000930,6.501855,5.879994
0.000932,6.497729,5.879994
0.000934,6.490736,5.879994
0.000936,6.480882,5.879994
0.000938,6.468424,5.879994
0.000940,6.455499,5.875994
0.000942,6.443819,5.875994
0.000944,6.434384,5.875994
0.000946,6.427191,5.875994
0.000948,6.422239,5.875994
0.000950,6.419476,5.875994
0.000952,6.415699,5.875994
0.000954,6.409087,5.875994
0.000956,6.399646,5.875994
0.000958,6.387527,5.875994
0.000960,6.374764,5.871994
0.000962,6.363263,5.871994
0.000964,6.354038,5.871994
0.000966,6.347088,5.871994
0.000968,6.342411,5.871994
0.000970,6.339953,5.871994
0.000972,6.336514,5.871994
0.000974,6.330268,5.871994
0.000976,6.321226,5.871994
0.000978,6.309461,5.871994
0.000980,6.296853,5.867994
0.000982,6.285525,5.867994
0.000984,6.276504,5.867994
0.000986,6.269788,5.867994
0.000988,6.265375,5.867994
0.000990,6.263212,5.867994
0.000992,6.260098,5.867994
0.000994,6.254207,5.867994
0.000996,6.245548,5.867994
0.000998,6.234151,5.867994
0.001000,6.221694,5.863994
0.001002,6.210533,5.863994
0.001004,6.201709,5.863994
0.001006,6.195219,5.863994
0.001008,6.191061,5.863994
0.001010,6.189183,5.863994
0.001012,6.186381,5.863994
0.001014,6.180833,5.863994
0.001016,6.172546,5.863994
0.001018,6.161530,5.863994
0.001020,6.149219,5.863994
0.001022,6.137984,5.859993
0.001024,6.129115,5.859993
0.001026,6.122610,5.859993
0.001028,6.118466,5.859993
0.001030,6.116631,5.859993
0.001032,6.113901,5.859993
0.001034,6.108454,5.859993
0.001036,6.100296,5.859993
0.001038,6.089437,5.859993
0.001040,6.077269,5.859993
0.001042,6.066428,5.859993
0.001044,6.057980,5.859993
0.001046,6.051923,5.859993
0.001048,6.048256,5.859993
0.001050,6.046923,5.859993
0.001052,6.044724,5.859993
0.001054,6.039833,5.859993
0.001056,6.032259,5.859993
0.001058,6.022010,5.859993
0.001060,6.010016,5.859993
0.001062,5.999324,5.859993
0.001064,5.991052,5.859993
0.001066,5.985198,5.859993
0.001068,5.981759,5.859993
0.001070,5.980681,5.859993
0.001072,5.978762,5.859993
0.001074,5.974177,5.859993
0.001076,5.966935,5.859993
0.001078,5.957043,5.859993
0.001080,5.945230,5.859993
0.001082,5.934440,5.859993
0.001084,5.926096,5.859993
0.001086,5.920196,5.859993
0.001088,5.916737,5.859993
0.001090,5.915665,5.859993
0.001092,5.913778,5.859993
0.001094,5.909252,5.859993
0.001096,5.902094,5.859993
0.001098,5.892312,5.859993
0.001100,5.880628,5.863994
0.001102,5.870223,5.863994
0.001104,5.862289,5.863994
0.001106,5.856823,5.863994
0.001108,5.853823,5.863994
0.001110,5.853235,5.863994
0.001112,5.851856,5.863994
0.001114,5.847861,5.863994
0.001116,5.841257,5.863994
0.001118,5.832052,5.863994
0.001120,5.820654,5.867994
0.001122,5.810382,5.867994
0.001124,5.802605,5.867994
0.001126,5.797319,5.867994
0.001128,5.794523,5.867994
0.001130,5.794162,5.867994
0.001132,5.793033,5.867994
0.001134,5.789311,5.867994
0.001136,5.783004,5.867994
0.001138,5.774117,5.867994
0.001140,5.762942,5.871994
0.001142,5.752799,5.871994
0.001144,5.745172,5.871994
0.001146,5.740060,5.871994
0.001148,5.737460,5.871994
0.001150,5.737317,5.871994
0.001152,5.736430,5.871994
0.001154,5.732971,5.871994
0.001156,5.726948,5.871994
0.001158,5.718368,5.871994
0.001160,5.707429,5.875994
0.001162,5.697408,5.875994
0.001164,5.689926,5.875994
0.001166,5.684981,5.875994
0.001168,5.682570,5.875994
0.001170,5.682636,5.875994
0.001172,5.681978,5.875994
0.001174,5.678771,5.875994
0.001176,5.673022,5.875994
0.001178,5.664738,5.875994
0.001180,5.654041,5.879994
0.001182,5.644139,5.879994
0.001184,5.636796,5.879994
0.001186,5.632012,5.879994
0.001188,5.629782,5.879994
0.001190,5.630051,5.879994
0.001192,5.629616,5.879994
0.001194,5.626653,5.879994
0.001196,5.621167,5.879994
0.001198,5.613165,5.879994
0.001200,5.602718,5.883995
0.001202,5.592930,5.883995
0.001204,5.585722,5.883995
0.001206,5.581092,5.883995
0.001208,5.579037,5.883995
0.001210,5.579550,5.883995
0.001212,5.579837,5.883995
0.001214,5.577613,5.883995
0.001216,5.572886,5.883995
0.001218,5.565661,5.883995
0.001220,5.555946,5.887995
0.001222,5.546543,5.887995
0.001224,5.539738,5.887995
0.001226,5.535528,5.887995
0.001228,5.533910,5.887995
0.001230,5.534879,5.887995
0.001232,5.535638,5.887995
0.001234,5.533903,5.887995
0.001236,5.529680,5.887995
0.001238,5.522976,5.887995
0.001240,5.513799,5.891995
0.001242,5.504949,5.891995
0.001244,5.498713,5.891995
0.001246,5.495087,5.891995
0.001248,5.494067,5.891995
0.001250,5.495650,5.891995
0.001252,5.497038,5.891995
0.001254,5.495946,5.891995
0.001256,5.492379,5.891995
0.001258,5.486345,5.891995
0.001260,5.477850,5.895995
0.001262,5.469697,5.895995
0.001264,5.464168,5.895995
0.001266,5.461261,5.895995
0.001268,5.460975,5.895995
0.001270,5.463303,5.895995
0.001272,5.465446,5.895995
0.001274,5.465121,5.895995
0.001276,5.462333,5.895995
0.001278,5.457088,5.895995
0.001280,5.449392,5.899995
0.001282,5.442047,5.899995
0.001284,5.437337,5.899995
0.001286,5.435259,5.899995
0.001288,5.435810,5.899995
0.001290,5.438982,5.899995
0.001292,5.441978,5.899995
0.001294,5.442513,5.899995
0.001296,5.440592,5.899995
0.001298,5.436221,5.899995
0.001300,5.429406,5.903996
0.001302,5.422948,5.903996
0.001304,5.419132,5.903996
0.001306,5.417953,5.903996
0.001308,5.419406,5.903996
0.001310,5.423486,5.903996
0.001312,5.427394,5.903996
0.001314,5.428846,5.903996
0.001316,5.427845,5.903996
0.001318,5.424397,5.903996
0.001320,5.418509,5.907996
0.001322,5.412980,5.907996
0.001324,5.410094,5.907996
0.001326,5.409848,5.907996
0.001328,5.412236,5.907996
0.001330,5.417250,5.907996
0.001332,5.422093,5.907996
0.001334,5.424480,5.907996
0.001336,5.424416,5.907996
0.001338,5.421904,5.907996
0.001340,5.416950,5.911996
0.001342,5.411847,5.915996
0.001344,5.409387,5.915996
0.001346,5.409566,5.915996
0.001348,5.412378,5.915996
0.001350,5.417816,5.915996
0.001352,5.423082,5.915996
0.001354,5.425890,5.915996
0.001356,5.426246,5.915996
0.001358,5.424151,5.915996
0.001360,5.419614,5.919996
0.001362,5.415433,5.919996
0.001364,5.413891,5.919996
0.001366,5.414985,5.919996
0.001368,5.418706,5.919996
0.001370,5.425051,5.919996
0.001372,5.431219,5.919996
0.001374,5.434924,5.919996
0.001376,5.436171,5.919996
0.001378,5.434962,5.919996
0.001380,5.431305,5.923996
0.001382,5.427997,5.923996
0.001384,5.427321,5.923996
0.001386,5.429274,5.923996
0.001388,5.433848,5.923996
0.001390,5.441038,5.923996
0.001392,5.448041,5.923996
0.001394,5.452575,5.923996
0.001396,5.454640,5.923996
0.001398,5.454241,5.923996
0.001400,5.451385,5.927997
0.001402,5.448868,5.927997
0.001404,5.448975,5.927997
0.001406,5.451698,5.927997
0.001408,5.457033,5.927997
0.001410,5.464972,5.927997
0.001412,5.472714,5.927997
0.001414,5.477974,5.927997
0.001416,5.480754,5.927997
0.001418,5.481059,5.927997
0.001420,5.478893,5.931997
0.001422,5.477055,5.931997
0.001424,5.477827,5.931997
0.001426,5.481205,5.931997
0.001428,5.487180,5.931997
0.001430,5.495746,5.931997
0.001432,5.504102,5.931997
0.001434,5.509962,5.931997
0.001436,5.513329,5.931997
0.001438,5.514205,5.931997
0.001440,5.512599,5.935997
0.001442,5.511303,5.935997
0.001444,5.512604,5.935997
0.001446,5.516494,5.935997
0.001448,5.522967,5.935997
0.001450,5.532017,5.935997
0.001452,5.540840,5.935997
0.001454,5.547152,5.935997
0.001456,5.550955,5.935997
0.001458,5.552252,5.935997
0.001460,5.551047,5.939997
0.001462,5.550139,5.939997
0.001464,5.551812,5.939997
0.001466,5.556057,5.939997
0.001468,5.562869,5.939997
0.001470,5.572239,5.939997
0.001472,5.581368,5.939997
0.001474,5.587970,5.939997
0.001476,5.592045,5.939997
0.001478,5.593596,5.939997
0.001480,5.592629,5.943997
0.001482,5.591942,5.943997
0.001484,5.593817,5.943997
0.001486,5.598248,5.943997
0.001488,5.605229,5.943997
0.001490,5.614751,5.943997
0.001492,5.624013,5.943997
0.001494,5.630731,5.943997
0.001496,5.634904,5.943997
0.001498,5.636538,5.943997
0.001500,5.635636,5.947998
0.001502,5.634996,5.947998
0.001504,5.636902,5.947998
0.001506,5.641346,5.947998
0.001508,5.648324,5.947998
0.001510,5.657824,5.947998
0.001512,5.667048,5.947998
0.001514,5.673709,5.947998
0.001516,5.677810,5.947998
0.001518,5.679354,5.947998
0.001520,5.678346,5.951998
0.001522,5.677582,5.951998
0.001524,5.679348,5.951998
0.001526,5.683635,5.951998
0.001528,5.690438,5.951998
0.001530,5.699748,5.951998
0.001532,5.708766,5.951998
0.001534,5.715204,5.951998
0.001536,5.719066,5.951998
0.001538,5.720355,5.951998
0.001540,5.719076,5.955998
0.001542,5.718025,5.955998
0.001544,5.719488,5.955998
0.001546,5.723457,5.955998
0.001548,5.729927,5.955998
0.001550,5.738890,5.955998
0.001552,5.747545,5.955998
0.001554,5.753605,5.955998
0.001556,5.757075,5.955998
0.001558,5.757957,5.955998
0.001560,5.756257,5.959998
0.001562,5.754772,5.959998
0.001564,5.755786,5.959998
0.001566,5.759293,5.959998
0.001568,5.765287,5.959998
0.001570,5.773760,5.959998
0.001572,5.781913,5.959998
0.001574,5.787459,5.959998
0.001576,5.790402,5.959998
0.001578,5.790746,5.959998
0.001580,5.788494,5.963998
0.001582,5.786446,5.963998
0.001584,5.786886,5.963998
0.001586,5.789809,5.963998
0.001588,5.795206,5.963998
0.001590,5.803072,5.963998
0.001592,5.810606,5.963998
0.001594,5.815524,5.963998
0.001596,5.817829,5.963998
0.001598,5.817523,5.963998
0.001600,5.814615,5.967999
0.001602,5.811902,5.967999
0.001604,5.811666,5.967999
0.001606,5.813903,5.967999
0.001608,5.818609,5.967999
0.001610,5.825775,5.967999
0.001612,5.832602,5.967999
0.001614,5.836805,5.967999
0.001616,5.838387,5.967999
0.001618,5.837352,5.967999
0.001620,5.833708,5.971999
0.001622,5.830252,5.971999
0.001624,5.829268,5.971999
0.001626,5.830752,5.971999
0.001628,5.834700,5.971999
0.001630,5.841103,5.971999
0.001632,5.847162,5.971999
0.001634,5.850593,5.971999
0.001636,5.851398,5.971999
0.001638,5.849584,5.971999
0.001640,5.845156,5.975999
0.001642,5.840914,5.975999
0.001644,5.839141,5.975999
0.001646,5.839835,5.975999
0.001648,5.842988,5.975999
0.001650,5.848596,5.975999
0.001652,5.853858,5.975999
0.001654,5.856491,5.975999
0.001656,5.856498,5.975999
0.001658,5.853885,5.975999
0.001660,5.848659,5.979999
0.001662,5.843617,5.979999
0.001664,5.841047,5.979999
0.001666,5.840943,5.979999
0.001668,5.843300,5.979999
0.001670,5.848113,5.979999
0.001672,5.852582,5.979999
0.001674,5.854425,5.979999
0.001676,5.853646,5.979999
0.001678,5.850247,5.979999
0.001680,5.844238,5.983999
0.001682,5.838418,5.983999
0.001684,5.835072,5.983999
0.001686,5.834195,5.983999
0.001688,5.835785,5.983999
0.001690,5.839836,5.983999
0.001692,5.843548,5.983999
0.001694,5.844637,5.983999
0.001696,5.843109,5.983999
0.001698,5.838969,5.983999
0.001700,5.832224,5.987999
0.001702,5.825674,5.987999
0.001704,5.821606,5.987999
0.001706,5.820014,5.987999
0.001708,5.820894,5.987999
0.001710,5.824242,5.987999
0.001712,5.827260,5.987999
0.001714,5.827662,5.987999
0.001716,5.825456,5.987999
0.001718,5.820646,5.987999
0.001720,5.813240,5.992000
0.001722,5.806038,5.992000
0.001724,5.801326,5.992000
0.001726,5.799101,5.992000
0.001728,5.799358,5.992000
0.001730,5.802093,5.992000
0.001732,5.804506,5.992000
0.001734,5.804316,5.992000
0.001736,5.801526,5.992000
0.001738,5.796144,5.992000
0.001740,5.788177,5.996000
0.001742,5.780424,5.996000
0.001744,5.775173,5.996000
0.001746,5.772419,5.996000
0.001748,5.772161,5.996000
0.001750,5.774391,5.996000
0.001752,5.776312,5.996000
0.001754,5.775642,5.996000
0.001756,5.772385,5.996000
0.001758,5.766549,5.996000
0.001760,5.758139,6.000000
0.001762,5.749958,6.000000
0.001764,5.744291,6.000000
0.001766,5.741135,6.000000
0.001768,5.740486,6.000000
0.001770,5.742341,6.000000
0.001772,5.743900,6.000000
0.001774,5.742879,6.000000
0.001776,5.739287,6.000000
0.001778,5.733130,6.000000
0.001780,5.724413,6.004000
0.001782,5.715938,6.004000
0.001784,5.709992,6.004000
0.001786,5.706571,6.004000
0.001788,5.705672,6.004000
0.001790,5.707291,6.004000
0.001792,5.709136,6.004000
0.001794,5.708416,6.004000
0.001796,5.705137,6.004000
0.001798,5.699306,6.004000
0.001800,5.690928,6.008000
0.001802,5.682805,6.008000
0.001804,5.677222,6.008000
0.001806,5.674178,6.008000
0.001808,5.673668,6.008000
0.001810,5.675687,6.008000
0.001812,5.677945,6.008000
0.001814,5.677649,6.008000
0.001816,5.674805,6.008000
0.001818,5.669419,6.008000
0.001820,5.661498,6.012001
0.001822,5.653844,6.012001
0.001824,5.648741,6.012001
0.001826,5.646186,6.012001
0.001828,5.646175,6.012001
0.001830,5.648704,6.012001
0.001832,5.651481,6.012001
0.001834,5.651714,6.012001
0.001836,5.649409,6.012001
0.001838,5.644571,6.012001
0.001840,5.637208,6.016001
0.001842,5.630117,6.016001
0.001844,5.625587,6.016001
0.001846,5.623614,6.016001
0.001848,5.624193,6.016001
0.001850,5.627317,6.016001
0.001852,5.630699,6.016001
0.001854,5.631543,6.016001
0.001856,5.629855,6.016001
0.001858,5.625642,6.016001
0.001860,5.618909,6.020001
0.001862,5.612456,6.020001
0.001864,5.608569,6.020001
0.001866,5.607244,6.020001
0.001868,5.608475,6.020001
0.001870,5.612259,6.020001
0.001872,5.616303,6.020001
0.001874,5.617815,6.020001
0.001876,5.616799,6.020001
0.001878,5.613261,6.020001
0.001880,5.607207,6.024001
0.001882,5.601437,6.024001
0.001884,5.598235,6.024001
0.001886,5.597599,6.024001
0.001888,5.599522,6.024001
0.001890,5.604000,6.024001
0.001892,5.608739,6.024001
0.001894,5.610949,6.024001
0.001896,5.610632,6.024001
0.001898,5.607793,6.024001
0.001900,5.602438,6.028001
0.001902,5.597369,6.028001
0.001904,5.594868,6.028001
0.001906,5.594931,6.028001
0.001908,5.597554,6.028001
0.001910,5.602730,6.028001
0.001912,5.608168,6.028001
0.001914,5.611074,6.028001
0.001916,5.611454,6.028001
0.001918,5.609308,6.028001
0.001920,5.604647,6.032001
0.001922,5.600267,6.032001
0.001924,5.598454,6.032001
0.001926,5.599201,6.032001
0.001928,5.602506,6.032001
0.001930,5.608360,6.032001
0.001932,5.614473,6.032001
0.001934,5.618050,6.032001
0.001936,5.619096,6.032001
0.001938,5.617614,6.032001
0.001940,5.613609,6.036002
0.001942,5.609882,6.036002
0.001944,5.608716,6.036002
0.001946,5.610107,6.036002
0.001948,5.614049,6.036002
0.001950,5.620535,6.036002
0.001952,5.627273,6.036002
0.001954,5.631468,6.036002
0.001956,5.633124,6.036002
0.001958,5.632246,6.036002
0.001960,5.628839,6.040002
0.001962,5.625703,6.040002
0.001964,5.625120,6.040002
0.001966,5.627086,6.040002
0.001968,5.631594,6.040002
0.001970,5.638638,6.040002
0.001972,5.645927,6.040002
0.001974,5.650664,6.040002
0.001976,5.652854,6.040002
0.001978,5.652502,6.040002
0.001980,5.649611,6.040002
0.001982,5.646473,6.044002
0.001984,5.645880,6.044002
0.001986,5.647828,6.044002
0.001988,5.652311,6.044002
0.001990,5.659322,6.044002
0.001992,5.666567,6.044002
0.001994,5.671254,6.044002
0.001996,5.673386,6.044002
0.001998,5.672966,6.044002
0.002000,5.670000,6.048002
0.002002,5.667286,6.048002
0.002004,5.667109,6.048002
0.002006,5.669463,6.048002
0.002008,5.674342,6.048002
0.002010,5.681738,6.048002
0.002012,5.689361,6.048002
0.002014,5.694414,6.048002
0.002016,5.696902,6.048002
0.002018,5.696830,6.048002
0.002020,5.694201,6.052002
0.002022,5.691814,6.052002
0.002024,5.691954,6.052002
0.002026,5.694613,6.052002
0.002028,5.699787,6.052002
0.002030,5.707469,6.052002
0.002032,5.715364,6.052002
0.002034,5.720681,6.052002
0.002036,5.723423,6.052002
0.002038,5.723590,6.052002
0.002040,5.721190,6.052002
0.002042,5.718513,6.056003
0.002044,5.718352,6.056003
0.002046,5.720702,6.056003
0.002048,5.725556,6.056003
0.002050,5.732908,6.056003
0.002052,5.740465,6.056003
0.002054,5.745434,6.056003
0.002056,5.747817,6.056003
0.002058,5.747618,6.056003
0.002060,5.744843,6.060003
0.002062,5.742290,6.060003
0.002064,5.742242,6.060003
0.002066,5.744696,6.060003
0.002068,5.749645,6.060003
0.002070,5.757082,6.060003
0.002072,5.764713,6.060003
0.002074,5.769746,6.060003
0.002076,5.772184,6.060003
0.002078,5.772031,6.060003
0.002080,5.769291,6.064003
0.002082,5.766764,6.064003
0.002084,5.766732,6.064003
0.002086,5.769192,6.064003
0.002088,5.774137,6.064003
0.002090,5.781559,6.064003
0.002092,5.789167,6.064003
0.002094,5.794168,6.064003
0.002096,5.796563,6.064003
0.002098,5.796357,6.064003
0.002100,5.793555,6.064003
0.002102,5.790448,6.068003
0.002104,5.789829,6.068003
0.002106,5.791694,6.068003
0.002108,5.796035,6.068003
0.002110,5.802847,6.068003
0.002112,5.809837,6.068003
0.002114,5.814212,6.068003
0.002116,5.815974,6.068003
0.002118,5.815129,6.068003
0.002120,5.811682,6.072003
0.002122,5.808433,6.072003
0.002124,5.807665,6.072003
0.002126,5.809372,6.072003
0.002128,5.813550,6.072003
0.002130,5.820191,6.072003
0.002132,5.827003,6.072003
0.002134,5.831193,6.072003
0.002136,5.832767,6.072003
0.002138,5.831726,6.072003
0.002140,5.828077,6.076004
0.002142,5.824619,6.076004
0.002144,5.823635,6.076004
0.002146,5.825122,6.076004
0.002148,5.829073,6.076004
0.002150,5.835482,6.076004
0.002152,5.842057,6.076004
0.002154,5.846004,6.076004
0.002156,5.847328,6.076004
0.002158,5.846033,6.076004
0.002160,5.842124,6.076004
0.002162,5.837893,6.080004
0.002164,5.836133,6.080004
0.002166,5.836841,6.080004
0.002168,5.840010,6.080004
0.002170,5.845634,6.080004
0.002172,5.851421,6.080004
0.002174,5.854579,6.080004
0.002176,5.855111,6.080004
0.002178,5.853023,6.080004
0.002180,5.848320,6.084004
0.002182,5.843801,6.084004
0.002184,5.841752,6.084004
0.002186,5.842168,6.084004
0.002188,5.845044,6.084004
0.002190,5.850374,6.084004
0.002192,5.855866,6.084004
0.002194,5.858727,6.084004
0.002196,5.858963,6.084004
0.002198,5.856577,6.084004
0.002200,5.851575,6.088004
0.002202,5.846756,6.088004
0.002204,5.844407,6.088004
0.002206,5.844522,6.088004
0.002208,5.847096,6.088004
0.002210,5.852125,6.088004
0.002212,5.857315,6.088004
0.002214,5.859875,6.088004
0.002216,5.859807,6.088004
0.002218,5.857119,6.088004
0.002220,5.851815,6.092004
0.002222,5.846696,6.092004
0.002224,5.844046,6.092004
0.002226,5.843863,6.092004
0.002228,5.846139,6.092004
0.002230,5.850870,6.092004
0.002232,5.855764,6.092004
0.002234,5.858029,6.092004
0.002236,5.857669,6.092004
0.002238,5.854688,6.092004
0.002240,5.849094,6.096004
0.002242,5.843686,6.096004
0.002244,5.840749,6.096004
0.002246,5.840280,6.096004
0.002248,5.842272,6.096004
0.002250,5.846723,6.096004
0.002252,5.851338,6.096004
0.002254,5.853325,6.096004
0.002256,5.852690,6.096004
0.002258,5.849437,6.096004
0.002260,5.843574,6.100005
0.002262,5.837900,6.100005
0.002264,5.834699,6.100005
0.002266,5.833969,6.100005
0.002268,5.835703,6.100005
0.002270,5.839899,6.100005
0.002272,5.844264,6.100005
0.002274,5.846002,6.100005
0.002276,5.845123,6.100005
0.002278,5.841630,6.100005
0.002280,5.835529,6.104005
0.002282,5.829621,6.104005
0.002284,5.826191,6.104005
0.002286,5.825235,6.104005
0.002288,5.826749,6.104005
0.002290,5.830726,6.104005
0.002292,5.834877,6.104005
0.002294,5.836407,6.104005
0.002296,5.835322,6.104005
0.002298,5.831627,6.104005
0.002300,5.825331,6.108005
0.002302,5.819231,6.108005
0.002304,5.815611,6.108005
0.002306,5.814472,6.108005
0.002308,5.815807,6.108005
0.002310,5.819611,6.108005
0.002312,5.823592,6.108005
0.002314,5.824958,6.108005
0.002316,5.823714,6.108005
0.002318,5.819865,6.108005
0.002320,5.813418,6.112005
0.002322,5.807174,6.112005
0.002324,5.803417,6.112005
0.002326,5.802144,6.112005
0.002328,5.803350,6.112005
0.002330,5.807031,6.112005
0.002332,5.810894,6.112005
0.002334,5.812147,6.112005
0.002336,5.810795,6.112005
0.002338,5.806845,6.112005
0.002340,5.800302,6.116005
0.002342,5.793966,6.116005
0.002344,5.790123,6.116005
0.002346,5.788770,6.116005
0.002348,5.789900,6.116005
0.002350,5.793509,6.116005
0.002352,5.797308,6.116005
0.002354,5.798503,6.116005
0.002356,5.797100,6.116005
0.002358,5.793101,6.116005
0.002360,5.786517,6.120006
0.002362,5.780145,6.120006
0.002364,5.776272,6.120006
0.002366,5.774894,6.120006
0.002368,5.776006,6.120006
0.002370,5.779603,6.120006
0.002372,5.783395,6.120006
0.002374,5.784587,6.120006
0.002376,5.783186,6.120006
0.002378,5.779197,6.120006
0.002380,5.772626,6.124006
0.002382,5.766274,6.124006
0.002384,5.762426,6.124006
0.002386,5.761079,6.124006
0.002388,5.762227,6.124006
0.002390,5.765866,6.124006
0.002392,5.770161,6.124006
0.002394,5.771913,6.124006
0.002396,5.771074,6.124006
0.002398,5.767652,6.124006
0.002400,5.761653,6.128006
0.002402,5.755875,6.128006
0.002404,5.752603,6.128006
0.002406,5.751835,6.128006
0.002408,5.753565,6.128006
0.002410,5.757788,6.128006
0.002412,5.762669,6.128006
0.002414,5.765007,6.128006
0.002416,5.764759,6.128006
0.002418,5.761927,6.128006
0.002420,5.756519,6.132006
0.002422,5.751334,6.132006
0.002424,5.748656,6.132006
0.002426,5.748481,6.132006
0.002428,5.750805,6.132006
0.002430,5.755621,6.132006
0.002432,5.761096,6.132006
0.002434,5.764028,6.132006
0.002436,5.764371,6.132006
0.002438,5.762131,6.132006
0.002440,5.757310,6.136006
0.002442,5.752713,6.136006
0.002444,5.750622,6.136006
0.002446,5.751031,6.136006
0.002448,5.753937,6.136006
0.002450,5.759334,6.136006
0.002452,5.765386,6.136006
0.002454,5.768892,6.136006
0.002456,5.769807,6.136006
0.002458,5.768134,6.136006
0.002460,5.763880,6.140007
0.002462,5.759844,6.140007
0.002464,5.758309,6.140007
0.002466,5.759271,6.140007
0.002468,5.762725,6.140007
0.002470,5.768666,6.140007
0.002472,5.775257,6.140007
0.002474,5.779298,6.140007
0.002476,5.780742,6.140007
0.002478,5.779592,6.140007
0.002480,5.775856,6.144007
0.002482,5.772330,6.144007
0.002484,5.771301,6.144007
0.002486,5.772763,6.144007
0.002488,5.776711,6.144007
0.002490,5.783138,6.144007
0.002492,5.790208,6.144007
0.002494,5.794722,6.144007
0.002496,5.796630,6.144007
0.002498,5.795939,6.144007
0.002500,5.792653,6.148007
0.002502,5.789571,6.148007
0.002504,5.788978,6.148007
0.002506,5.790866,6.148007
0.002508,5.795233,6.148007
0.002510,5.802071,6.148007
0.002512,5.809544,6.148007
0.002514,5.814451,6.148007
0.002516,5.816746,6.148007
0.002518,5.816432,6.148007
0.002520,5.813514,6.152007
0.002522,5.810791,6.152007
0.002524,5.810548,6.152007
0.002526,5.812778,6.152007
0.002528,5.817476,6.152007
0.002530,5.824636,6.152007
0.002532,5.832421,6.152007
0.002534,5.837630,6.152007
0.002536,5.840217,6.152007
0.002538,5.840185,6.152007
0.002540,5.837540,6.156007
0.002542,5.835079,6.156007
0.002544,5.835087,6.156007
0.002546,5.837559,6.156007
0.002548,5.842488,6.156007
0.002550,5.849868,6.156007
0.002552,5.857863,6.156007
0.002554,5.863273,6.156007
0.002556,5.866048,6.156007
0.002558,5.866194,6.156007
0.002560,5.863717,6.160007
0.002562,5.861413,6.160007
0.002564,5.861567,6.160007
0.002566,5.864173,6.160007
0.002568,5.869226,6.160007
0.002570,5.876719,6.160007
0.002572,5.884817,6.160007
0.002574,5.890317,6.160007
0.002576,5.893173,6.160007
0.002578,5.893388,6.160007
0.002580,5.890967,6.164008
0.002582,5.888710,6.164008
0.002584,5.888900,6.164008
0.002586,5.891532,6.164008
0.002588,5.896598,6.164008
0.002590,5.904095,6.164008
0.002592,5.912184,6.164008
0.002594,5.917666,6.164008
0.002596,5.920492,6.164008
0.002598,5.920667,6.164008
0.002600,5.918195,6.164008
0.002602,5.915877,6.164008
0.002604,5.915994,6.164008
0.002606,5.918542,6.164008
0.002608,5.923515,6.164008
0.002610,5.930907,6.164008
0.002612,5.938881,6.164008
0.002614,5.944237,6.164008
0.002616,5.946928,6.164008
0.002618,5.946956,6.164008
0.002620,5.944328,6.164008
0.002622,5.941336,6.164008
0.002624,5.940770,6.164008
0.002626,5.942627,6.164008
0.002628,5.946900,6.164008
0.002630,5.953585,6.164008
0.002632,5.960844,6.164008
0.002634,5.965477,6.164008
0.002636,5.967437,6.164008
0.002638,5.966729,6.164008
0.002640,5.963358,6.164008
0.002642,5.960124,6.164008
0.002644,5.959309,6.164008
0.002646,5.960910,6.164008
0.002648,5.964922,6.164008
0.002650,5.971338,6.164008
0.002652,5.978321,6.164008
0.002654,5.982673,6.164008
0.002656,5.984344,6.164008
0.002658,5.983343,6.164008
0.002660,5.979672,6.164008
0.002662,5.976130,6.164008
0.002664,5.975004,6.164008
0.002666,5.976286,6.164008
0.002668,5.979975,6.164008
0.002670,5.986061,6.164008
0.002672,5.992711,6.164008
0.002674,5.996724,6.164008
0.002676,5.998052,6.164008
0.002678,5.996701,6.164008
0.002680,5.992676,6.164008
0.002682,5.988270,6.164008
0.002684,5.986274,6.164008
0.002686,5.986686,6.164008
0.002688,5.989501,6.164008
0.002690,5.994711,6.164008
0.002692,6.000484,6.164008
0.002694,6.003618,6.164008
0.002696,6.004066,6.164008
0.002698,6.001835,6.164008
0.002700,5.996928,6.164008
0.002702,5.992149,6.164008
0.002704,5.989779,6.164008
0.002706,5.989817,6.164008
0.002708,5.992256,6.164008
0.002710,5.997091,6.164008
0.002712,6.002489,6.164008
0.002714,6.005247,6.164008
0.002716,6.005320,6.164008
0.002718,6.002713,6.164008
0.002720,5.997435,6.164008
0.002722,5.992280,6.164008
0.002724,5.989538,6.164008
0.002726,5.989203,6.164008
0.002728,5.991271,6.164008
0.002730,5.995735,6.164008
0.002732,6.000762,6.164008
0.002734,6.003152,6.164008
0.002736,6.002860,6.164008
0.002738,5.999888,6.164008
0.002740,5.994245,6.164008
0.002742,5.988730,6.164008
0.002744,5.985629,6.164008
0.002746,5.984938,6.164008
0.002748,5.986651,6.164008
0.002750,5.990765,6.164008
0.002752,5.995443,6.164008
0.002754,5.997488,6.164008
0.002756,5.996851,6.164008
0.002758,5.993540,6.164008
0.002760,5.987561,6.164008
0.002762,5.981713,6.164008
0.002764,5.978281,6.164008
0.002766,5.977263,6.164008
0.002768,5.978654,6.164008
0.002770,5.982449,6.164008
0.002772,5.986813,6.164008
0.002774,5.988546,6.164008
0.002776,5.987603,6.164008
0.002778,5.983989,6.164008
0.002780,5.977712,6.164008
0.002782,5.971570,6.164008
0.002784,5.967850,6.164008
0.002786,5.966548,6.164008
0.002788,5.967660,6.164008
0.002790,5.971181,6.164008
0.002792,5.975276,6.164008
0.002794,5.976745,6.164008
0.002796,5.975543,6.164008
0.002798,5.971676,6.164008
0.002800,5.965151,6.164008
0.002802,5.958767,6.164008
0.002804,5.954811,6.164008
0.002806,5.953278,6.164008
0.002808,5.954164,6.164008
0.002810,5.957465,6.164008
0.002812,5.961347,6.164008
0.002814,5.962609,6.164008
0.002816,5.961206,6.164008
0.002818,5.957144,6.164008
0.002820,5.950429,6.164008
0.002822,5.943862,6.164008
0.002824,5.939730,6.164008
0.002826,5.938027,6.164008
0.002828,5.938750,6.164008
0.002830,5.941893,6.164008
0.002832,5.945623,6.164008
0.002834,5.946741,6.164008
0.002836,5.945200,6.164008
0.002838,5.941008,6.164008
0.002840,5.934169,6.164008
0.002842,5.927485,6.164008
0.002844,5.923241,6.164008
0.002846,5.921434,6.164008
0.002848,5.922061,6.164008
0.002850,5.925114,6.164008
0.002852,5.928761,6.164008
0.002854,5.929803,6.164008
0.002856,5.928193,6.164008
0.002858,5.923938,6.164008
0.002860,5.917044,6.164008
0.002862,5.910311,6.164008
0.002864,5.906025,6.164008
0.002866,5.904184,6.164008
0.002868,5.904782,6.164008
0.002870,5.907815,6.164008
0.002872,5.911448,6.164008
0.002874,5.912483,6.164008
0.002876,5.910873,6.164008
0.002878,5.906625,6.164008
0.002880,5.899744,6.168008
0.002882,5.893033,6.168008
0.002884,5.888775,6.168008
0.002886,5.886968,6.168008
0.002888,5.887607,6.168008
0.002890,5.890688,6.168008
0.002892,5.894376,6.168008
0.002894,5.895472,6.168008
0.002896,5.893930,6.168008
0.002898,5.889757,6.168008
0.002900,5.882960,6.172008
0.002902,5.876336,6.172008
0.002904,5.872173,6.172008
0.002906,5.870466,6.172008
0.002908,5.871213,6.172008
0.002910,5.874407,6.172008
0.002912,5.878216,6.172008
0.002914,5.879438,6.172008
0.002916,5.878029,6.172008
0.002918,5.873992,6.172008
0.002920,5.867339,6.176008
0.002922,5.860866,6.176008
0.002924,5.856859,6.176008
0.002926,5.855315,6.176008
0.002928,5.856230,6.176008
0.002930,5.859598,6.176008
0.002932,5.863585,6.176008
0.002934,5.864992,6.176008
0.002936,5.863774,6.176008
0.002938,5.859934,6.176008
0.002940,5.853480,6.180008
0.002942,5.847212,6.180008
0.002944,5.843416,6.180008
0.002946,5.842088,6.180008
0.002948,5.843223,6.180008
0.002950,5.846816,6.180008
0.002952,5.851033,6.180008
0.002954,5.852676,6.180008
0.002956,5.851696,6.180008
0.002958,5.848099,6.180008
0.002960,5.841893,6.184009
0.002962,5.835876,6.184009
0.002964,5.832336,6.184009
0.002966,5.831267,6.184009
0.002968,5.832666,6.184009
0.002970,5.836527,6.184009
0.002972,5.841014,6.184009
0.002974,5.842928,6.184009
0.002976,5.842226,6.184009
0.002978,5.838910,6.184009
0.002980,5.832987,6.188009
0.002982,5.827260,6.188009
0.002984,5.824008,6.188009
0.002986,5.823231,6.188009
0.002988,5.824925,6.188009
0.002990,5.829083,6.188009
0.002992,5.833870,6.188009
0.002994,5.836088,6.188009
0.002996,5.835689,6.188009
0.002998,5.832679,6.188009
0.003000,5.827065,6.192009
0.003002,5.821646,6.192009
0.003004,5.818708,6.192009
0.003006,5.818244,6.192009
0.003008,5.820253,6.192009
0.003010,5.824727,6.192009
0.003012,5.829833,6.192009
0.003014,5.832368,6.192009
0.003016,5.832288,6.192009
0.003018,5.829598,6.192009
0.003020,5.824303,6.196009
0.003022,5.819205,6.196009
0.003024,5.816587,6.196009
0.003026,5.816445,6.196009
0.003028,5.818774,6.196009
0.003030,5.823569,6.196009
0.003032,5.828994,6.196009
0.003034,5.831851,6.196009
0.003036,5.832091,6.196009
0.003038,5.829720,6.196009
0.003040,5.824745,6.200009
0.003042,5.819963,6.200009
0.003044,5.817661,6.200009
0.003046,5.817835,6.200009
0.003048,5.820479,6.200009
0.003050,5.825587,6.200009
0.003052,5.831323,6.200009
0.003054,5.834490,6.200009
0.003056,5.835039,6.200009
0.003058,5.832976,6.200009
0.003060,5.828306,6.204010
0.003062,5.823828,6.204010
0.003064,5.821828,6.204010
0.003066,5.822300,6.204010
0.003068,5.825241,6.204010
0.003070,5.830643,6.204010
0.003072,5.836671,6.204010
0.003074,5.840126,6.204010
0.003076,5.840961,6.204010
0.003078,5.839180,6.204010
0.003080,5.834789,6.208010
0.003082,5.830588,6.208010
0.003084,5.828861,6.208010
0.003086,5.829603,6.208010
0.003088,5.832810,6.208010
0.003090,5.838475,6.208010
0.003092,5.844762,6.208010
0.003094,5.848473,6.208010
0.003096,5.849558,6.208010
0.003098,5.848025,6.208010
0.003100,5.843878,6.212010
0.003102,5.839916,6.212010
0.003104,5.838425,6.212010
0.003106,5.839398,6.212010
0.003108,5.842832,6.212010
0.003110,5.848719,6.212010
0.003112,5.855224,6.212010
0.003114,5.859148,6.212010
0.003116,5.860443,6.212010
0.003118,5.859115,6.212010
0.003120,5.855166,6.216010
0.003122,5.851399,6.216010
0.003124,5.850096,6.216010
0.003126,5.851254,6.216010
0.003128,5.854866,6.216010
0.003130,5.860926,6.216010
0.003132,5.867600,6.216010
0.003134,5.871687,6.216010
0.003136,5.873140,6.216010
0.003138,5.871963,6.216010
0.003140,5.868160,6.220010
0.003142,5.864534,6.220010
0.003144,5.863368,6.220010
0.003146,5.864655,6.220010
0.003148,5.868392,6.220010
0.003150,5.874571,6.220010
0.003152,5.881358,6.220010
0.003154,5.885553,6.220010
0.003156,5.887107,6.220010
0.003158,5.886026,6.220010
0.003160,5.882315,6.224010
0.003162,5.878773,6.224010
0.003164,5.877685,6.224010
0.003166,5.879045,6.224010
0.003168,5.882849,6.224010
0.003170,5.889089,6.224010
0.003172,5.895931,6.224010
0.003174,5.900175,6.224010
0.003176,5.901772,6.224010
0.003178,5.900728,6.224010
0.003180,5.897048,6.228011
0.003182,5.893532,6.228011
0.003184,5.892463,6.228011
0.003186,5.893836,6.228011
0.003188,5.897648,6.228011
0.003190,5.903891,6.228011
0.003192,5.910729,6.228011
0.003194,5.914962,6.228011
0.003196,5.916544,6.228011
0.003198,5.915478,6.228011
0.003200,5.911771,6.228011
0.003202,5.908221,6.228011
0.003204,5.907112,6.228011
0.003206,5.908440,6.228011
0.003208,5.912200,6.228011
0.003210,5.918386,6.228011
0.003212,5.925160,6.228011
0.003214,5.929326,6.228011
0.003216,5.930834,6.228011
0.003218,5.929688,6.228011
0.003220,5.925896,6.228011
0.003222,5.922255,6.228011
0.003224,5.921051,6.228011
0.003226,5.922279,6.228011
0.003228,5.925932,6.228011
0.003230,5.932005,6.228011
0.003232,5.938663,6.228011
0.003234,5.942706,6.228011
0.003236,5.944087,6.228011
0.003238,5.942809,6.228011
0.003240,5.938879,6.228011
0.003242,5.935096,6.228011
0.003244,5.933744,6.228011
0.003246,5.934819,6.228011
0.003248,5.938317,6.228011
0.003250,5.944229,6.228011
0.003252,5.950721,6.228011
0.003254,5.954593,6.228011
0.003256,5.955798,6.228011
0.003258,5.954342,6.228011
0.003260,5.950229,6.228011
0.003262,5.946259,6.228011
0.003264,5.944716,6.228011
0.003266,5.945596,6.228011
0.003268,5.948894,6.228011
0.003270,5.954604,6.228011
0.003272,5.960890,6.228011
0.003274,5.964552,6.228011
0.003276,5.965544,6.228011
0.003278,5.963870,6.228011
0.003280,5.959537,6.228011
0.003282,5.955342,6.228011
0.003284,5.953572,6.228011
0.003286,5.954221,6.228011
0.003288,5.957286,6.228011
0.003290,5.962759,6.228011
0.003292,5.968805,6.228011
0.003294,5.972226,6.228011
0.003296,5.972974,6.228011
0.003298,5.971054,6.228011
0.003300,5.966470,6.228011
0.003302,5.962025,6.228011
0.003304,5.960001,6.228011
0.003306,5.960394,6.228011
0.003308,5.963201,6.228011
0.003310,5.968414,6.228011
0.003312,5.974199,6.228011
0.003314,5.977357,6.228011
0.003316,5.977839,6.228011
0.003318,5.975652,6.228011
0.003320,5.970801,6.228011
0.003322,5.966087,6.228011
0.003324,5.963794,6.228011
0.003326,5.963917,6.228011
0.003328,5.966453,6.228011
0.003330,5.971394,6.228011
0.003332,5.976907,6.228011
0.003334,5.979791,6.228011
0.003336,5.980000,6.228011
0.003338,5.977540,6.228011
0.003340,5.972415,6.228011
0.003342,5.967427,6.228011
0.003344,5.964859,6.228011
0.003346,5.964708,6.228011
0.003348,5.966969,6.228011
0.003350,5.971637,6.228011
0.003352,5.976877,6.228011
0.003354,5.979488,6.228011
0.003356,5.979426,6.228011
0.003358,5.976695,6.228011
0.003360,5.971300,6.228011
0.003362,5.966042,6.228011
0.003364,5.963206,6.228011
0.003366,5.962788,6.228011
0.003368,5.964783,6.228011
0.003370,5.969186,6.228011
0.003372,5.974164,6.228011
0.003374,5.976514,6.228011
0.003376,5.976190,6.228011
0.003378,5.973201,6.228011
0.003380,5.967550,6.228011
0.003382,5.962039,6.228011
0.003384,5.958951,6.228011
0.003386,5.958283,6.228011
0.003388,5.960032,6.228011
0.003390,5.964190,6.228011
0.003392,5.968925,6.228011
0.003394,5.971037,6.228011
0.003396,5.970479,6.228011
0.003398,5.967255,6.228011
0.003400,5.961373,6.228011
0.003402,5.955634,6.228011
0.003404,5.952321,6.228011
0.003406,5.951431,6.228011
0.003408,5.952960,6.228011
0.003410,5.956903,6.228011
0.003412,5.961425,6.228011
0.003414,5.963328,6.228011
0.003416,5.962563,6.228011
0.003418,5.959136,6.228011
0.003420,5.953056,6.228011
0.003422,5.947122,6.228011
0.003424,5.943618,6.228011
0.003426,5.942542,6.228011
0.003428,5.943888,6.228011
0.003430,5.947651,6.228011
0.003432,5.951997,6.228011
0.003434,5.953729,6.228011
0.003436,5.952797,6.228011
0.003438,5.949209,6.228011
0.003440,5.942970,6.228011
0.003442,5.936881,6.228011
0.003444,5.933226,6.228011
0.003446,5.932003,6.228011
0.003448,5.933209,6.228011
0.003450,5.936836,6.228011
0.003452,5.941052,6.228011
0.003454,5.942656,6.228011
0.003456,5.941601,6.228011
0.003458,5.937895,6.228011
0.003460,5.931544,6.228011
0.003462,5.925348,6.228011
0.003464,5.921592,6.228011
0.003466,5.920272,6.228011
0.003468,5.921386,6.228011
0.003470,5.924925,6.228011
0.003472,5.929057,6.228011
0.003474,5.930583,6.228011
0.003476,5.929455,6.228011
0.003478,5.925681,6.228011
0.003480,5.919266,6.228011
0.003482,5.913012,6.228011
0.003484,5.909202,6.228011
0.003486,5.907834,6.228011
0.003488,5.908903,6.228011
0.003490,5.912405,6.228011
0.003492,5.916503,6.228011
0.003494,5.918001,6.228011
0.003496,5.916851,6.228011
0.003498,5.913058,6.228011
0.003500,5.906631,6.228011
0.003502,5.900368,6.228011
0.003504,5.896555,6.228011
0.003506,5.895190,6.228011
0.003508,5.896266,6.228011
0.003510,5.899779,6.228011
0.003512,5.903895,6.228011
0.003514,5.905415,6.228011
0.003516,5.904292,6.228011
0.003518,5.900532,6.228011
0.003520,5.894141,6.232011
0.003522,5.887921,6.232011
0.003524,5.884156,6.232011
0.003526,5.882842,6.232011
0.003528,5.883976,6.232011
0.003530,5.887551,6.232011
0.003532,5.891735,6.232011
0.003534,5.893326,6.232011
0.003536,5.892280,6.232011
0.003538,5.888600,6.232011
0.003540,5.882294,6.236011
0.003542,5.876164,6.236011
0.003544,5.872493,6.236011
0.003546,5.871278,6.236011
0.003548,5.872514,6.236011
0.003550,5.876197,6.236011
0.003552,5.880492,6.236011
0.003554,5.882200,6.236011
0.003556,5.881273,6.236011
0.003558,5.877718,6.236011
0.003560,5.871542,6.240011
0.003562,5.865544,6.240011
0.003564,5.862009,6.240011
0.003566,5.860935,6.240011
0.003568,5.862316,6.240011
0.003570,5.866146,6.240011
0.003572,5.870593,6.240011
0.003574,5.872456,6.240011
0.003576,5.871688,6.240011
0.003578,5.868295,6.240011
0.003580,5.862285,6.244011
0.003582,5.856456,6.244011
0.003584,5.853095,6.244011
0.003586,5.852196,6.244011
0.003588,5.853755,6.244011
0.003590,5.857769,6.244011
0.003592,5.862806,6.244011
0.003594,5.865364,6.244011
0.003596,5.865292,6.244011
0.003598,5.862596,6.244011
0.003600,5.857284,6.248012
0.003602,5.852154,6.248012
0.003604,5.849491,6.248012
0.003606,5.849291,6.248012
0.003608,5.851550,6.248012
0.003610,5.856261,6.248012
0.003612,5.861997,6.248012
0.003614,5.865251,6.248012
0.003616,5.865874,6.248012
0.003618,5.863874,6.248012
0.003620,5.859253,6.252012
0.003622,5.854812,6.252012
0.003624,5.852837,6.252012
0.003626,5.853322,6.252012
0.003628,5.856262,6.252012
0.003630,5.861651,6.252012
0.003632,5.868062,6.252012
0.003634,5.871986,6.252012
0.003636,5.873277,6.252012
0.003638,5.871937,6.252012
0.003640,5.867974,6.256012
0.003642,5.864186,6.256012
0.003644,5.862858,6.256012
0.003646,5.863986,6.256012
0.003648,5.867563,6.256012
0.003650,5.873584,6.256012
0.003652,5.880620,6.256012
0.003654,5.885164,6.256012
0.003656,5.887066,6.256012
0.003658,5.886333,6.256012
0.003660,5.882970,6.260012
0.003662,5.879774,6.260012
0.003664,5.879031,6.260012
0.003666,5.880735,6.260012
0.003668,5.884881,6.260012
0.003670,5.891463,6.260012
0.003672,5.899051,6.260012
0.003674,5.904139,6.260012
0.003676,5.906578,6.260012
0.003678,5.906371,6.260012
0.003680,5.903524,6.260012
0.003682,5.900837,6.260012
0.003684,5.900593,6.260012
0.003686,5.902786,6.260012
0.003688,5.907412,6.260012
0.003690,5.914463,6.260012
0.003692,5.922510,6.260012
0.003694,5.928047,6.260012
0.003696,5.930923,6.260012
0.003698,5.931145,6.260012
0.003700,5.928715,6.260012
0.003702,5.926434,6.260012
0.003704,5.926584,6.260012
0.003706,5.929161,6.260012
0.003708,5.934159,6.260012
0.003710,5.941572,6.260012
0.003712,5.949969,6.260012
0.003714,5.955843,6.260012
0.003716,5.959048,6.260012
0.003718,5.959583,6.260012
0.003720,5.957456,6.260012
0.003722,5.955465,6.260012
0.003724,5.955894,6.260012
0.003726,5.958737,6.260012
0.003728,5.963989,6.260012
0.003730,5.971642,6.260012
0.003732,5.980268,6.260012
0.003734,5.986358,6.260012
0.003736,5.989764,6.260012
0.003738,5.990490,6.260012
0.003740,5.988541,6.260012
0.003742,5.986714,6.260012
0.003744,5.987296,6.260012
0.003746,5.990278,6.260012
0.003748,5.995656,6.260012
0.003750,6.003424,6.260012
0.003752,6.012150,6.260012
0.003754,6.018329,6.260012
0.003756,6.021810,6.260012
0.003758,6.022597,6.260012
0.003760,6.020697,6.260012
0.003762,6.018908,6.260012
0.003764,6.019512,6.260012
0.003766,6.022505,6.260012
0.003768,6.027881,6.260012
0.003770,6.035633,6.260012
0.003772,6.044331,6.260012
0.003774,6.050467,6.260012
0.003776,6.053895,6.260012
0.003778,6.054616,6.260012
0.003780,6.052637,6.260012
0.003782,6.050754,6.260012
0.003784,6.051253,6.260012
0.003786,6.054129,6.260012
0.003788,6.059375,6.260012
0.003790,6.066985,6.260012
0.003792,6.075528,6.260012
0.003794,6.081499,6.260012
0.003796,6.084749,6.260012
0.003798,6.085280,6.260012
0.003800,6.083099,6.260012
0.003802,6.081003,6.260012
0.003804,6.081277,6.260012
0.003806,6.083916,6.260012
0.003808,6.088914,6.260012
0.003810,6.096264,6.260012
0.003812,6.104537,6.260012
0.003814,6.110226,6.260012
0.003816,6.113182,6.260012
0.003818,6.113410,6.260012
0.003820,6.110914,6.256012
0.003822,6.108494,6.256012
0.003824,6.108433,6.256012
0.003826,6.110727,6.256012
0.003828,6.115369,6.256012
0.003830,6.122353,6.256012
0.003832,6.130250,6.256012
0.003834,6.135555,6.256012
0.003836,6.138118,6.256012
0.003838,6.137942,6.256012
0.003840,6.135035,6.252012
0.003842,6.132194,6.252012
0.003844,6.131703,6.252012
0.003846,6.133559,6.252012
0.003848,6.137756,6.252012
0.003850,6.144286,6.252012
0.003852,6.151721,6.252012
0.003854,6.156557,6.252012
0.003856,6.158642,6.252012
0.003858,6.157982,6.252012
0.003860,6.154583,6.248012
0.003862,6.151243,6.248012
0.003864,6.150248,6.248012
0.003866,6.151590,6.248012
0.003868,6.155268,6.248012
0.003870,6.161275,6.248012
0.003872,6.168181,6.248012
0.003874,6.172482,6.248012
0.003876,6.174026,6.248012
0.003878,6.172822,6.248012
0.003880,6.168873,6.244011
0.003882,6.164979,6.244011
0.003884,6.163426,6.244011
0.003886,6.164207,6.244011
0.003888,6.167319,6.244011
0.003890,6.172756,6.244011
0.003892,6.179088,6.244011
0.003894,6.182811,6.244011
0.003896,6.183776,6.244011
0.003898,6.181989,6.244011
0.003900,6.177454,6.240011
0.003902,6.172973,6.240011
0.003904,6.170830,6.240011
0.003906,6.171020,6.240011
0.003908,6.173538,6.240011
0.003910,6.178380,6.240011
0.003912,6.183713,6.240011
0.003914,6.186333,6.240011
0.003916,6.186196,6.240011
0.003918,6.183308,6.240011
0.003920,6.177674,6.236011
0.003922,6.172095,6.232011
0.003924,6.168855,6.232011
0.003926,6.167953,6.232011
0.003928,6.169384,6.232011
0.003930,6.173141,6.232011
0.003932,6.177393,6.232011
0.003934,6.178938,6.232011
0.003936,6.177731,6.232011
0.003938,6.173778,6.232011
0.003940,6.167085,6.232011
0.003942,6.160454,6.232011
0.003944,6.156170,6.232011
0.003946,6.154230,6.232011
0.003948,6.154628,6.232011
0.003950,6.157363,6.232011
0.003952,6.160600,6.232011
0.003954,6.161139,6.232011
0.003956,6.158935,6.232011
0.003958,6.153994,6.232011
0.003960,6.146325,6.232011
0.003962,6.138218,6.228011
0.003964,6.132472,6.228011
0.003966,6.129081,6.228011
0.003968,6.128043,6.228011
0.003970,6.129354,6.228011
0.003972,6.131180,6.228011
0.003974,6.130324,6.228011
0.003976,6.126740,6.228011
0.003978,6.120433,6.228011
0.003980,6.111415,6.224010
0.003982,6.102485,6.220010
0.003984,6.095930,6.220010
0.003986,6.091747,6.220010
0.003988,6.089933,6.220010
0.003990,6.090486,6.220010
0.003992,6.091572,6.220010
0.003994,6.089991,6.220010
0.003996,6.085700,6.220010
0.003998,6.078706,6.220010
0.004000,6.069017,6.220010
0.004002,6.059434,6.220010
0.004004,6.052244,6.220010
0.004006,6.047446,6.220010
0.004008,6.045036,6.220010
0.004010,6.045012,6.220010
0.004012,6.045538,6.220010
0.004014,6.043419,6.220010
0.004016,6.038609,6.220010
0.004018,6.031115,6.220010
0.004020,6.020947,6.220010
0.004022,6.010397,6.220010
0.004024,6.002263,6.220010
0.004026,5.996541,6.220010
0.004028,5.993229,6.220010
0.004030,5.992325,6.220010
0.004032,5.991996,6.220010
0.004034,5.989045,6.220010
0.004036,5.983425,6.220010
0.004038,5.975146,6.220010
0.004040,5.964236,6.220010
0.004042,5.953646,6.220010
0.004044,5.945493,6.220010
0.004046,5.939777,6.220010
0.004048,5.936494,6.220010
0.004050,5.935640,6.220010
0.004052,5.935384,6.220010
0.004054,5.932528,6.220010
0.004056,5.927026,6.220010
0.004058,5.918887,6.220010
0.004060,5.908131,6.220010
0.004062,5.897665,6.220010
0.004064,5.889659,6.220010
0.004066,5.884111,6.220010
0.004068,5.881019,6.220010
0.004070,5.880377,6.220010
0.004072,5.880355,6.220010
0.004074,5.877754,6.220010
0.004076,5.872530,6.220010
0.004078,5.864689,6.220010
0.004080,5.854241,6.220010
0.004082,5.843650,6.224010
0.004084,5.835539,6.224010
0.004086,5.829908,6.224010
0.004088,5.826755,6.224010
0.004090,5.826075,6.224010
0.004092,5.826035,6.224010
0.004094,5.823438,6.224010
0.004096,5.818240,6.224010
0.004098,5.810447,6.224010
0.004100,5.800068,6.228011
0.004102,5.789905,6.232011
0.004104,5.782243,6.232011
0.004106,5.777081,6.232011
0.004108,5.774417,6.232011
0.004110,5.774246,6.232011
0.004112,5.774734,6.232011
0.004114,5.772686,6.232011
0.004116,5.768055,6.232011
0.004118,5.760849,6.232011
0.004120,5.751074,6.232011
0.004122,5.741534,6.232011
0.004124,5.734514,6.232011
0.004126,5.730011,6.232011
0.004128,5.728024,6.232011
0.004130,5.728546,6.232011
0.004132,5.729745,6.232011
0.004134,5.728424,6.232011
0.004136,5.724537,6.232011
0.004138,5.718090,6.232011
0.004140,5.709090,6.232011
0.004142,5.699832,6.236011
0.004144,5.693110,6.236011
0.004146,5.688923,6.236011
0.004148,5.687266,6.236011
0.004150,5.688135,6.236011
0.004152,5.689697,6.236011
0.004154,5.688753,6.236011
0.004156,5.685257,6.236011
0.004158,5.679217,6.236011
0.004160,5.670640,6.240011
0.004162,5.662326,6.244011
0.004164,5.656561,6.244011
0.004166,5.653343,6.244011
0.004168,5.652668,6.244011
0.004170,5.654530,6.244011
0.004172,5.657503,6.244011
0.004174,5.658082,6.244011
0.004176,5.656118,6.244011
0.004178,5.651618,6.244011
0.004180,5.644588,6.244011
0.004182,5.637829,6.244011
0.004184,5.633627,6.244011
0.004186,5.631978,6.244011
0.004188,5.632876,6.244011
0.004190,5.636317,6.244011
0.004192,5.640873,6.244011
0.004194,5.643037,6.244011
0.004196,5.642663,6.244011
0.004198,5.639754,6.244011
0.004200,5.634317,6.244011
0.004202,5.628645,6.248012
0.004204,5.625530,6.248012
0.004206,5.624970,6.248012
0.004208,5.626958,6.248012
0.004210,5.631489,6.248012
0.004212,5.637134,6.248012
0.004214,5.640387,6.248012
0.004216,5.641100,6.248012
0.004218,5.639277,6.248012
0.004220,5.634926,6.252012
0.004222,5.630844,6.256012
0.004224,5.629314,6.256012
0.004226,5.630333,6.256012
0.004228,5.633896,6.256012
0.004230,5.639996,6.256012
0.004232,5.647203,6.256012
0.004234,5.652012,6.256012
0.004236,5.654273,6.256012
0.004238,5.653990,6.256012
0.004240,5.651168,6.256012
0.004242,5.648605,6.256012
0.004244,5.648587,6.256012
0.004246,5.651106,6.256012
0.004248,5.656158,6.256012
0.004250,5.663735,6.256012
0.004252,5.672407,6.256012
0.004254,5.678667,6.256012
0.004256,5.682365,6.256012
0.004258,5.683506,6.256012
0.004260,5.682092,6.256012
0.004262,5.680416,6.260012
0.004264,5.681267,6.260012
0.004266,5.684644,6.260012
0.004268,5.690537,6.260012
0.004270,5.698941,6.260012
0.004272,5.708424,6.260012
0.004274,5.715478,6.260012
0.004276,5.719956,6.260012
0.004278,5.721859,6.260012
0.004280,5.721191,6.264012
0.004282,5.720750,6.268013
0.004284,5.722820,6.268013
0.004286,5.727395,6.268013
0.004288,5.734467,6.268013
0.004290,5.744029,6.268013
0.004292,5.754650,6.268013
0.004294,5.762822,6.268013
0.004296,5.768395,6.268013
0.004298,5.771373,6.268013
0.004300,5.771758,6.268013
0.004302,5.772348,6.268013
0.004304,5.775426,6.268013
0.004306,5.780986,6.268013
0.004308,5.789019,6.268013
0.004310,5.799518,6.268013
0.004312,5.811052,6.268013
0.004314,5.820115,6.268013
0.004316,5.826554,6.268013
0.004318,5.830371,6.268013
0.004320,5.831571,6.268013
0.004322,5.832443,6.272013
0.004324,5.835777,6.272013
0.004326,5.841568,6.272013
0.004328,5.849809,6.272013
0.004330,5.860491,6.272013
0.004332,5.872184,6.272013
0.004334,5.881378,6.272013
0.004336,5.887925,6.272013
0.004338,5.891826,6.272013
0.004340,5.893085,6.276013
0.004342,5.894498,6.280013
0.004344,5.898348,6.280013
0.004346,5.904630,6.280013
0.004348,5.913334,6.280013
0.004350,5.924454,6.280013
0.004352,5.936557,6.280013
0.004354,5.946136,6.280013
0.004356,5.953041,6.280013
0.004358,5.957271,6.280013
0.004360,5.958834,6.280013
0.004362,5.960525,6.280013
0.004364,5.964625,6.280013
0.004366,5.971130,6.280013
0.004368,5.980031,6.280013
0.004370,5.991320,6.280013
0.004372,6.003565,6.280013
0.004374,6.013260,6.280013
0.004376,6.020252,6.280013
0.004378,6.024545,6.280013
0.004380,6.026143,6.280013
0.004382,6.027334,6.280013
0.004384,6.030909,6.280013
0.004386,6.036862,6.280013
0.004388,6.045187,6.280013
0.004390,6.055874,6.280013
0.004392,6.067494,6.280013
0.004394,6.076539,6.280013
0.004396,6.082857,6.280013
0.004398,6.086451,6.280013
0.004400,6.087326,6.280013
0.004402,6.088279,6.280013
0.004404,6.091593,6.280013
0.004406,6.097262,6.280013
0.004408,6.105278,6.280013
0.004410,6.115633,6.280013
0.004412,6.126898,6.280013
0.004414,6.135564,6.280013
0.004416,6.141482,6.280013
0.004418,6.144653,6.280013
0.004420,6.145083,6.280013
0.004422,6.145569,6.280013
0.004424,6.148395,6.280013
0.004426,6.153552,6.280013
0.004428,6.161035,6.280013
0.004430,6.170836,6.280013
0.004432,6.181526,6.280013
0.004434,6.189597,6.280013
0.004436,6.194899,6.280013
0.004438,6.197436,6.280013
0.004440,6.197209,6.280013
0.004442,6.197020,6.280013
0.004444,6.199149,6.280013
0.004446,6.203593,6.280013
0.004448,6.210344,6.280013
0.004450,6.219395,6.280013
0.004452,6.229316,6.280013
0.004454,6.236600,6.280013
0.004456,6.241098,6.280013
0.004458,6.242813,6.280013
0.004460,6.241750,6.276013
0.004462,6.240708,6.272013
0.004464,6.241969,6.272013
0.004466,6.245529,6.272013
0.004468,6.251379,6.272013
0.004470,6.259517,6.272013
0.004472,6.268510,6.272013
0.004474,6.274854,6.272013
0.004476,6.278397,6.272013
0.004478,6.279144,6.272013
0.004480,6.277101,6.272013
0.004482,6.275065,6.272013
0.004484,6.275323,6.272013
0.004486,6.277867,6.272013
0.004488,6.282692,6.272013
0.004490,6.289793,6.272013
0.004492,6.297740,6.272013
0.004494,6.303025,6.272013
0.004496,6.305502,6.272013
0.004498,6.305175,6.272013
0.004500,6.302049,6.272013
0.004502,6.298923,6.272013
0.004504,6.298081,6.272013
0.004506,6.299520,6.272013
0.004508,6.303234,6.272013
0.004510,6.309218,6.272013
0.004512,6.316041,6.272013
0.004514,6.320200,6.272013
0.004516,6.321544,6.272013
0.004518,6.320080,6.272013
0.004520,6.315813,6.268013
0.004522,6.311543,6.264012
0.004524,6.309556,6.264012
0.004526,6.309846,6.264012
0.004528,6.312410,6.264012
0.004530,6.317242,6.264012
0.004532,6.322913,6.264012
0.004534,6.325920,6.264012
0.004536,6.326113,6.264012
0.004538,6.323496,6.264012
0.004540,6.318078,6.264012
0.004542,6.312658,6.260012
0.004544,6.309522,6.260012
0.004546,6.308666,6.260012
0.004548,6.310086,6.260012
0.004550,6.313777,6.260012
0.004552,6.318311,6.260012
0.004554,6.320183,6.260012
0.004556,6.319247,6.260012
0.004558,6.315507,6.260012
0.004560,6.308971,6.260012
0.004562,6.302439,6.260012
0.004564,6.298198,6.260012
0.004566,6.296243,6.260012
0.004568,6.296572,6.260012
0.004570,6.299180,6.260012
0.004572,6.302639,6.260012
0.004574,6.303444,6.260012
0.004576,6.301450,6.260012
0.004578,6.296660,6.260012
0.004580,6.289085,6.256012
0.004582,6.281523,6.252012
0.004584,6.276263,6.252012
0.004586,6.273300,6.252012
0.004588,6.272632,6.252012
0.004590,6.274253,6.252012
0.004592,6.276738,6.252012
0.004594,6.276582,6.252012
0.004596,6.273639,6.252012
0.004598,6.267914,6.252012
0.004600,6.259417,6.252012
0.004602,6.250947,6.248012
0.004604,6.244791,6.248012
0.004606,6.240948,6.248012
0.004608,6.239414,6.248012
0.004610,6.240185,6.248012
0.004612,6.241835,6.248012
0.004614,6.240859,6.248012
0.004616,6.237111,6.248012
0.004618,6.230599,6.248012
0.004620,6.221330,6.248012
0.004622,6.212106,6.248012
0.004624,6.205213,6.248012
0.004626,6.200650,6.248012
0.004628,6.198413,6.248012
0.004630,6.198500,6.248012
0.004632,6.199482,6.248012
0.004634,6.197858,6.248012
0.004636,6.193480,6.248012
0.004638,6.186357,6.248012
0.004640,6.176496,6.244011
0.004642,6.166698,6.240011
0.004644,6.159252,6.240011
0.004646,6.154154,6.240011
0.004648,6.151402,6.240011
0.004650,6.150994,6.240011
0.004652,6.151095,6.240011
0.004654,6.148510,6.240011
0.004656,6.143193,6.240011
0.004658,6.135151,6.240011
0.004660,6.124393,6.240011
0.004662,6.113723,6.236011
0.004664,6.105426,6.236011
0.004666,6.099502,6.236011
0.004668,6.095947,6.236011
0.004670,6.094759,6.236011
0.004672,6.094104,6.236011
0.004674,6.090787,6.236011
0.004676,6.084764,6.236011
0.004678,6.076040,6.236011
0.004680,6.064697,6.236011
0.004682,6.053885,6.236011
0.004684,6.045469,6.236011
0.004686,6.039451,6.236011
0.004688,6.035826,6.236011
0.004690,6.034592,6.236011
0.004692,6.033917,6.236011
0.004694,6.030602,6.236011
0.004696,6.024605,6.236011
0.004698,6.015931,6.236011
0.004700,6.004670,6.236011
0.004702,5.993990,6.236011
0.004704,5.985733,6.236011
0.004706,5.979894,6.236011
0.004708,5.976474,6.236011
0.004710,5.975467,6.236011
0.004712,5.975042,6.236011
0.004714,5.972001,6.236011
0.004716,5.966300,6.236011
0.004718,5.957946,6.236011
0.004720,5.946979,6.236011
0.004722,5.936428,6.236011
0.004724,5.928320,6.236011
0.004726,5.922655,6.236011
0.004728,5.919431,6.236011
0.004730,5.918642,6.236011
0.004732,5.918457,6.236011
0.004734,5.915679,6.236011
0.004736,5.910262,6.236011
0.004738,5.902215,6.236011
0.004740,5.891552,6.236011
0.004742,5.881124,6.236011
0.004744,5.873161,6.236011
0.004746,5.867662,6.236011
0.004748,5.864626,6.236011
0.004750,5.864047,6.236011
0.004752,5.864094,6.236011
0.004754,5.861569,6.236011
0.004756,5.856426,6.236011
0.004758,5.848672,6.236011
0.004760,5.838318,6.240011
0.004762,5.828164,6.244011
0.004764,5.820496,6.244011
0.004766,5.815313,6.244011
0.004768,5.812613,6.244011
0.004770,5.812390,6.244011
0.004772,5.813219,6.244011
0.004774,5.811595,6.244011
0.004776,5.807372,6.244011
0.004778,5.800557,6.244011
0.004780,5.791159,6.244011
0.004782,5.781977,6.248012
0.004784,5.775299,6.248012
0.004786,5.771121,6.248012
0.004788,5.769440,6.248012
0.004790,5.770252,6.248012
0.004792,5.772131,6.248012
0.004794,5.771573,6.248012
0.004796,5.768428,6.248012
0.004798,5.762706,6.248012
0.004800,5.754411,6.248012
0.004802,5.746346,6.248012
0.004804,5.740797,6.248012
0.004806,5.737760,6.248012
0.004808,5.737232,6.248012
0.004810,5.739207,6.248012
0.004812,5.742259,6.248012
0.004814,5.742882,6.248012
0.004816,5.740929,6.248012
0.004818,5.736406,6.248012
0.004820,5.729320,6.252012
0.004822,5.722470,6.256012
0.004824,5.718144,6.256012
0.004826,5.716336,6.256012
0.004828,5.717043,6.256012
0.004830,5.720260,6.256012
0.004832,5.724557,6.256012
0.004834,5.726431,6.256012
0.004836,5.725733,6.256012
0.004838,5.722469,6.256012
0.004840,5.716644,6.256012
0.004842,5.711058,6.260012
0.004844,5.707998,6.260012
0.004846,5.707458,6.260012
0.004848,5.709434,6.260012
0.004850,5.713920,6.260012
0.004852,5.719487,6.260012
0.004854,5.722629,6.260012
0.004856,5.723199,6.260012
0.004858,5.721200,6.260012
0.004860,5.716640,6.260012
0.004862,5.712317,6.260012
0.004864,5.710515,6.260012
0.004866,5.711230,6.260012
0.004868,5.714457,6.260012
0.004870,5.720189,6.260012
0.004872,5.726997,6.260012
0.004874,5.731376,6.260012
0.004876,5.733176,6.260012
0.004878,5.732401,6.260012
0.004880,5.729057,6.264012
0.004882,5.725943,6.268013
0.004884,5.725342,6.268013
0.004886,5.727251,6.268013
0.004888,5.731663,6.268013
0.004890,5.738571,6.268013
0.004892,5.746545,6.268013
0.004894,5.752079,6.268013
0.004896,5.755023,6.268013
0.004898,5.755383,6.268013
0.004900,5.753160,6.272013
0.004902,5.751158,6.276013
0.004904,5.751655,6.276013
0.004906,5.754649,6.276013
0.004908,5.760132,6.276013
0.004910,5.768099,6.276013
0.004912,5.777118,6.276013
0.004914,5.783682,6.276013
0.004916,5.787643,6.276013
0.004918,5.789002,6.276013
0.004920,5.787766,6.276013
0.004922,5.786732,6.276013
0.004924,5.788182,6.276013
0.004926,5.792112,6.276013
0.004928,5.798515,6.276013
0.004930,5.807384,6.276013
0.004932,5.817288,6.276013
0.004934,5.824720,6.276013
0.004936,5.829529,6.276013
0.004938,5.831720,6.276013
0.004940,5.831296,6.280013
0.004942,5.831055,6.284013
0.004944,5.833279,6.284013
0.004946,5.837964,6.284013
0.004948,5.845102,6.284013
0.004950,5.854686,6.284013
0.004952,5.865283,6.284013
0.004954,5.873389,6.284013
0.004956,5.878851,6.284013
0.004958,5.881674,6.284013
0.004960,5.881860,6.288013
0.004962,5.882208,6.292014
0.004964,5.885001,6.292014
0.004966,5.890231,6.292014
0.004968,5.897893,6.292014
0.004970,5.907978,6.292014
0.004972,5.919055,6.292014
0.004974,5.927617,6.292014
0.004976,5.933514,6.292014
0.004978,5.936748,6.292014
0.004980,5.937323,6.292014
0.004982,5.938036,6.292014
0.004984,5.941172,6.292014
0.004986,5.946721,6.292014
0.004988,5.954679,6.292014
0.004990,5.965037,6.292014
0.004992,5.976364,6.292014
0.004994,5.985152,6.292014
0.004996,5.991252,6.292014
0.004998,5.994666,6.292014
0.005000,5.995397,6.292014
0.005002,5.996243,6.292014
0.005004,5.999486,6.292014
0.005006,6.005122,6.292014
0.005008,6.013142,6.292014
0.005010,6.023538,6.292014
0.005012,6.034879,6.292014
0.005014,6.043659,6.292014
0.005016,6.049726,6.292014
0.005018,6.053084,6.292014
0.005020,6.053737,6.292014
0.005022,6.054482,6.292014
0.005024,6.057600,6.292014
0.005026,6.063088,6.292014
0.005028,6.070936,6.292014
0.005030,6.081139,6.292014
0.005032,6.092265,6.292014
0.005034,6.100807,6.292014
0.005036,6.106613,6.292014
0.005038,6.109688,6.292014
0.005040,6.110036,6.292014
0.005042,6.110453,6.292014
0.005044,6.113223,6.292014
0.005046,6.118340,6.292014
0.005048,6.125797,6.292014
0.005050,6.135587,6.292014
0.005052,6.146280,6.292014
0.005054,6.154367,6.292014
0.005056,6.159699,6.292014
0.005058,6.162279,6.292014
0.005060,6.162111,6.288013
0.005062,6.161994,6.284013
0.005064,6.164211,6.284013
0.005066,6.168754,6.284013
0.005068,6.175619,6.284013
0.005070,6.184798,6.284013
0.005072,6.194860,6.284013
0.005074,6.202299,6.284013
0.005076,6.206965,6.284013
0.005078,6.208863,6.284013
0.005080,6.207995,6.280013
0.005082,6.207160,6.276013
0.005084,6.208642,6.276013
0.005086,6.212434,6.276013
0.005088,6.218533,6.276013
0.005090,6.226929,6.276013
0.005092,6.236194,6.276013
0.005094,6.242820,6.276013
0.005096,6.246659,6.276013
0.005098,6.247714,6.276013
0.005100,6.245991,6.276013
0.005102,6.244287,6.276013
0.005104,6.244887,6.276013
0.005106,6.247786,6.276013
0.005108,6.252979,6.276013
0.005110,6.260457,6.276013
0.005112,6.268792,6.276013
0.005114,6.274477,6.276013
0.005116,6.277364,6.276013
0.005118,6.277457,6.276013
0.005120,6.274761,6.272013
0.005122,6.272075,6.268013
0.005124,6.271684,6.268013
0.005126,6.273582,6.268013
0.005128,6.277766,6.268013
0.005130,6.284227,6.268013
0.005132,6.291539,6.268013
0.005134,6.296194,6.268013
0.005136,6.298043,6.268013
0.005138,6.297093,6.268013
0.005140,6.293348,6.264012
0.005142,6.289608,6.260012
0.005144,6.288159,6.260012
0.005146,6.288994,6.260012
0.005148,6.292110,6.260012
0.005150,6.297501,6.260012
0.005152,6.303736,6.260012
0.005154,6.307314,6.260012
0.005156,6.308084,6.260012
0.005158,6.306052,6.260012
0.005160,6.301224,6.260012
0.005162,6.296399,6.260012
0.005164,6.293863,6.260012
0.005166,6.293614,6.260012
0.005168,6.295646,6.260012
0.005170,6.299953,6.260012
0.005172,6.305107,6.260012
0.005174,6.307604,6.260012
0.005176,6.307295,6.260012
0.005178,6.304187,6.260012
0.005180,6.298286,6.260012
0.005182,6.291885,6.256012
0.005184,6.287778,6.256012
0.005186,6.285961,6.256012
0.005188,6.286432,6.256012
0.005190,6.289186,6.256012
0.005192,6.292794,6.256012
0.005194,6.293753,6.256012
0.005196,6.291914,6.256012
0.005198,6.287285,6.256012
0.005200,6.279873,6.252012
0.005202,6.272479,6.248012
0.005204,6.267388,6.248012
0.005206,6.264598,6.248012
0.005208,6.264106,6.248012
0.005210,6.265908,6.248012
0.005212,6.268576,6.248012
0.005214,6.268605,6.248012
0.005216,6.265850,6.248012
0.005218,6.260316,6.248012
0.005220,6.252011,6.248012
0.005222,6.243737,6.248012
0.005224,6.237781,6.248012
0.005226,6.234138,6.248012
0.005228,6.232807,6.248012
0.005230,6.233783,6.248012
0.005232,6.235641,6.248012
0.005234,6.234875,6.248012
0.005236,6.231339,6.248012
0.005238,6.225041,6.248012
0.005240,6.215987,6.248012
0.005242,6.206472,6.244011
0.005244,6.199292,6.244011
0.005246,6.194444,6.244011
0.005248,6.191926,6.244011
0.005250,6.191734,6.244011
0.005252,6.192442,6.244011
0.005254,6.190546,6.244011
0.005256,6.185900,6.244011
0.005258,6.178512,6.244011
0.005260,6.168390,6.240011
0.005262,6.158335,6.236011
0.005264,6.150635,6.236011
0.005266,6.145288,6.236011
0.005268,6.142292,6.236011
0.005270,6.141642,6.236011
0.005272,6.141507,6.236011
0.005274,6.138689,6.236011
0.005276,6.133142,6.236011
0.005278,6.124876,6.236011
0.005280,6.113901,6.236011
0.005282,6.103016,6.236011
0.005284,6.094509,6.236011
0.005286,6.088379,6.236011
0.005288,6.084624,6.236011
0.005290,6.083241,6.236011
0.005292,6.082397,6.236011
0.005294,6.078894,6.236011
0.005296,6.072690,6.236011
0.005298,6.063791,6.236011
0.005300,6.052331,6.236011
0.005302,6.041308,6.236011
0.005304,6.032689,6.236011
0.005306,6.026472,6.236011
0.005308,6.022654,6.236011
0.005310,6.021232,6.236011
0.005312,6.020375,6.236011
0.005314,6.016884,6.236011
0.005316,6.010715,6.236011
0.005318,6.001877,6.236011
0.005320,5.990511,6.236011
0.005322,5.979863,6.236011
0.005324,5.971642,6.236011
0.005326,5.965847,6.236011
0.005328,5.962474,6.236011
0.005330,5.961521,6.236011
0.005332,5.961155,6.236011
0.005334,5.958179,6.236011
0.005336,5.952548,6.236011
0.005338,5.944269,6.236011
0.005340,5.933375,6.236011
0.005342,5.922853,6.236011
0.005344,5.914782,6.236011
0.005346,5.909158,6.236011
0.005348,5.905980,6.236011
0.005350,5.905243,6.236011
0.005352,5.905116,6.236011
0.005354,5.902400,6.236011
0.005356,5.897050,6.236011
0.005358,5.889075,6.236011
0.005360,5.878483,6.236011
0.005362,5.867838,6.240011
0.005364,5.859666,6.240011
0.005366,5.853963,6.240011
0.005368,5.850729,6.240011
0.005370,5.849958,6.240011
0.005372,5.849819,6.240011
0.005374,5.847113,6.240011
0.005376,5.841796,6.240011
0.005378,5.833876,6.240011
0.005380,5.823363,6.244011
0.005382,5.813086,6.248012
0.005384,5.805301,6.248012
0.005386,5.800008,6.248012
0.005388,5.797203,6.248012
0.005390,5.796883,6.248012
0.005392,5.797620,6.248012
0.005394,5.795911,6.248012
0.005396,5.791610,6.248012
0.005398,5.784722,6.248012
0.005400,5.775257,6.248012
0.005402,5.766016,6.248012
0.005404,5.759284,6.248012
0.005406,5.755061,6.248012
0.005408,5.753341,6.248012
0.005410,5.754120,6.248012
0.005412,5.755973,6.248012
0.005414,5.755394,6.248012
0.005416,5.752237,6.248012
0.005418,5.746507,6.248012
0.005420,5.738212,6.248012
0.005422,5.730154,6.248012
0.005424,5.724617,6.248012
0.005426,5.721599,6.248012
0.005428,5.721096,6.248012
0.005430,5.723102,6.248012
0.005432,5.726192,6.248012
0.005434,5.726860,6.248012
0.005436,5.724958,6.248012
0.005438,5.720492,6.248012
0.005440,5.713469,6.252012
0.005442,5.706690,6.256012
0.005444,5.702439,6.256012
0.005446,5.700714,6.256012
0.005448,5.701509,6.256012
0.005450,5.704820,6.256012
0.005452,5.709217,6.256012
0.005454,5.711197,6.256012
0.005456,5.710610,6.256012
0.005458,5.707463,6.256012
0.005460,5.701763,6.256012
0.005462,5.696307,6.256012
0.005464,5.693381,6.256012
0.005466,5.692982,6.256012
0.005468,5.695104,6.256012
0.005470,5.699740,6.256012
0.005472,5.705462,6.256012
0.005474,5.708767,6.256012
0.005476,5.709504,6.256012
0.005478,5.707678,6.256012
0.005480,5.703294,6.256012
0.005482,5.699153,6.256012
0.005484,5.697538,6.256012
0.005486,5.698445,6.256012
0.005488,5.701868,6.256012
0.005490,5.707802,6.256012
0.005492,5.714817,6.256012
0.005494,5.719404,6.256012
0.005496,5.721418,6.256012
0.005498,5.720862,6.256012
0.005500,5.717741,6.260012
0.005502,5.714855,6.264012
0.005504,5.714485,6.264012
0.005506,5.716629,6.264012
0.005508,5.721278,6.264012
0.005510,5.728428,6.264012
0.005512,5.736648,6.264012
0.005514,5.742431,6.264012
0.005516,5.745628,6.264012
0.005518,5.746244,6.264012
0.005520,5.744281,6.264012
0.005522,5.742539,6.264012
0.005524,5.743302,6.264012
0.005526,5.746564,6.264012
0.005528,5.752318,6.264012
0.005530,5.760558,6.264012
0.005532,5.769852,6.264012
0.005534,5.776694,6.264012
0.005536,5.780935,6.264012
0.005538,5.782577,6.264012
0.005540,5.781625,6.264012
0.005542,5.780878,6.264012
0.005544,5.782617,6.264012
0.005546,5.786837,6.264012
0.005548,5.793531,6.264012
0.005550,5.802693,6.264012
0.005552,5.812891,6.264012
0.005554,5.820618,6.264012
0.005556,5.825723,6.264012
0.005558,5.828211,6.264012
0.005560,5.828085,6.268013
0.005562,5.828143,6.272013
0.005564,5.830667,6.272013
0.005566,5.835651,6.272013
0.005568,5.843089,6.272013
0.005570,5.852973,6.272013
0.005572,5.863871,6.272013
0.005574,5.872276,6.272013
0.005576,5.878038,6.272013
0.005578,5.881160,6.272013
0.005580,5.881646,6.272013
0.005582,5.882293,6.272013
0.005584,5.885383,6.272013
0.005586,5.890912,6.272013
0.005588,5.898870,6.272013
0.005590,5.909250,6.272013
0.005592,5.920623,6.272013
0.005594,5.929478,6.272013
0.005596,5.935666,6.272013
0.005598,5.939191,6.272013
0.005600,5.940055,6.272013
0.005602,5.941056,6.272013
0.005604,5.944476,6.272013
0.005606,5.950310,6.272013
0.005608,5.958549,6.272013
0.005610,5.969187,6.272013
0.005612,5.980791,6.272013
0.005614,5.989854,6.272013
0.005616,5.996226,6.272013
0.005618,5.999909,6.272013
0.005620,6.000907,6.272013
0.005622,6.002018,6.272013
0.005624,6.005524,6.272013
0.005626,6.011418,6.272013
0.005628,6.019693,6.272013
0.005630,6.030342,6.272013
0.005632,6.041932,6.272013
0.005634,6.050957,6.272013
0.005636,6.057268,6.272013
0.005638,6.060865,6.272013
0.005640,6.061753,6.272013
0.005642,6.062730,6.272013
0.005644,6.066076,6.272013
0.005646,6.071788,6.272013
0.005648,6.079857,6.272013
0.005650,6.090277,6.272013
0.005652,6.101615,6.272013
0.005654,6.110365,6.272013
0.005656,6.116376,6.272013
0.005658,6.119650,6.272013
0.005660,6.120193,6.272013
0.005662,6.120801,6.272013
0.005664,6.123757,6.272013
0.005666,6.129057,6.272013
0.005668,6.136692,6.272013
0.005670,6.146654,6.272013
0.005672,6.157514,6.272013
0.005674,6.165763,6.272013
0.005676,6.171253,6.272013
0.005678,6.173986,6.272013
0.005680,6.173966,6.268013
0.005682,6.173991,6.264012
0.005684,6.176345,6.264012
0.005686,6.181021,6.264012
0.005688,6.188014,6.264012
0.005690,6.197314,6.264012
0.005692,6.207494,6.264012
0.005694,6.215044,6.264012
0.005696,6.219817,6.264012
0.005698,6.221814,6.264012
0.005700,6.221042,6.264012
0.005702,6.220297,6.264012
0.005704,6.221864,6.264012
0.005706,6.225736,6.264012
0.005708,6.231909,6.264012
0.005710,6.240373,6.264012
0.005712,6.249701,6.264012
0.005714,6.256385,6.264012
0.005716,6.260276,6.264012
0.005718,6.261377,6.264012
0.005720,6.259695,6.264012
0.005722,6.258027,6.264012
0.005724,6.258657,6.264012
0.005726,6.261580,6.264012
0.005728,6.266790,6.264012
0.005730,6.274282,6.264012
0.005732,6.282623,6.264012
0.005734,6.288311,6.264012
0.005736,6.291194,6.264012
0.005738,6.291278,6.264012
0.005740,6.288567,6.260012
0.005742,6.285862,6.256012
0.005744,6.285446,6.256012
0.005746,6.287314,6.256012
0.005748,6.291461,6.256012
0.005750,6.297881,6.256012
0.005752,6.305146,6.256012
0.005754,6.309750,6.256012
0.005756,6.311542,6.256012
0.005758,6.310528,6.256012
0.005760,6.306715,6.256012
0.005762,6.302900,6.256012
0.005764,6.301371,6.256012
0.005766,6.302122,6.256012
0.005768,6.305149,6.256012
0.005770,6.310445,6.256012
0.005772,6.316583,6.256012
0.005774,6.320056,6.256012
0.005776,6.320717,6.256012
0.005778,6.318572,6.256012
0.005780,6.313625,6.256012
0.005782,6.308679,6.256012
0.005784,6.306016,6.256012
0.005786,6.305634,6.256012
0.005788,6.307529,6.256012
0.005790,6.311695,6.256012
0.005792,6.316704,6.256012
0.005794,6.319053,6.256012
0.005796,6.318590,6.256012
0.005798,6.315322,6.256012
0.005800,6.309258,6.252012
0.005802,6.303198,6.248012
0.005804,6.299426,6.248012
0.005806,6.297940,6.248012
0.005808,6.298735,6.248012
0.005810,6.301807,6.248012
0.005812,6.305729,6.248012
0.005814,6.306995,6.248012
0.005816,6.305459,6.248012
0.005818,6.301125,6.248012
0.005820,6.294003,6.248012
0.005822,6.286891,6.244011
0.005824,6.282078,6.244011
0.005826,6.279559,6.244011
0.005828,6.279330,6.244011
0.005830,6.281389,6.244011
0.005832,6.284307,6.244011
0.005834,6.284581,6.244011
0.005836,6.282063,6.244011
0.005838,6.276760,6.244011
0.005840,6.268679,6.244011
0.005842,6.260621,6.244011
0.005844,6.254873,6.244011
0.005846,6.251433,6.244011
0.005848,6.250297,6.244011
0.005850,6.251461,6.244011
0.005852,6.253497,6.244011
0.005854,6.252903,6.244011
0.005856,6.249532,6.244011
0.005858,6.243391,6.244011
0.005860,6.234486,6.240011
0.005862,6.225620,6.236011
0.005864,6.219080,6.236011
0.005866,6.214863,6.236011
0.005868,6.212966,6.236011
0.005870,6.213386,6.236011
0.005872,6.214289,6.236011
0.005874,6.212478,6.236011
0.005876,6.207909,6.236011
0.005878,6.200588,6.236011
0.005880,6.190524,6.232011
0.005882,6.180519,6.228011
0.005884,6.172859,6.228011
0.005886,6.167543,6.228011
0.005888,6.164569,6.228011
0.005890,6.163933,6.228011
0.005892,6.163802,6.228011
0.005894,6.160980,6.228011
0.005896,6.155421,6.228011
0.005898,6.147133,6.228011
0.005900,6.136126,6.228011
0.005902,6.125201,6.228011
0.005904,6.116646,6.228011
0.005906,6.110459,6.228011
0.005908,6.106638,6.228011
0.005910,6.105179,6.228011
0.005912,6.104252,6.228011
0.005914,6.100658,6.228011
0.005916,6.094354,6.228011
0.005918,6.085347,6.228011
0.005920,6.073793,6.228011
0.005922,6.062960,6.228011
0.005924,6.054522,6.228011
0.005926,6.048476,6.228011
0.005928,6.044821,6.228011
0.005930,6.043552,6.228011
0.005932,6.042839,6.228011
0.005934,6.039483,6.228011
0.005936,6.033441,6.228011
0.005938,6.024720,6.228011
0.005940,6.013416,6.228011
0.005942,6.002717,6.228011
0.005944,5.994436,6.228011
0.005946,5.988571,6.228011
0.005948,5.985121,6.228011
0.005950,5.984081,6.228011
0.005952,5.983621,6.228011
0.005954,5.980540,6.228011
0.005956,5.974796,6.228011
0.005958,5.966395,6.228011
0.005960,5.955386,6.228011
0.005962,5.944816,6.228011
0.005964,5.936686,6.228011
0.005966,5.930996,6.228011
0.005968,5.927742,6.228011
0.005970,5.926922,6.228011
0.005972,5.926703,6.228011
0.005974,5.923886,6.228011
0.005976,5.918428,6.228011
0.005978,5.910336,6.228011
0.005980,5.899629,6.232011
0.005982,5.889182,6.236011
0.005984,5.881198,6.236011
0.005986,5.875676,6.236011
0.005988,5.872612,6.236011
0.005990,5.872003,6.236011
0.005992,5.872016,6.236011
0.005994,5.869453,6.236011
0.005996,5.864270,6.236011
0.005998,5.856474,6.236011
0.006000,5.846074,6.240011
0.006002,5.835871,6.244011
0.006004,5.828151,6.244011
0.006006,5.822914,6.244011
0.006008,5.820156,6.244011
0.006010,5.819872,6.244011
0.006012,5.820637,6.244011
0.006014,5.818946,6.244011
0.006016,5.814655,6.244011
0.006018,5.807768,6.244011
0.006020,5.798295,6.244011
0.006022,5.789035,6.244011
0.006024,5.782276,6.244011
0.006026,5.778015,6.244011
0.006028,5.776249,6.244011
0.006030,5.776974,6.244011
0.006032,5.778763,6.244011
0.006034,5.778111,6.244011
0.006036,5.774871,6.244011
0.006038,5.769050,6.244011
0.006040,5.760655,6.248012
0.006042,5.752488,6.252012
0.006044,5.746834,6.252012
0.006046,5.743690,6.252012
0.006048,5.743053,6.252012
0.006050,5.744918,6.252012
0.006052,5.747857,6.252012
0.006054,5.748364,6.252012
0.006056,5.746295,6.252012
0.006058,5.741653,6.252012
0.006060,5.734446,6.256012
0.006062,5.727475,6.260012
0.006064,5.723024,6.260012
0.006066,5.721090,6.260012
0.006068,5.721670,6.260012
0.006070,5.724758,6.260012
0.006072,5.728925,6.260012
0.006074,5.730666,6.260012
0.006076,5.729834,6.260012
0.006078,5.726435,6.260012
0.006080,5.720474,6.260012
0.006082,5.714751,6.260012
0.006084,5.711552,6.260012
0.006086,5.710872,6.260012
0.006088,5.712706,6.260012
0.006090,5.717050,6.260012
0.006092,5.722473,6.260012
0.006094,5.725472,6.260012
0.006096,5.725897,6.260012
0.006098,5.723753,6.260012
0.006100,5.719047,6.264012
0.006102,5.714576,6.268013
0.006104,5.712626,6.268013
0.006106,5.713193,6.268013
0.006108,5.716271,6.268013
0.006110,5.721855,6.268013
0.006112,5.728514,6.268013
0.006114,5.732743,6.268013
0.006116,5.734393,6.268013
0.006118,5.733468,6.268013
0.006120,5.729975,6.272013
0.006122,5.726711,6.276013
0.006124,5.725960,6.276013
0.006126,5.727718,6.276013
0.006128,5.731979,6.276013
0.006130,5.738736,6.276013
0.006132,5.746560,6.276013
0.006134,5.751945,6.276013
0.006136,5.754740,6.276013
0.006138,5.754951,6.276013
0.006140,5.752581,6.276013
0.006142,5.750430,6.276013
0.006144,5.750780,6.276013
0.006146,5.753627,6.276013
0.006148,5.758965,6.276013
0.006150,5.766786,6.276013
0.006152,5.775660,6.276013
0.006154,5.782081,6.276013
0.006156,5.785899,6.276013
0.006158,5.787117,6.276013
0.006160,5.785740,6.280013
0.006162,5.784567,6.284013
0.006164,5.785880,6.284013
0.006166,5.789674,6.284013
0.006168,5.795941,6.284013
0.006170,5.804676,6.284013
0.006172,5.814448,6.284013
0.006174,5.821747,6.284013
0.006176,5.826427,6.284013
0.006178,5.828489,6.284013
0.006180,5.827938,6.288013
0.006182,5.827571,6.292014
0.006184,5.829672,6.292014
0.006186,5.834235,6.292014
0.006188,5.841252,6.292014
0.006190,5.850717,6.292014
0.006192,5.861198,6.292014
0.006194,5.869189,6.292014
0.006196,5.874538,6.292014
0.006198,5.877249,6.292014
0.006200,5.877326,6.292014
0.006202,5.877567,6.292014
0.006204,5.880254,6.292014
0.006206,5.885382,6.292014
0.006208,5.892942,6.292014
0.006210,5.902928,6.292014
0.006212,5.913909,6.292014
0.006214,5.922377,6.292014
0.006216,5.928182,6.292014
0.006218,5.931326,6.292014
0.006220,5.931814,6.292014
0.006222,5.932443,6.292014
0.006224,5.935495,6.292014
0.006226,5.940965,6.292014
0.006228,5.948844,6.292014
0.006230,5.959127,6.292014
0.006232,5.970381,6.292014
0.006234,5.979100,6.292014
0.006236,5.985131,6.292014
0.006238,5.988480,6.292014
0.006240,5.989149,6.292014
0.006242,5.989935,6.292014
0.006244,5.993122,6.292014
0.006246,5.998703,6.292014
0.006248,6.006670,6.292014
0.006250,6.017017,6.292014
0.006252,6.028313,6.292014
0.006254,6.037049,6.292014
0.006256,6.043075,6.292014
0.006258,6.046395,6.292014
0.006260,6.047012,6.292014
0.006262,6.047724,6.292014
0.006264,6.050814,6.292014
0.006266,6.056274,6.292014
0.006268,6.064099,6.292014
0.006270,6.074280,6.292014
0.006272,6.085387,6.292014
0.006274,6.093913,6.292014
0.006276,6.099706,6.292014
0.006278,6.102771,6.292014
0.006280,6.103111,6.288013
0.006282,6.103523,6.284013
0.006284,6.106291,6.284013
0.006286,6.111410,6.284013
0.006288,6.118870,6.284013
0.006290,6.128666,6.284013
0.006292,6.139367,6.284013
0.006294,6.147466,6.284013
0.006296,6.152812,6.284013
0.006298,6.155409,6.284013
0.006300,6.155262,6.280013
0.006302,6.155168,6.276013
0.006304,6.157409,6.276013
0.006306,6.161980,6.276013
0.006308,6.168875,6.276013
0.006310,6.178088,6.276013
0.006312,6.188186,6.276013
0.006314,6.195663,6.276013
0.006316,6.200370,6.276013
0.006318,6.202311,6.276013
0.006320,6.201488,6.276013
0.006322,6.200701,6.276013
0.006324,6.202234,6.276013
0.006326,6.206080,6.276013
0.006328,6.212234,6.276013
0.006330,6.220689,6.276013
0.006332,6.230014,6.276013
0.006334,6.236704,6.276013
0.006336,6.240608,6.276013
0.006338,6.241731,6.276013
0.006340,6.240078,6.272013
0.006342,6.238446,6.268013
0.006344,6.239120,6.268013
0.006346,6.242095,6.268013
0.006348,6.247365,6.268013
0.006350,6.254922,6.268013
0.006352,6.263340,6.268013
0.006354,6.269110,6.268013
0.006356,6.272084,6.268013
0.006358,6.272265,6.268013
0.006360,6.269660,6.264012
0.006362,6.267066,6.260012
0.006364,6.266769,6.260012
0.006366,6.268763,6.260012
0.006368,6.273044,6.260012
0.006370,6.279605,6.260012
0.006372,6.287017,6.260012
0.006374,6.291775,6.260012
0.006376,6.293728,6.260012
0.006378,6.292883,6.260012
0.006380,6.289245,6.260012
0.006382,6.285614,6.260012
0.006384,6.284274,6.260012
0.006386,6.285221,6.260012
0.006388,6.288449,6.260012
0.006390,6.293954,6.260012
0.006392,6.300307,6.260012
0.006394,6.304001,6.260012
0.006396,6.304889,6.260012
0.006398,6.302975,6.260012
0.006400,6.298266,6.256012
0.006402,6.293563,6.256012
0.006404,6.291151,6.256012
0.006406,6.291023,6.256012
0.006408,6.293178,6.256012
0.006410,6.297608,6.256012
0.006412,6.302887,6.256012
0.006414,6.305509,6.256012
0.006416,6.305326,6.256012
0.006418,6.302344,6.256012
0.006420,6.296570,6.252012
0.006422,6.290803,6.248012
0.006424,6.287330,6.248012
0.006426,6.286147,6.248012
0.006428,6.287249,6.248012
0.006430,6.290632,6.248012
0.006432,6.294868,6.248012
0.006434,6.296452,6.248012
0.006436,6.295237,6.248012
0.006438,6.291229,6.248012
0.006440,6.284435,6.248012
0.006442,6.277655,6.248012
0.006444,6.273176,6.248012
0.006446,6.270995,6.248012
0.006448,6.271108,6.248012
0.006450,6.273510,6.248012
0.006452,6.276773,6.248012
0.006454,6.277394,6.248012
0.006456,6.275225,6.248012
0.006458,6.270274,6.248012
0.006460,6.262546,6.248012
0.006462,6.254844,6.248012
0.006464,6.249453,6.248012
0.006466,6.246371,6.248012
0.006468,6.245594,6.248012
0.006470,6.247118,6.248012
0.006472,6.249517,6.248012
0.006474,6.249287,6.248012
0.006476,6.246279,6.248012
0.006478,6.240500,6.248012
0.006480,6.231960,6.244011
0.006482,6.223460,6.240011
0.006484,6.217285,6.240011
0.006486,6.213433,6.240011
0.006488,6.211901,6.240011
0.006490,6.212685,6.240011
0.006492,6.213952,6.240011
0.006494,6.212504,6.240011
0.006496,6.208298,6.240011
0.006498,6.201338,6.240011
0.006500,6.191635,6.240011
0.006502,6.181989,6.240011
0.006504,6.174688,6.240011
0.006506,6.169730,6.240011
0.006508,6.167109,6.240011
0.006510,6.166826,6.240011
0.006512,6.167047,6.240011
0.006514,6.164575,6.240011
0.006516,6.159363,6.240011
0.006518,6.151421,6.240011
0.006520,6.140756,6.240011
0.006522,6.130172,6.240011
0.006524,6.121954,6.240011
0.006526,6.116103,6.240011
0.006528,6.112614,6.240011
0.006530,6.111485,6.240011
0.006532,6.110884,6.240011
0.006534,6.107611,6.240011
0.006536,6.101625,6.240011
0.006538,6.092934,6.240011
0.006540,6.081604,6.240011
0.006542,6.070754,6.240011
0.006544,6.062295,6.240011
0.006546,6.056226,6.240011
0.006548,6.052545,6.240011
0.006550,6.051248,6.240011
0.006552,6.050502,6.240011
0.006554,6.047111,6.240011
0.006556,6.041030,6.240011
0.006558,6.032268,6.240011
0.006560,6.020930,6.240011
0.006562,6.010214,6.240011
0.006564,6.001914,6.240011
0.006566,5.996027,6.240011
0.006568,5.992550,6.240011
0.006570,5.991482,6.240011
0.006572,5.990989,6.240011
0.006574,5.987875,6.240011
0.006576,5.982094,6.240011
0.006578,5.973654,6.240011
0.006580,5.962607,6.240011
0.006582,5.952021,6.240011
0.006584,5.943872,6.240011
0.006586,5.938161,6.240011
0.006588,5.934883,6.240011
0.006590,5.934035,6.240011
0.006592,5.933785,6.240011
0.006594,5.930936,6.240011
0.006596,5.925443,6.240011
0.006598,5.917312,6.240011
0.006600,5.906565,6.240011
0.006602,5.896103,6.240011
0.006604,5.888101,6.240011
0.006606,5.882558,6.240011
0.006608,5.879470,6.240011
0.006610,5.878835,6.240011
0.006612,5.878819,6.240011
0.006614,5.876224,6.240011
0.006616,5.871006,6.240011
0.006618,5.863173,6.240011
0.006620,5.852734,6.240011
0.006622,5.842488,6.240011
0.006624,5.834725,6.240011
0.006626,5.829442,6.240011
0.006628,5.826633,6.240011
0.006630,5.826297,6.240011
0.006632,5.826602,6.240011
0.006634,5.824347,6.240011
0.006636,5.819491,6.240011
0.006638,5.812039,6.240011
0.006640,5.801999,6.240011
0.006642,5.792172,6.240011
0.006644,5.784847,6.240011
0.006646,5.780020,6.240011
0.006648,5.777689,6.240011
0.006650,5.777848,6.240011
0.006652,5.778666,6.240011
0.006654,5.776944,6.240011
0.006656,5.772636,6.240011
0.006658,5.765750,6.240011
0.006660,5.756295,6.244011
0.006662,5.747071,6.248012
0.006664,5.740365,6.248012
0.006666,5.736173,6.248012
0.006668,5.734492,6.248012
0.006670,5.735320,6.248012
0.006672,5.737227,6.248012
0.006674,5.736709,6.248012
0.006676,5.733621,6.248012
0.006678,5.727967,6.248012
0.006680,5.719756,6.248012
0.006682,5.711788,6.248012
0.006684,5.706350,6.248012
0.006686,5.703437,6.248012
0.006688,5.703046,6.248012
0.006690,5.705173,6.248012
0.006692,5.708388,6.248012
0.006694,5.709189,6.248012
0.006696,5.707427,6.248012
0.006698,5.703107,6.248012
0.006700,5.696238,6.248012
0.006702,5.689618,6.248012
0.006704,5.685533,6.248012
0.006706,5.683981,6.248012
0.006708,5.684956,6.248012
0.006710,5.688451,6.248012
0.006712,5.693040,6.248012
0.006714,5.695217,6.248012
0.006716,5.694834,6.248012
0.006718,5.691897,6.248012
0.006720,5.686411,6.252012
0.006722,5.681176,6.256012
0.006724,5.678477,6.256012
0.006726,5.678308,6.256012
0.006728,5.680666,6.256012
0.006730,5.685546,6.256012
0.006732,5.691517,6.256012
0.006734,5.695075,6.256012
0.006736,5.696070,6.256012
0.006738,5.694506,6.256012
0.006740,5.690391,6.256012
0.006742,5.686522,6.256012
0.006744,5.685185,6.256012
0.006746,5.686373,6.256012
0.006748,5.690082,6.256012
0.006750,5.696305,6.256012
0.006752,5.703614,6.256012
0.006754,5.708502,6.256012
0.006756,5.710817,6.256012
0.006758,5.710566,6.256012
0.006760,5.707754,6.256012
0.006762,5.705179,6.256012
0.006764,5.705124,6.256012
0.006766,5.707586,6.256012
0.006768,5.712556,6.256012
0.006770,5.720030,6.256012
0.006772,5.728576,6.256012
0.006774,5.734689,6.256012
0.006776,5.738218,6.256012
0.006778,5.739167,6.256012
0.006780,5.737541,6.260012
0.006782,5.736137,6.264012
0.006784,5.737240,6.264012
0.006786,5.740844,6.264012
0.006788,5.746941,6.264012
0.006790,5.755524,6.264012
0.006792,5.765164,6.264012
0.006794,5.772354,6.264012
0.006796,5.776943,6.264012
0.006798,5.778935,6.264012
0.006800,5.778333,6.264012
0.006802,5.777936,6.264012
0.006804,5.780026,6.264012
0.006806,5.784599,6.264012
0.006808,5.791645,6.264012
0.006810,5.801158,6.264012
0.006812,5.811708,6.264012
0.006814,5.819788,6.264012
0.006816,5.825246,6.264012
0.006818,5.828084,6.264012
0.006820,5.828307,6.264012
0.006822,5.828713,6.264012
0.006824,5.831585,6.264012
0.006826,5.836916,6.264012
0.006828,5.844700,6.264012
0.006830,5.854928,6.264012
0.006832,5.866169,6.264012
0.006834,5.874917,6.264012
0.006836,5.881019,6.264012
0.006838,5.884479,6.264012
0.006840,5.885301,6.268013
0.006842,5.886281,6.272013
0.006844,5.889703,6.272013
0.006846,5.895561,6.272013
0.006848,5.903846,6.272013
0.006850,5.914550,6.272013
0.006852,5.926243,6.272013
0.006854,5.935417,6.272013
0.006856,5.941921,6.272013
0.006858,5.945757,6.272013
0.006860,5.946930,6.272013
0.006862,5.948236,6.272013
0.006864,5.951958,6.272013
0.006866,5.958090,6.272013
0.006868,5.966624,6.272013
0.006870,5.977552,6.272013
0.006872,5.989443,6.272013
0.006874,5.998790,6.272013
0.006876,6.005440,6.272013
0.006878,6.009398,6.272013
0.006880,6.010666,6.272013
0.006882,6.012043,6.272013
0.006884,6.015810,6.272013
0.006886,6.021960,6.272013
0.006888,6.030487,6.272013
0.006890,6.041383,6.272013
0.006892,6.053216,6.272013
0.006894,6.062479,6.272013
0.006896,6.069021,6.272013
0.006898,6.072844,6.272013
0.006900,6.073954,6.272013
0.006902,6.075147,6.272013
0.006904,6.078705,6.272013
0.006906,6.084622,6.272013
0.006908,6.092892,6.272013
0.006910,6.103506,6.272013
0.006912,6.115032,6.272013
0.006914,6.123964,6.272013
0.006916,6.130152,6.272013
0.006918,6.133597,6.272013
0.006920,6.134305,6.268013
0.006922,6.135073,6.268013
0.006924,6.138183,6.268013
0.006926,6.143630,6.268013
0.006928,6.151405,6.268013
0.006930,6.161503,6.268013
0.006932,6.172491,6.268013
0.006934,6.180864,6.268013
0.006936,6.186472,6.268013
0.006938,6.189314,6.268013
0.006940,6.189398,6.268013
0.006942,6.189521,6.268013
0.006944,6.191965,6.268013
0.006946,6.196726,6.268013
0.006948,6.203796,6.268013
0.006950,6.213169,6.268013
0.006952,6.223414,6.268013
0.006954,6.231023,6.268013
0.006956,6.235847,6.268013
0.006958,6.237890,6.268013
0.006960,6.237157,6.264012
0.006962,6.236444,6.260012
0.006964,6.238037,6.260012
0.006966,6.241929,6.260012
0.006968,6.248114,6.260012
0.006970,6.256585,6.260012
0.006972,6.265913,6.260012
0.006974,6.272591,6.260012
0.006976,6.276469,6.260012
0.006978,6.277551,6.260012
0.006980,6.275843,6.256012
0.006982,6.274142,6.256012
0.006984,6.274734,6.256012
0.006986,6.277612,6.256012
0.006988,6.282771,6.256012
0.006990,6.290204,6.256012
0.006992,6.298482,6.256012
0.006994,6.304100,6.256012
0.006996,6.306907,6.256012
0.006998,6.306908,6.256012
0.007000,6.304109,6.256012
0.007002,6.301309,6.256012
0.007004,6.300792,6.256012
0.007006,6.302553,6.256012
0.007008,6.306588,6.256012
0.007010,6.312889,6.256012
0.007012,6.320029,6.256012
0.007014,6.324502,6.256012
0.007016,6.326159,6.256012
0.007018,6.325004,6.256012
0.007020,6.321044,6.252012
0.007022,6.317079,6.248012
0.007024,6.315392,6.248012
0.007026,6.315981,6.248012
0.007028,6.318841,6.248012
0.007030,6.323965,6.248012
0.007032,6.329925,6.248012
0.007034,6.333215,6.248012
0.007036,6.333690,6.248012
0.007038,6.331352,6.248012
0.007040,6.326208,6.244011
0.007042,6.321059,6.244011
0.007044,6.318190,6.244011
0.007046,6.317597,6.244011
0.007048,6.319277,6.244011
0.007050,6.323223,6.244011
0.007052,6.328008,6.244011
0.007054,6.330127,6.244011
0.007056,6.329433,6.244011
0.007058,6.325931,6.244011
0.007060,6.319627,6.244011
0.007062,6.313323,6.244011
0.007064,6.309305,6.244011
0.007066,6.307569,6.244011
0.007068,6.308111,6.244011
0.007070,6.310926,6.244011
0.007072,6.314587,6.244011
0.007074,6.315590,6.244011
0.007076,6.313788,6.244011
0.007078,6.309187,6.244011
0.007080,6.301794,6.240011
0.007082,6.294409,6.236011
0.007084,6.289320,6.236011
0.007086,6.286520,6.236011
0.007088,6.286010,6.236011
0.007090,6.287786,6.236011
0.007092,6.290014,6.236011
0.007094,6.289495,6.236011
0.007096,6.286183,6.236011
0.007098,6.280085,6.236011
0.007100,6.271210,6.232011
0.007102,6.262360,6.228011
0.007104,6.255820,6.228011
0.007106,6.251588,6.228011
0.007108,6.249663,6.228011
0.007110,6.250039,6.228011
0.007112,6.250884,6.228011
0.007114,6.249001,6.228011
0.007116,6.244344,6.228011
0.007118,6.236921,6.228011
0.007120,6.226740,6.228011
0.007122,6.216605,6.228011
0.007124,6.208801,6.228011
0.007126,6.203327,6.228011
0.007128,6.200181,6.228011
0.007130,6.199358,6.228011
0.007132,6.199028,6.228011
0.007134,6.195992,6.228011
0.007136,6.190206,6.228011
0.007138,6.181678,6.228011
0.007140,6.170432,6.224010
0.007142,6.159385,6.220010
0.007144,6.150693,6.220010
0.007146,6.144357,6.220010
0.007148,6.140374,6.220010
0.007150,6.138740,6.220010
0.007152,6.137624,6.220010
0.007154,6.133829,6.220010
0.007156,6.127308,6.220010
0.007158,6.118074,6.220010
0.007160,6.106346,6.216010
0.007162,6.095440,6.212010
0.007164,6.086916,6.212010
0.007166,6.080773,6.212010
0.007168,6.077007,6.212010
0.007170,6.075616,6.212010
0.007172,6.074767,6.212010
0.007174,6.071263,6.212010
0.007176,6.065060,6.212010
0.007178,6.056166,6.212010
0.007180,6.044715,6.212010
0.007182,6.033947,6.212010
0.007184,6.025584,6.212010
0.007186,6.019625,6.212010
0.007188,6.016069,6.212010
0.007190,6.014911,6.212010
0.007192,6.014318,6.212010
0.007194,6.011095,6.212010
0.007196,6.005197,6.212010
0.007198,5.996630,6.212010
0.007200,5.985467,6.212010
0.007202,5.974831,6.212010
0.007204,5.966622,6.212010
0.007206,5.960842,6.212010
0.007208,5.957487,6.212010
0.007210,5.956553,6.212010
0.007212,5.956208,6.212010
0.007214,5.953255,6.212010
0.007216,5.947648,6.212010
0.007218,5.939396,6.212010
0.007220,5.928528,6.212010
0.007222,5.918017,6.212010
0.007224,5.909958,6.212010
0.007226,5.904349,6.212010
0.007228,5.901187,6.212010
0.007230,5.900469,6.212010
0.007232,5.900362,6.212010
0.007234,5.897667,6.212010
0.007236,5.892342,6.212010
0.007238,5.884392,6.212010
0.007240,5.873827,6.212010
0.007242,5.863449,6.212010
0.007244,5.855543,6.212010
0.007246,5.850109,6.212010
0.007248,5.847143,6.212010
0.007250,5.846642,6.212010
0.007252,5.846774,6.212010
0.007254,5.844339,6.212010
0.007256,5.839294,6.212010
0.007258,5.831646,6.212010
0.007260,5.821403,6.216010
0.007262,5.811367,6.220010
0.007264,5.803823,6.220010
0.007266,5.798770,6.220010
0.007268,5.796207,6.220010
0.007270,5.796126,6.220010
0.007272,5.796698,6.220010
0.007274,5.794723,6.220010
0.007276,5.790156,6.220010
0.007278,5.783005,6.220010
0.007280,5.773278,6.224010
0.007282,5.763775,6.228011
0.007284,5.756784,6.228011
0.007286,5.752302,6.228011
0.007288,5.750326,6.228011
0.007290,5.750850,6.228011
0.007292,5.752043,6.228011
0.007294,5.750706,6.228011
0.007296,5.746794,6.228011
0.007298,5.740313,6.228011
0.007300,5.731272,6.228011
0.007302,5.722472,6.228011
0.007304,5.716197,6.228011
0.007306,5.712446,6.228011
0.007308,5.711215,6.228011
0.007310,5.712499,6.228011
0.007312,5.714466,6.228011
0.007314,5.713916,6.228011
0.007316,5.710804,6.228011
0.007318,5.705137,6.228011
0.007320,5.696921,6.232011
0.007322,5.688958,6.236011
0.007324,5.683532,6.236011
0.007326,5.680641,6.236011
0.007328,5.680281,6.236011
0.007330,5.682448,6.236011
0.007332,5.685307,6.236011
0.007334,5.685658,6.236011
0.007336,5.683458,6.236011
0.007338,5.678711,6.236011
0.007340,5.671424,6.240011
0.007342,5.664399,6.244011
0.007344,5.659919,6.244011
0.007346,5.657981,6.244011
0.007348,5.658583,6.244011
0.007350,5.661717,6.244011
0.007352,5.665956,6.244011
0.007354,5.667795,6.244011
0.007356,5.667085,6.244011
0.007358,5.663832,6.244011
0.007360,5.658042,6.244011
0.007362,5.652515,6.244011
0.007364,5.649536,6.244011
0.007366,5.649101,6.244011
0.007368,5.651205,6.244011
0.007370,5.655842,6.244011
0.007372,5.661583,6.244011
0.007374,5.664922,6.244011
0.007376,5.665711,6.244011
0.007378,5.663955,6.244011
0.007380,5.659659,6.248012
0.007382,5.655622,6.248012
0.007384,5.654130,6.248012
0.007386,5.655175,6.248012
0.007388,5.658754,6.248012
0.007390,5.664860,6.248012
0.007392,5.672063,6.248012
0.007394,5.676858,6.248012
0.007396,5.679095,6.248012
0.007398,5.678778,6.248012
0.007400,5.675913,6.252012
0.007402,5.673298,6.256012
0.007404,5.673216,6.256012
0.007406,5.675664,6.256012
0.007408,5.680634,6.256012
0.007410,5.688118,6.256012
0.007412,5.696688,6.256012
0.007414,5.702837,6.256012
0.007416,5.706415,6.256012
0.007418,5.707426,6.256012
0.007420,5.705873,6.256012
0.007422,5.704557,6.256012
0.007424,5.705760,6.256012
0.007426,5.709475,6.256012
0.007428,5.715696,6.256012
0.007430,5.724417,6.256012
0.007432,5.734206,6.256012
0.007434,5.741556,6.256012
0.007436,5.746317,6.256012
0.007438,5.748494,6.256012
0.007440,5.748088,6.260012
0.007442,5.747899,6.260012
0.007444,5.750209,6.260012
0.007446,5.755012,6.260012
0.007448,5.762300,6.260012
0.007450,5.772068,6.260012
0.007452,5.782881,6.260012
0.007454,5.791235,6.260012
0.007456,5.796979,6.260012
0.007458,5.800115,6.260012
0.007460,5.800647,6.264012
0.007462,5.801372,6.268013
0.007464,5.804572,6.268013
0.007466,5.810242,6.268013
0.007468,5.818374,6.268013
0.007470,5.828961,6.268013
0.007472,5.840570,6.268013
0.007474,5.849695,6.268013
0.007476,5.856184,6.268013
0.007478,5.860040,6.268013
0.007480,5.861267,6.268013
0.007482,5.862661,6.268013
0.007484,5.866506,6.268013
0.007486,5.872794,6.268013
0.007488,5.881518,6.268013
0.007490,5.892669,6.268013
0.007492,5.904818,6.268013
0.007494,5.914454,6.268013
0.007496,5.921428,6.268013
0.007498,5.925742,6.268013
0.007500,5.927399,6.268013
0.007502,5.929197,6.268013
0.007504,5.933417,6.268013
0.007506,5.940053,6.268013
0.007508,5.949099,6.268013
0.007510,5.960544,6.268013
0.007512,5.972957,6.268013
0.007514,5.982831,6.268013
0.007516,5.990016,6.268013
0.007518,5.994511,6.268013
0.007520,5.996323,6.268013
0.007522,5.998248,6.268013
0.007524,6.002566,6.268013
0.007526,6.009274,6.268013
0.007528,6.018361,6.268013
0.007530,6.029821,6.268013
0.007532,6.042222,6.268013
0.007534,6.052056,6.268013
0.007536,6.059173,6.268013
0.007538,6.063574,6.268013
0.007540,6.065263,6.268013
0.007542,6.067037,6.268013
0.007544,6.071179,6.268013
0.007546,6.077682,6.268013
0.007548,6.086538,6.268013
0.007550,6.097740,6.268013
0.007552,6.109857,6.268013
0.007554,6.119380,6.268013
0.007556,6.126158,6.268013
0.007558,6.130195,6.268013
0.007560,6.131495,6.264012
0.007562,6.132854,6.264012
0.007564,6.136556,6.264012
0.007566,6.142593,6.264012
0.007568,6.150959,6.264012
0.007570,6.161645,6.264012
0.007572,6.173222,6.264012
0.007574,6.182181,6.264012
0.007576,6.188371,6.264012
0.007578,6.191795,6.264012
0.007580,6.192460,6.260012
0.007582,6.193161,6.256012
0.007584,6.196181,6.256012
0.007586,6.201514,6.256012
0.007588,6.209154,6.256012
0.007590,6.219093,6.256012
0.007592,6.229901,6.256012
0.007594,6.238069,6.256012
0.007596,6.243448,6.256012
0.007598,6.246042,6.256012
0.007600,6.245855,6.256012
0.007602,6.245686,6.256012
0.007604,6.247815,6.256012
0.007606,6.252240,6.256012
0.007608,6.258953,6.256012
0.007610,6.267946,6.256012
0.007612,6.277790,6.256012
0.007614,6.284978,6.256012
0.007616,6.289360,6.256012
0.007618,6.290940,6.256012
0.007620,6.289724,6.252012
0.007622,6.288508,6.252012
0.007624,6.289578,6.252012
0.007626,6.292928,6.252012
0.007628,6.298552,6.252012
0.007630,6.306443,6.252012
0.007632,6.315171,6.252012
0.007634,6.321231,6.252012
0.007636,6.324473,6.252012
0.007638,6.324901,6.252012
0.007640,6.322521,6.248012
0.007642,6.320132,6.244011
0.007644,6.320016,6.244011
0.007646,6.322172,6.244011
0.007648,6.326591,6.244011
0.007650,6.333270,6.244011
0.007652,6.340778,6.244011
0.007654,6.345610,6.244011
0.007656,6.347616,6.244011
0.007658,6.346801,6.244011
0.007660,6.343172,6.244011
0.007662,6.339528,6.244011
0.007664,6.338154,6.244011
0.007666,6.339045,6.244011
0.007668,6.342196,6.244011
0.007670,6.347602,6.244011
0.007672,6.353835,6.244011
0.007674,6.357387,6.244011
0.007676,6.358113,6.244011
0.007678,6.356017,6.244011
0.007680,6.351104,6.240011
0.007682,6.346176,6.240011
0.007684,6.343517,6.240011
0.007686,6.343124,6.240011
0.007688,6.344993,6.240011
0.007690,6.349117,6.240011
0.007692,6.353665,6.240011
0.007694,6.355435,6.240011
0.007696,6.354381,6.240011
0.007698,6.350512,6.240011
0.007700,6.343831,6.236011
0.007702,6.337142,6.232011
0.007704,6.332728,6.232011
0.007706,6.330589,6.232011
0.007708,6.330719,6.232011
0.007710,6.333115,6.232011
0.007712,6.335943,6.232011
0.007714,6.336003,6.232011
0.007716,6.333251,6.232011
0.007718,6.327695,6.232011
0.007720,6.319342,6.232011
0.007722,6.310993,6.232011
0.007724,6.304932,6.232011
0.007726,6.301160,6.232011
0.007728,6.299674,6.232011
0.007730,6.300469,6.232011
0.007732,6.301712,6.232011
0.007734,6.300205,6.232011
0.007736,6.295904,6.232011
0.007738,6.288815,6.232011
0.007740,6.278947,6.232011
0.007742,6.269102,6.232011
0.007744,6.261568,6.232011
0.007746,6.256341,6.232011
0.007748,6.253421,6.232011
0.007750,6.252802,6.232011
0.007752,6.252654,6.232011
0.007754,6.249778,6.232011
0.007756,6.244132,6.232011
0.007758,6.235722,6.232011
0.007760,6.224555,6.228011
0.007762,6.213438,6.224010
0.007764,6.204653,6.224010
0.007766,6.198203,6.224010
0.007768,6.194084,6.224010
0.007770,6.192293,6.224010
0.007772,6.190999,6.224010
0.007774,6.187005,6.224010
0.007776,6.180265,6.224010
0.007778,6.170791,6.224010
0.007780,6.158868,6.224010
0.007782,6.147846,6.224010
0.007784,6.139184,6.224010
0.007786,6.132883,6.224010
0.007788,6.128939,6.224010
0.007790,6.127348,6.224010
0.007792,6.126281,6.224010
0.007794,6.122538,6.224010
0.007796,6.116075,6.224010
0.007798,6.106902,6.224010
0.007800,6.095222,6.224010
0.007802,6.084340,6.224010
0.007804,6.075846,6.224010
0.007806,6.069737,6.224010
0.007808,6.066009,6.224010
0.007810,6.064659,6.224010
0.007812,6.063857,6.224010
0.007814,6.060403,6.224010
0.007816,6.054255,6.224010
0.007818,6.045421,6.224010
0.007820,6.034021,6.224010
0.007822,6.023276,6.224010
0.007824,6.014941,6.224010
0.007826,6.009014,6.224010
0.007828,6.005494,6.224010
0.007830,6.004375,6.224010
0.007832,6.003828,6.224010
0.007834,6.000653,6.224010
0.007836,5.994807,6.224010
0.007838,5.986297,6.224010
0.007840,5.975186,6.224010
0.007842,5.964572,6.224010
0.007844,5.956392,6.224010
0.007846,5.950644,6.224010
0.007848,5.947323,6.224010
0.007850,5.946428,6.224010
0.007852,5.946126,6.224010
0.007854,5.943219,6.224010
0.007856,5.937664,6.224010
0.007858,5.929467,6.224010
0.007860,5.918654,6.224010
0.007862,5.908166,6.224010
0.007864,5.900133,6.224010
0.007866,5.894553,6.224010
0.007868,5.891425,6.224010
0.007870,5.890744,6.224010
0.007872,5.890677,6.224010
0.007874,5.888028,6.224010
0.007876,5.882751,6.224010
0.007878,5.874855,6.224010
0.007880,5.864346,6.228011
0.007882,5.854027,6.228011
0.007884,5.846185,6.228011
0.007886,5.840818,6.228011
0.007888,5.837923,6.228011
0.007890,5.837496,6.228011
0.007892,5.837706,6.228011
0.007894,5.835353,6.228011
0.007896,5.830393,6.228011
0.007898,5.822833,6.228011
0.007900,5.812681,6.232011
0.007902,5.802739,6.232011
0.007904,5.795293,6.232011
0.007906,5.790342,6.232011
0.007908,5.787883,6.232011
0.007910,5.787910,6.232011
0.007912,5.788593,6.232011
0.007914,5.786731,6.232011
0.007916,5.782281,6.232011
0.007918,5.775249,6.232011
0.007920,5.765644,6.236011
0.007922,5.755759,6.236011
0.007924,5.748390,6.236011
0.007926,5.743532,6.236011
0.007928,5.741185,6.236011
0.007930,5.741345,6.236011
0.007932,5.742177,6.236011
0.007934,5.740484,6.236011
0.007936,5.736220,6.236011
0.007938,5.729393,6.236011
0.007940,5.720009,6.240011
0.007942,5.710872,6.240011
0.007944,5.704265,6.240011
0.007946,5.700188,6.240011
0.007948,5.698636,6.240011
0.007950,5.699605,6.240011
0.007952,5.701263,6.240011
0.007954,5.700411,6.240011
0.007956,5.697002,6.240011
0.007958,5.691043,6.240011
0.007960,5.682543,6.244011
0.007962,5.674301,6.244011
0.007964,5.668602,6.244011
0.007966,5.665447,6.244011
0.007968,5.664828,6.244011
0.007970,5.666743,6.244011
0.007972,5.669762,6.244011
0.007974,5.670382,6.244011
0.007976,5.668456,6.244011
0.007978,5.663989,6.244011
0.007980,5.656986,6.248012
0.007982,5.650250,6.248012
0.007984,5.646066,6.248012
0.007986,5.644428,6.248012
0.007988,5.645334,6.248012
0.007990,5.648777,6.248012
0.007992,5.653329,6.248012
0.007994,5.655486,6.248012
0.007996,5.655098,6.248012
0.007998,5.652171,6.248012
0.008000,5.646714,6.252012
0.008002,5.641521,6.252012
0.008004,5.638881,6.252012
0.008006,5.638788,6.252012
0.008008,5.641236,6.252012
0.008010,5.646221,6.252012
0.008012,5.652313,6.252012
0.008014,5.656006,6.252012
0.008016,5.657153,6.252012
0.008018,5.655757,6.252012
0.008020,5.651823,6.256012
0.008022,5.648151,6.256012
0.008024,5.647026,6.256012
0.008026,5.648441,6.256012
0.008028,5.652391,6.256012
0.008030,5.658869,6.256012
0.008032,5.666448,6.256012
0.008034,5.671619,6.256012
0.008036,5.674234,6.256012
0.008038,5.674296,6.256012
0.008040,5.671811,6.260012
0.008042,5.669068,6.260012
0.008044,5.668862,6.260012
0.008046,5.671187,6.260012
0.008048,5.676036,6.260012
0.008050,5.683402,6.260012
0.008052,5.691856,6.260012
0.008054,5.697891,6.260012
0.008056,5.701357,6.260012
0.008058,5.702258,6.260012
0.008060,5.700599,6.264012
0.008062,5.699177,6.264012
0.008064,5.700276,6.264012
0.008066,5.703891,6.264012
0.008068,5.710014,6.264012
0.008070,5.718638,6.264012
0.008072,5.728334,6.264012
0.008074,5.735594,6.264012
0.008076,5.740268,6.264012
0.008078,5.742358,6.264012
0.008080,5.741872,6.268013
0.008082,5.741602,6.268013
0.008084,5.743834,6.268013
0.008086,5.748562,6.268013
0.008088,5.755779,6.268013
0.008090,5.765477,6.268013
0.008092,5.776225,6.268013
0.008094,5.784515,6.268013
0.008096,5.790198,6.268013
0.008098,5.793275,6.268013
0.008100,5.793752,6.272013
0.008102,5.794424,6.272013
0.008104,5.797575,6.272013
0.008106,5.803199,6.272013
0.008108,5.811287,6.272013
0.008110,5.821833,6.272013
0.008112,5.833405,6.272013
0.008114,5.842495,6.272013
0.008116,5.848952,6.272013
0.008118,5.852780,6.272013
0.008120,5.853980,6.276013
0.008122,5.855350,6.276013
0.008124,5.859175,6.276013
0.008126,5.865445,6.276013
0.008128,5.874154,6.276013
0.008130,5.885294,6.276013
0.008132,5.897435,6.276013
0.008134,5.907066,6.276013
0.008136,5.914037,6.276013
0.008138,5.918352,6.276013
0.008140,5.920013,6.276013
0.008142,5.921818,6.276013
0.008144,5.926048,6.276013
0.008146,5.932696,6.276013
0.008148,5.941756,6.276013
0.008150,5.953219,6.276013
0.008152,5.965654,6.276013
0.008154,5.975552,6.276013
0.008156,5.982763,6.276013
0.008158,5.987288,6.276013
0.008160,5.989132,6.276013
0.008162,5.990584,6.276013
0.008164,5.994435,6.276013
0.008166,6.000678,6.276013
0.008168,6.009306,6.276013
0.008170,6.020312,6.276013
0.008172,6.032263,6.276013
0.008174,6.041652,6.276013
0.008176,6.048327,6.276013
0.008178,6.052293,6.276013
0.008180,6.053552,6.276013
0.008182,6.054902,6.276013
0.008184,6.058625,6.276013
0.008186,6.064715,6.276013
0.008188,6.073165,6.276013
0.008190,6.083967,6.276013
0.008192,6.095689,6.276013
0.008194,6.104824,6.276013
0.008196,6.111222,6.276013
0.008198,6.114884,6.276013
0.008200,6.115817,6.272013
0.008202,6.116815,6.272013
0.008204,6.120162,6.272013
0.008206,6.125854,6.272013
0.008208,6.133881,6.272013
0.008210,6.144236,6.272013
0.008212,6.155488,6.272013
0.008214,6.164131,6.272013
0.008216,6.170013,6.272013
0.008218,6.173138,6.272013
0.008220,6.173511,6.268013
0.008222,6.173927,6.268013
0.008224,6.176672,6.268013
0.008226,6.181738,6.268013
0.008228,6.189119,6.268013
0.008230,6.198808,6.268013
0.008232,6.209373,6.268013
0.008234,6.217309,6.268013
0.008236,6.222464,6.268013
0.008238,6.224842,6.268013
0.008240,6.224448,6.264012
0.008242,6.224081,6.264012
0.008244,6.226022,6.264012
0.008246,6.230267,6.264012
0.008248,6.236808,6.264012
0.008250,6.245639,6.264012
0.008252,6.255332,6.264012
0.008254,6.262377,6.264012
0.008256,6.266626,6.264012
0.008258,6.268083,6.264012
0.008260,6.266752,6.260012
0.008262,6.265432,6.260012
0.008264,6.266405,6.260012
0.008266,6.269668,6.260012
0.008268,6.275215,6.260012
0.008270,6.283039,6.260012
0.008272,6.291710,6.260012
0.008274,6.297721,6.260012
0.008276,6.300925,6.260012
0.008278,6.301323,6.260012
0.008280,6.298924,6.256012
0.008282,6.296015,6.256012
0.008284,6.295393,6.256012
0.008286,6.297052,6.256012
0.008288,6.300987,6.256012
0.008290,6.307191,6.256012
0.008292,6.314236,6.256012
0.008294,6.318616,6.256012
0.008296,6.320182,6.256012
0.008298,6.318940,6.256012
0.008300,6.314896,6.252012
0.008302,6.310848,6.252012
0.008304,6.309082,6.252012
0.008306,6.309594,6.252012
0.008308,6.312379,6.252012
0.008310,6.317431,6.252012
0.008312,6.323322,6.252012
0.008314,6.326548,6.252012
0.008316,6.326958,6.252012
0.008318,6.324559,6.252012
0.008320,6.319358,6.248012
0.008322,6.314155,6.248012
0.008324,6.311234,6.248012
0.008326,6.310592,6.248012
0.008328,6.312225,6.248012
0.008330,6.316128,6.248012
0.008332,6.320873,6.248012
0.008334,6.322954,6.248012
0.008336,6.322225,6.248012
0.008338,6.318691,6.248012
0.008340,6.312360,6.244011
0.008342,6.306032,6.244011
0.008344,6.301991,6.244011
0.008346,6.300235,6.244011
0.008348,6.300761,6.244011
0.008350,6.303563,6.244011
0.008352,6.307213,6.244011
0.008354,6.308209,6.244011
0.008356,6.306402,6.244011
0.008358,6.301799,6.244011
0.008360,6.294406,6.240011
0.008362,6.287026,6.240011
0.008364,6.281943,6.240011
0.008366,6.279156,6.240011
0.008368,6.278660,6.240011
0.008370,6.280452,6.240011
0.008372,6.282698,6.240011
0.008374,6.282200,6.240011
0.008376,6.278913,6.240011
0.008378,6.272842,6.240011
0.008380,6.263998,6.236011
0.008382,6.255181,6.236011
0.008384,6.248677,6.236011
0.008386,6.244484,6.236011
0.008388,6.242600,6.236011
0.008390,6.243020,6.236011
0.008392,6.243913,6.236011
0.008394,6.242079,6.236011
0.008396,6.237473,6.236011
0.008398,6.230106,6.236011
0.008400,6.219984,6.232011
0.008402,6.209400,6.232011
0.008404,6.201153,6.232011
0.008406,6.195239,6.232011
0.008408,6.191657,6.232011
0.008410,6.190403,6.232011
0.008412,6.189645,6.232011
0.008414,6.186186,6.232011
0.008416,6.179983,6.232011
0.008418,6.171042,6.232011
0.008420,6.159462,6.228011
0.008422,6.148440,6.228011
0.008424,6.139779,6.228011
0.008426,6.133475,6.228011
0.008428,6.129529,6.228011
0.008430,6.127936,6.228011
0.008432,6.126866,6.228011
0.008434,6.123121,6.228011
0.008436,6.116658,6.228011
0.008438,6.107481,6.228011
0.008440,6.095799,6.228011
0.008442,6.084918,6.228011
0.008444,6.076421,6.228011
0.008446,6.070308,6.228011
0.008448,6.066578,6.228011
0.008450,6.065227,6.228011
0.008452,6.064422,6.228011
0.008454,6.060966,6.228011
0.008456,6.054815,6.228011
0.008458,6.045977,6.228011
0.008460,6.034574,6.228011
0.008462,6.023829,6.228011
0.008464,6.015492,6.228011
0.008466,6.009565,6.228011
0.008468,6.006042,6.228011
0.008470,6.004923,6.228011
0.008472,6.004373,6.228011
0.008474,6.001196,6.228011
0.008476,5.995347,6.228011
0.008478,5.986834,6.228011
0.008480,5.975721,6.228011
0.008482,5.965104,6.228011
0.008484,5.956923,6.228011
0.008486,5.951170,6.228011
0.008488,5.947848,6.228011
0.008490,5.946951,6.228011
0.008492,5.946646,6.228011
0.008494,5.943737,6.228011
0.008496,5.938179,6.228011
0.008498,5.929980,6.228011
0.008500,5.919164,6.228011
0.008502,5.908673,6.228011
0.008504,5.900639,6.228011
0.008506,5.895058,6.228011
0.008508,5.891927,6.228011
0.008510,5.891244,6.228011
0.008512,5.891176,6.228011
0.008514,5.888525,6.228011
0.008516,5.883244,6.228011
0.008518,5.875344,6.228011
0.008520,5.864833,6.232011
0.008522,5.854219,6.232011
0.008524,5.846082,6.232011
0.008526,5.840420,6.232011
0.008528,5.837231,6.232011
0.008530,5.836511,6.232011
0.008532,5.836427,6.232011
0.008534,5.833783,6.232011
0.008536,5.828532,6.232011
0.008538,5.820683,6.232011
0.008540,5.810245,6.236011
0.008542,5.800017,6.236011
0.008544,5.792288,6.236011
0.008546,5.787055,6.236011
0.008548,5.784315,6.236011
0.008550,5.784064,6.236011
0.008552,5.784470,6.236011
0.008554,5.782335,6.236011
0.008556,5.777613,6.236011
0.008558,5.770313,6.236011
0.008560,5.760441,6.240011
0.008562,5.750799,6.240011
0.008564,5.743674,6.240011
0.008566,5.739063,6.240011
0.008568,5.736964,6.240011
0.008570,5.737372,6.240011
0.008572,5.738453,6.240011
0.008574,5.737010,6.240011
0.008576,5.732997,6.240011
0.008578,5.726423,6.240011
0.008580,5.717293,6.244011
0.008582,5.708409,6.244011
0.008584,5.702057,6.244011
0.008586,5.698235,6.244011
0.008588,5.696939,6.244011
0.008590,5.698164,6.244011
0.008592,5.700483,6.244011
0.008594,5.700392,6.244011
0.008596,5.697743,6.244011
0.008598,5.692543,6.244011
0.008600,5.684798,6.248012
0.008602,5.677310,6.248012
0.008604,5.672364,6.248012
0.008606,5.669956,6.248012
0.008608,5.670082,6.248012
0.008610,5.672737,6.248012
0.008612,5.676494,6.248012
0.008614,5.677847,6.248012
0.008616,5.676649,6.248012
0.008618,5.672905,6.248012
0.008620,5.666623,6.252012
0.008622,5.660600,6.252012
0.008624,5.657123,6.252012
0.008626,5.656188,6.252012
0.008628,5.657790,6.252012
0.008630,5.661922,6.252012
0.008632,5.667157,6.252012
0.008634,5.669990,6.252012
0.008636,5.670272,6.252012
0.008638,5.668007,6.252012
0.008640,5.663202,6.256012
0.008642,5.658148,6.256012
0.008644,5.655640,6.256012
0.008646,5.655671,6.256012
0.008648,5.658238,6.256012
0.008650,5.663333,6.256012
0.008652,5.669530,6.256012
0.008654,5.673320,6.256012
0.008656,5.674556,6.256012
0.008658,5.673242,6.256012
0.008660,5.669383,6.260012
0.008662,5.665779,6.260012
0.008664,5.664714,6.260012
0.008666,5.666183,6.260012
0.008668,5.670181,6.260012
0.008670,5.676700,6.260012
0.008672,5.684310,6.260012
0.008674,5.689507,6.260012
0.008676,5.692139,6.260012
0.008678,5.692212,6.260012
0.008680,5.689730,6.264012
0.008682,5.687491,6.264012
0.008684,5.687779,6.264012
0.008686,5.690590,6.264012
0.008688,5.695917,6.264012
0.008690,5.703752,6.264012
0.008692,5.712666,6.264012
0.008694,5.719151,6.264012
0.008696,5.723058,6.264012
0.008698,5.724391,6.264012
0.008700,5.723153,6.268013
0.008702,5.722144,6.268013
0.008704,5.723645,6.268013
0.008706,5.727652,6.268013
0.008708,5.734157,6.268013
0.008710,5.743153,6.268013
0.008712,5.753209,6.268013
0.008714,5.760819,6.268013
0.008716,5.765832,6.268013
0.008718,5.768251,6.268013
0.008720,5.768080,6.272013
0.008722,5.768117,6.272013
0.008724,5.770644,6.272013
0.008726,5.775656,6.272013
0.008728,5.783145,6.272013
0.008730,5.793103,6.272013
0.008732,5.804101,6.272013
0.008734,5.812630,6.272013
0.008736,5.818538,6.272013
0.008738,5.821830,6.272013
0.008740,5.822508,6.276013
0.008742,5.823371,6.276013
0.008744,5.826701,6.276013
0.008746,5.832491,6.276013
0.008748,5.840734,6.276013
0.008750,5.851423,6.276013
0.008752,5.863125,6.276013
0.008754,5.872333,6.276013
0.008756,5.878896,6.276013
0.008758,5.882817,6.276013
0.008760,5.884099,6.280013
0.008762,5.885032,6.280013
0.008764,5.888408,6.280013
0.008766,5.894218,6.280013
0.008768,5.902458,6.280013
0.008770,5.913117,6.280013
0.008772,5.924767,6.280013
0.008774,5.933898,6.280013
0.008776,5.940359,6.280013
0.008778,5.944153,6.280013
0.008780,5.945285,6.280013
0.008782,5.946551,6.280013
0.008784,5.950233,6.280013
0.008786,5.956326,6.280013
0.008788,5.964823,6.280013
0.008790,5.975713,6.280013
0.008792,5.987567,6.280013
0.008794,5.996878,6.280013
0.008796,6.003494,6.280013
0.008798,6.007417,6.280013
0.008800,6.008653,6.280013
0.008802,6.009997,6.280013
0.008804,6.013733,6.280013
0.008806,6.019854,6.280013
0.008808,6.028351,6.280013
0.008810,6.039218,6.280013
0.008812,6.051024,6.280013
0.008814,6.060260,6.280013
0.008816,6.066776,6.280013
0.008818,6.070575,6.280013
0.008820,6.071661,6.280013
0.008822,6.072831,6.280013
0.008824,6.076367,6.280013
0.008826,6.082263,6.280013
0.008828,6.090512,6.280013
0.008830,6.101107,6.280013
0.008832,6.112617,6.280013
0.008834,6.121532,6.280013
0.008836,6.127703,6.280013
0.008838,6.131134,6.280013
0.008840,6.131828,6.276013
0.008842,6.132583,6.276013
0.008844,6.135680,6.276013
0.008846,6.141113,6.276013
0.008848,6.148879,6.276013
0.008850,6.158967,6.276013
0.008852,6.169949,6.276013
0.008854,6.178313,6.276013
0.008856,6.183912,6.276013
0.008858,6.186750,6.276013
0.008860,6.186830,6.272013
0.008862,6.186950,6.272013
0.008864,6.189393,6.272013
0.008866,6.194153,6.272013
0.008868,6.201223,6.272013
0.008870,6.210598,6.272013
0.008872,6.220845,6.272013
0.008874,6.228457,6.272013
0.008876,6.233286,6.272013
0.008878,6.235334,6.272013
0.008880,6.234607,6.268013
0.008882,6.233902,6.268013
0.008884,6.235504,6.268013
0.008886,6.239405,6.268013
0.008888,6.245599,6.268013
0.008890,6.254082,6.268013
0.008892,6.263422,6.268013
0.008894,6.270113,6.268013
0.008896,6.274006,6.268013
0.008898,6.275104,6.268013
0.008900,6.273411,6.264012
0.008902,6.271728,6.264012
0.008904,6.272338,6.264012
0.008906,6.275235,6.264012
0.008908,6.280414,6.264012
0.008910,6.287868,6.264012
0.008912,6.296168,6.264012
0.008914,6.301807,6.264012
0.008916,6.304638,6.264012
0.008918,6.304664,6.264012
0.008920,6.301891,6.260012
0.008922,6.299116,6.260012
0.008924,6.298626,6.260012
0.008926,6.300415,6.260012
0.008928,6.304478,6.260012
0.008930,6.310810,6.260012
0.008932,6.317981,6.260012
0.008934,6.322484,6.260012
0.008936,6.324175,6.260012
0.008938,6.323053,6.260012
0.008940,6.319126,6.256012
0.008942,6.315195,6.256012
0.008944,6.313543,6.256012
0.008946,6.314167,6.256012
0.008948,6.317062,6.256012
0.008950,6.322222,6.256012
0.008952,6.328219,6.256012
0.008954,6.331547,6.256012
0.008956,6.332060,6.256012
0.008958,6.329761,6.256012
0.008960,6.324656,6.252012
0.008962,6.319547,6.252012
0.008964,6.316719,6.252012
0.008966,6.316167,6.252012
0.008968,6.317888,6.252012
0.008970,6.321877,6.252012
0.008972,6.326704,6.252012
0.008974,6.328866,6.252012
0.008976,6.328215,6.252012
0.008978,6.324756,6.252012
0.008980,6.318497,6.248012
0.008982,6.312237,6.248012
0.008984,6.308263,6.248012
0.008986,6.306572,6.248012
0.008988,6.307160,6.248012
0.008990,6.310021,6.248012
0.008992,6.313729,6.248012
0.008994,6.314778,6.248012
0.008996,6.313022,6.248012
0.008998,6.308467,6.248012
0.009000,6.301120,6.244011
0.009002,6.293782,6.244011
0.009004,6.288740,6.244011
0.009006,6.285988,6.244011
0.009008,6.285526,6.244011
0.009010,6.287350,6.244011
0.009012,6.290030,6.244011
0.009014,6.290064,6.244011
0.009016,6.287306,6.244011
0.009018,6.281760,6.244011
0.009020,6.273435,6.240011
0.009022,6.264624,6.240011
0.009024,6.258123,6.240011
0.009026,6.253930,6.240011
0.009028,6.252042,6.240011
0.009030,6.252454,6.240011
0.009032,6.253334,6.240011
0.009034,6.251484,6.240011
0.009036,6.246861,6.240011
0.009038,6.239470,6.240011
0.009040,6.229321,6.236011
0.009042,6.219215,6.236011
0.009044,6.211440,6.236011
0.009046,6.205993,6.236011
0.009048,6.202873,6.236011
0.009050,6.202075,6.236011
0.009052,6.201768,6.236011
0.009054,6.198755,6.236011
0.009056,6.192991,6.236011
0.009058,6.184484,6.236011
0.009060,6.173254,6.232011
0.009062,6.162200,6.232011
0.009064,6.153502,6.232011
0.009066,6.147157,6.232011
0.009068,6.143164,6.232011
0.009070,6.141520,6.232011
0.009072,6.140391,6.232011
0.009074,6.136583,6.232011
0.009076,6.130049,6.232011
0.009078,6.120800,6.232011
0.009080,6.109060,6.228011
0.009082,6.098150,6.228011
0.009084,6.089619,6.228011
0.009086,6.083467,6.228011
0.009088,6.079692,6.228011
0.009090,6.078290,6.228011
0.009092,6.077429,6.228011
0.009094,6.073913,6.228011
0.009096,6.067697,6.228011
0.009098,6.058789,6.228011
0.009100,6.047326,6.228011
0.009102,6.036552,6.228011
0.009104,6.028183,6.228011
0.009106,6.022216,6.228011
0.009108,6.018650,6.228011
0.009110,6.017482,6.228011
0.009112,6.016879,6.228011
0.009114,6.013644,6.228011
0.009116,6.007731,6.228011
0.009118,5.999151,6.228011
0.009120,5.987974,6.228011
0.009122,5.977332,6.228011
0.009124,5.969117,6.228011
0.009126,5.963329,6.228011
0.009128,5.959965,6.228011
0.009130,5.959022,6.228011
0.009132,5.958667,6.228011
0.009134,5.955702,6.228011
0.009136,5.950084,6.228011
0.009138,5.941818,6.228011
0.009140,5.930938,6.228011
0.009142,5.920179,6.228011
0.009144,5.911872,6.228011
0.009146,5.906014,6.228011
0.009148,5.902603,6.228011
0.009150,5.901636,6.228011
0.009152,5.901280,6.228011
0.009154,5.898337,6.228011
0.009156,5.892763,6.228011
0.009158,5.884565,6.228011
0.009160,5.873776,6.232011
0.009162,5.863388,6.232011
0.009164,5.855471,6.232011
0.009166,5.850026,6.232011
0.009168,5.847050,6.232011
0.009170,5.846539,6.232011
0.009172,5.846659,6.232011
0.009174,5.844214,6.232011
0.009176,5.839158,6.232011
0.009178,5.831500,6.232011
0.009180,5.821247,6.236011
0.009182,5.811200,6.236011
0.009184,5.803647,6.236011
0.009186,5.798585,6.236011
0.009188,5.796012,6.236011
0.009190,5.795921,6.236011
0.009192,5.796483,6.236011
0.009194,5.794498,6.236011
0.009196,5.789922,6.236011
0.009198,5.782762,6.236011
0.009200,5.773026,6.240011
0.009202,5.763514,6.240011
0.009204,5.756514,6.240011
0.009206,5.752023,6.240011
0.009208,5.750037,6.240011
0.009210,5.750553,6.240011
0.009212,5.751738,6.240011
0.009214,5.750393,6.240011
0.009216,5.746474,6.240011
0.009218,5.739985,6.240011
0.009220,5.730937,6.244011
0.009222,5.722127,6.244011
0.009224,5.715845,6.244011
0.009226,5.712086,6.244011
0.009228,5.710848,6.244011
0.009230,5.712125,6.244011
0.009232,5.714491,6.244011
0.009234,5.714441,6.244011
0.009236,5.711827,6.244011
0.009238,5.706657,6.244011
0.009240,5.698936,6.248012
0.009242,5.691466,6.248012
0.009244,5.686532,6.248012
0.009246,5.684131,6.248012
0.009248,5.684258,6.248012
0.009250,5.686909,6.248012
0.009252,5.690656,6.248012
0.009254,5.691994,6.248012
0.009256,5.690774,6.248012
0.009258,5.687003,6.248012
0.009260,5.680687,6.252012
0.009262,5.674119,6.252012
0.009264,5.670093,6.252012
0.009266,5.668603,6.252012
0.009268,5.669647,6.252012
0.009270,5.673219,6.252012
0.009272,5.677890,6.252012
0.009274,5.680155,6.252012
0.009276,5.679867,6.252012
0.009278,5.677029,6.252012
0.009280,5.671648,6.256012
0.009282,5.666523,6.256012
0.009284,5.663940,6.256012
0.009286,5.663894,6.256012
0.009288,5.666381,6.256012
0.009290,5.671393,6.256012
0.009292,5.677503,6.256012
0.009294,5.681204,6.256012
0.009296,5.682348,6.256012
0.009298,5.680939,6.256012
0.009300,5.676982,6.260012
0.009302,5.673277,6.260012
0.009304,5.672109,6.260012
0.009306,5.673470,6.260012
0.009308,5.677358,6.260012
0.009310,5.683764,6.260012
0.009312,5.691260,6.260012
0.009314,5.696340,6.260012
0.009316,5.698853,6.260012
0.009318,5.698803,6.260012
0.009320,5.696197,6.264012
0.009322,5.693832,6.264012
0.009324,5.693992,6.264012
0.009326,5.696671,6.264012
0.009328,5.701864,6.264012
0.009330,5.709564,6.264012
0.009332,5.718340,6.264012
0.009334,5.724686,6.264012
0.009336,5.728453,6.264012
0.009338,5.729640,6.264012
0.009340,5.728259,6.268013
0.009342,5.727102,6.268013
0.009344,5.728455,6.268013
0.009346,5.732311,6.268013
0.009348,5.738665,6.268013
0.009350,5.747508,6.268013
0.009352,5.757410,6.268013
0.009354,5.764863,6.268013
0.009356,5.769718,6.268013
0.009358,5.771978,6.268013
0.009360,5.771647,6.272013
0.009362,5.771523,6.272013
0.009364,5.773889,6.272013
0.009366,5.778738,6.272013
0.009368,5.786063,6.272013
0.009370,5.795856,6.272013
0.009372,5.806688,6.272013
0.009374,5.815050,6.272013
0.009376,5.820791,6.272013
0.009378,5.823915,6.272013
0.009380,5.824426,6.276013
0.009382,5.824614,6.276013
0.009384,5.827269,6.276013
0.009386,5.832385,6.276013
0.009388,5.839955,6.276013
0.009390,5.849972,6.276013
0.009392,5.861005,6.276013
0.009394,5.869547,6.276013
0.009396,5.875446,6.276013
0.009398,5.878706,6.276013
0.009400,5.879330,6.280013
0.009402,5.880115,6.280013
0.009404,5.883345,6.280013
0.009406,5.889012,6.280013
0.009408,5.897110,6.280013
0.009410,5.907631,6.280013
0.009412,5.919144,6.280013
0.009414,5.928142,6.280013
0.009416,5.934472,6.280013
0.009418,5.938138,6.280013
0.009420,5.939144,6.280013
0.009422,5.940287,6.280013
0.009424,5.943849,6.280013
0.009426,5.949824,6.280013
0.009428,5.958205,6.280013
0.009430,5.968985,6.280013
0.009432,5.980731,6.280013
0.009434,5.989936,6.280013
0.009436,5.996449,6.280013
0.009438,6.000273,6.280013
0.009440,6.001411,6.280013
0.009442,6.002662,6.280013
0.009444,6.006307,6.280013
0.009446,6.012339,6.280013
0.009448,6.020752,6.280013
0.009450,6.031538,6.280013
0.009452,6.043267,6.280013
0.009454,6.052429,6.280013
0.009456,6.058874,6.280013
0.009458,6.062605,6.280013
0.009460,6.063626,6.280013
0.009462,6.064734,6.280013
0.009464,6.068213,6.280013
0.009466,6.074054,6.280013
0.009468,6.082252,6.280013
0.009470,6.092799,6.280013
0.009472,6.104263,6.280013
0.009474,6.113137,6.280013
0.009476,6.119271,6.280013
0.009478,6.122668,6.280013
0.009480,6.123331,6.276013
0.009482,6.124058,6.276013
0.009484,6.127132,6.276013
0.009486,6.132547,6.276013
0.009488,6.140296,6.276013
0.009490,6.150371,6.276013
0.009492,6.161343,6.276013
0.009494,6.169702,6.276013
0.009496,6.175299,6.276013
0.009498,6.178137,6.276013
0.009500,6.178221,6.272013
0.009502,6.177841,6.272013
0.009504,6.179788,6.272013
0.009506,6.184057,6.272013
0.009508,6.190642,6.272013
0.009510,6.199535,6.272013
0.009512,6.209307,6.272013
0.009514,6.216450,6.272013
0.009516,6.220815,6.272013
0.009518,6.222405,6.272013
0.009520,6.221227,6.268013
0.009522,6.220077,6.268013
0.009524,6.221239,6.268013
0.009526,6.224708,6.268013
0.009528,6.230478,6.268013
0.009530,6.238542,6.268013
0.009532,6.247470,6.268013
0.009534,6.253756,6.268013
0.009536,6.257251,6.268013
0.009538,6.257959,6.268013
0.009540,6.255885,6.264012
0.009542,6.253827,6.264012
0.009544,6.254069,6.264012
0.009546,6.256608,6.264012
0.009548,6.261437,6.264012
0.009550,6.268550,6.264012
0.009552,6.276516,6.264012
0.009554,6.281831,6.264012
0.009556,6.284346,6.264012
0.009558,6.284064,6.264012
0.009560,6.280991,6.260012
0.009562,6.277927,6.260012
0.009564,6.277155,6.260012
0.009566,6.278671,6.260012
0.009568,6.282472,6.260012
0.009570,6.288550,6.260012
0.009572,6.295476,6.260012
0.009574,6.299746,6.260012
0.009576,6.301209,6.260012
0.009578,6.299872,6.260012
0.009580,6.295740,6.256012
0.009582,6.291613,6.256012
0.009584,6.289777,6.256012
0.009586,6.290225,6.256012
0.009588,6.292953,6.256012
0.009590,6.297957,6.256012
0.009592,6.303808,6.256012
0.009594,6.307000,6.256012
0.009596,6.307386,6.256012
0.009598,6.304971,6.256012
0.009600,6.299761,6.252012
0.009602,6.294557,6.252012
0.009604,6.291644,6.252012
0.009606,6.291017,6.252012
0.009608,6.292673,6.252012
0.009610,6.296606,6.252012
0.009612,6.301389,6.252012
0.009614,6.303516,6.252012
0.009616,6.302841,6.252012
0.009618,6.299368,6.252012
0.009620,6.293105,6.248012
0.009622,6.286345,6.248012
0.009624,6.281881,6.248012
0.009626,6.279712,6.248012
0.009628,6.279831,6.248012
0.009630,6.282238,6.248012
0.009632,6.285502,6.248012
0.009634,6.286121,6.248012
0.009636,6.283947,6.248012
0.009638,6.278986,6.248012
0.009640,6.271246,6.244011
0.009642,6.263527,6.244011
0.009644,6.258117,6.244011
0.009646,6.255012,6.244011
0.009648,6.254210,6.244011
0.009650,6.255705,6.244011
0.009652,6.258070,6.244011
0.009654,6.257802,6.244011
0.009656,6.254755,6.244011
0.009658,6.248934,6.244011
0.009660,6.240348,6.240011
0.009662,6.231798,6.240011
0.009664,6.225570,6.240011
0.009666,6.221663,6.240011
0.009668,6.220072,6.240011
0.009670,6.220794,6.240011
0.009672,6.221996,6.240011
0.009674,6.220479,6.240011
0.009676,6.216201,6.240011
0.009678,6.209167,6.240011
0.009680,6.199387,6.236011
0.009682,6.189661,6.236011
0.009684,6.182277,6.236011
0.009686,6.177232,6.236011
0.009688,6.174526,6.236011
0.009690,6.174151,6.236011
0.009692,6.174277,6.236011
0.009694,6.171707,6.236011
0.009696,6.166396,6.236011
0.009698,6.158351,6.236011
0.009700,6.147582,6.232011
0.009702,6.136890,6.232011
0.009704,6.128563,6.232011
0.009706,6.122598,6.232011
0.009708,6.118995,6.232011
0.009710,6.117748,6.232011
0.009712,6.117027,6.232011
0.009714,6.113634,6.232011
0.009716,6.107525,6.232011
0.009718,6.098707,6.232011
0.009720,6.087274,6.232011
0.009722,6.076411,6.232011
0.009724,6.067937,6.232011
0.009726,6.061852,6.232011
0.009728,6.058151,6.232011
0.009730,6.056832,6.232011
0.009732,6.056063,6.232011
0.009734,6.052646,6.232011
0.009736,6.046537,6.232011
0.009738,6.037745,6.232011
0.009740,6.026381,6.232011
0.009742,6.015414,6.232011
0.009744,6.006861,6.232011
0.009746,6.000720,6.232011
0.009748,5.996989,6.232011
0.009750,5.995664,6.232011
0.009752,5.994914,6.232011
0.009754,5.991539,6.232011
0.009756,5.985499,6.232011
0.009758,5.976798,6.232011
0.009760,5.965549,6.232011
0.009762,5.954956,6.232011
0.009764,5.946800,6.232011
0.009766,5.941080,6.232011
0.009768,5.937792,6.232011
0.009770,5.936934,6.232011
0.009772,5.936673,6.232011
0.009774,5.933810,6.232011
0.009776,5.928301,6.232011
0.009778,5.920155,6.232011
0.009780,5.909394,6.232011
0.009782,5.898926,6.232011
0.009784,5.890917,6.232011
0.009786,5.885364,6.232011
0.009788,5.882267,6.232011
0.009790,5.881621,6.232011
0.009792,5.881593,6.232011
0.009794,5.878986,6.232011
0.009796,5.873754,6.232011
0.009798,5.865906,6.232011
0.009800,5.855450,6.236011
0.009802,5.845189,6.236011
0.009804,5.837407,6.236011
0.009806,5.832103,6.236011
0.009808,5.829274,6.236011
0.009810,5.828917,6.236011
0.009812,5.829199,6.236011
0.009814,5.826922,6.236011
0.009816,5.822042,6.236011
0.009818,5.814564,6.236011
0.009820,5.804498,6.240011
0.009822,5.794645,6.240011
0.009824,5.787291,6.240011
0.009826,5.782434,6.240011
0.009828,5.780073,6.240011
0.009830,5.780201,6.240011
0.009832,5.780988,6.240011
0.009834,5.779233,6.240011
0.009836,5.774892,6.240011
0.009838,5.767973,6.240011
0.009840,5.758483,6.244011
0.009842,5.749223,6.244011
0.009844,5.742479,6.244011
0.009846,5.738249,6.244011
0.009848,5.736531,6.244011
0.009850,5.737319,6.244011
0.009852,5.739185,6.244011
0.009854,5.738627,6.244011
0.009856,5.735497,6.244011
0.009858,5.729803,6.244011
0.009860,5.721549,6.248012
0.009862,5.713539,6.248012
0.009864,5.708057,6.248012
0.009866,5.705100,6.248012
0.009868,5.704665,6.248012
0.009870,5.706746,6.248012
0.009872,5.709917,6.248012
0.009874,5.710671,6.248012
0.009876,5.708862,6.248012
0.009878,5.704495,6.248012
0.009880,5.697577,6.252012
0.009882,5.690909,6.252012
0.009884,5.686776,6.252012
0.009886,5.685174,6.252012
0.009888,5.686099,6.252012
0.009890,5.689545,6.252012
0.009892,5.694084,6.252012
0.009894,5.696211,6.252012
0.009896,5.695778,6.252012
0.009898,5.692789,6.252012
0.009900,5.687252,6.256012
0.009902,5.681966,6.256012
0.009904,5.679215,6.256012
0.009906,5.678996,6.256012
0.009908,5.681302,6.256012
0.009910,5.686130,6.256012
0.009912,5.692049,6.256012
0.009914,5.695554,6.256012
0.009916,5.696496,6.256012
0.009918,5.694880,6.256012
0.009920,5.690711,6.260012
0.009922,5.686790,6.260012
0.009924,5.685400,6.260012
0.009926,5.686536,6.260012
0.009928,5.690192,6.260012
0.009930,5.696362,6.260012
0.009932,5.703619,6.260012
0.009934,5.708455,6.260012
0.009936,5.710718,6.260012
0.009938,5.710414,6.260012
0.009940,5.707550,6.264012
0.009942,5.704923,6.264012
0.009944,5.704817,6.264012
0.009946,5.707227,6.264012
0.009948,5.712147,6.264012
0.009950,5.719570,6.264012
0.009952,5.728066,6.264012
0.009954,5.734128,6.264012
0.009956,5.737607,6.264012
0.009958,5.738506,6.264012
0.009960,5.736831,6.268013
0.009962,5.735379,6.268013
0.009964,5.736433,6.268013
0.009966,5.739988,6.268013
0.009968,5.746038,6.268013
0.009970,5.754575,6.268013
0.009972,5.764169,6.268013
0.009974,5.771313,6.268013
0.009976,5.775857,6.268013
0.009978,5.777803,6.268013
0.009980,5.777157,6.272013
0.009982,5.776716,6.272013
0.009984,5.778763,6.272013
0.009986,5.783293,6.272013
0.009988,5.790296,6.272013
0.009990,5.799767,6.272013
0.009992,5.810275,6.272013
0.009994,5.818312,6.272013
0.009996,5.823729,6.272013
0.009998,5.826528,6.272013
0.010000,5.826714,6.276013
0.010002,5.827083,6.276013
0.010004,5.829917,6.276013
0.010006,5.835213,6.276013
0.010008,5.842961,6.276013
0.010010,5.853155,6.276013
0.010012,5.864363,6.276013
0.010014,5.873077,6.276013
0.010016,5.879147,6.276013
0.010018,5.882576,6.276013
0.010020,5.883367,6.280013
0.010022,5.884318,6.280013
0.010024,5.887711,6.280013
0.010026,5.893540,6.280013
0.010028,5.901797,6.280013
0.010030,5.912475,6.280013
0.010032,5.924143,6.280013
0.010034,5.933294,6.280013
0.010036,5.939774,6.280013
0.010038,5.943587,6.280013
0.010040,5.944738,6.284013
0.010042,5.946024,6.284013
0.010044,5.949727,6.284013
0.010046,5.955840,6.284013
0.010048,5.964355,6.284013
0.010050,5.975266,6.284013
0.010052,5.987142,6.284013
0.010054,5.996473,6.284013
0.010056,6.003109,6.284013
0.010058,6.007054,6.284013
0.010060,6.008310,6.288013
0.010062,6.009676,6.288013
0.010064,6.013432,6.288013
0.010066,6.019574,6.288013
0.010068,6.028092,6.288013
0.010070,6.038980,6.288013
0.010072,6.050807,6.288013
0.010074,6.060065,6.288013
0.010076,6.066603,6.288013
0.010078,6.070425,6.288013
0.010080,6.071531,6.292014
0.010082,6.072722,6.292014
0.010084,6.076280,6.292014
0.010086,6.082197,6.292014
0.010088,6.090467,6.292014
0.010090,6.101083,6.292014
0.010092,6.112613,6.292014
0.010094,6.121550,6.292014
0.010096,6.127742,6.292014
0.010098,6.131193,6.292014
0.010100,6.131908,6.296014
0.010102,6.132684,6.296014
0.010104,6.135803,6.296014
0.010106,6.141259,6.296014
0.010108,6.149045,6.296014
0.010110,6.159154,6.296014
0.010112,6.170156,6.296014
0.010114,6.178543,6.296014
0.010116,6.184165,6.296014
0.010118,6.187023,6.296014
0.010120,6.187122,6.300014
0.010122,6.187262,6.300014
0.010124,6.189724,6.300014
0.010126,6.194504,6.300014
0.010128,6.201593,6.300014
0.010130,6.210986,6.300014
0.010132,6.221252,6.300014
0.010134,6.228884,6.300014
0.010136,6.233731,6.300014
0.010138,6.235797,6.300014
0.010140,6.235088,6.304014
0.010142,6.234402,6.304014
0.010144,6.236020,6.304014
0.010146,6.239939,6.304014
0.010148,6.246152,6.304014
0.010150,6.254652,6.304014
0.010152,6.264009,6.304014
0.010154,6.270716,6.304014
0.010156,6.274625,6.304014
0.010158,6.275738,6.304014
0.010160,6.274061,6.308014
0.010162,6.272393,6.308014
0.010164,6.273017,6.308014
0.010166,6.275929,6.308014
0.010168,6.281122,6.308014
0.010170,6.288590,6.308014
0.010172,6.296904,6.308014
0.010174,6.302557,6.308014
0.010176,6.305400,6.308014
0.010178,6.305439,6.308014
0.010180,6.302678,6.312015
0.010182,6.299916,6.312015
0.010184,6.299438,6.312015
0.010186,6.301238,6.312015
0.010188,6.305312,6.312015
0.010190,6.311654,6.312015
0.010192,6.318834,6.312015
0.010194,6.323348,6.312015
0.010196,6.325047,6.312015
0.010198,6.323934,6.312015
0.010200,6.320015,6.316015
0.010202,6.316092,6.316015
0.010204,6.314448,6.316015
0.010206,6.315080,6.316015
0.010208,6.317983,6.316015
0.010210,6.323150,6.316015
0.010212,6.329154,6.316015
0.010214,6.332488,6.316015
0.010216,6.333005,6.316015
0.010218,6.330711,6.316015
0.010220,6.325611,6.320015
0.010222,6.320507,6.320015
0.010224,6.317682,6.320015
0.010226,6.317134,6.320015
0.010228,6.318859,6.320015
0.010230,6.322850,6.320015
0.010232,6.327680,6.320015
0.010234,6.329843,6.320015
0.010236,6.329193,6.320015
0.010238,6.325735,6.320015
0.010240,6.319477,6.324015
0.010242,6.313219,6.324015
0.010244,6.309245,6.324015
0.010246,6.307554,6.324015
0.010248,6.308141,6.324015
0.010250,6.311000,6.324015
0.010252,6.314708,6.324015
0.010254,6.315755,6.324015
0.010256,6.313997,6.324015
0.010258,6.309439,6.324015
0.010260,6.302089,6.328015
0.010262,6.294748,6.328015
0.010264,6.289702,6.328015
0.010266,6.286947,6.328015
0.010268,6.286481,6.328015
0.010270,6.288300,6.328015
0.010272,6.290975,6.328015
0.010274,6.291004,6.328015
0.010276,6.288239,6.328015
0.010278,6.282686,6.328015
0.010280,6.274354,6.332016
0.010282,6.266045,6.332016
0.010284,6.260043,6.332016
0.010286,6.256347,6.332016
0.010288,6.254953,6.332016
0.010290,6.255858,6.332016
0.010292,6.257636,6.332016
0.010294,6.256782,6.332016
0.010296,6.253149,6.332016
0.010298,6.246745,6.332016
0.010300,6.237577,6.336016
0.010302,6.228447,6.336016
0.010304,6.221642,6.336016
0.010306,6.217160,6.336016
0.010308,6.214998,6.336016
0.010310,6.215152,6.336016
0.010312,6.216197,6.336016
0.010314,6.214628,6.336016
0.010316,6.210298,6.336016
0.010318,6.203215,6.336016
0.010320,6.193387,6.340016
0.010322,6.183617,6.340016
0.010324,6.176189,6.340016
0.010326,6.171104,6.340016
0.010328,6.168360,6.340016
0.010330,6.167952,6.340016
0.010332,6.168452,6.340016
0.010334,6.166358,6.340016
0.010336,6.161525,6.340016
0.010338,6.153960,6.340016
0.010340,6.143672,6.344016
0.010342,6.133461,6.344016
0.010344,6.125614,6.344016
0.010346,6.120130,6.344016
0.010348,6.117007,6.344016
0.010350,6.116241,6.344016
0.010352,6.116407,6.344016
0.010354,6.114001,6.344016
0.010356,6.108878,6.344016
0.010358,6.101042,6.344016
0.010360,6.090504,6.348016
0.010362,6.079558,6.348016
0.010364,6.071000,6.348016
0.010366,6.064830,6.348016
0.010368,6.061044,6.348016
0.010370,6.059638,6.348016
0.010372,6.059186,6.348016
0.010374,6.056187,6.348016
0.010376,6.050494,6.348016
0.010378,6.042114,6.348016
0.010380,6.031076,6.352016
0.010382,6.020338,6.352016
0.010384,6.012011,6.352016
0.010386,6.006093,6.352016
0.010388,6.002583,6.352016
0.010390,6.001477,6.352016
0.010392,6.001348,6.352016
0.010394,5.998693,6.352016
0.010396,5.993367,6.352016
0.010398,5.985376,6.352016
0.010400,5.974730,6.356017
0.010402,5.964230,6.356017
0.010404,5.956164,6.356017
0.010406,5.950529,6.356017
0.010408,5.947322,6.356017
0.010410,5.946540,6.356017
0.010412,5.946757,6.356017
0.010414,5.944470,6.356017
0.010416,5.939532,6.356017
0.010418,5.931951,6.356017
0.010420,5.921734,6.360017
0.010422,5.911684,6.360017
0.010424,5.904086,6.360017
0.010426,5.898941,6.360017
0.010428,5.896243,6.360017
0.010430,5.895990,6.360017
0.010432,5.896755,6.360017
0.010434,5.895035,6.360017
0.010436,5.890682,6.360017
0.010438,5.883704,6.360017
0.010440,5.874109,6.364017
0.010442,5.864699,6.364017
0.010444,5.857759,6.364017
0.010446,5.853287,6.364017
0.010448,5.851281,6.364017
0.010450,5.851736,6.364017
0.010452,5.853580,6.364017
0.010454,5.853105,6.364017
0.010456,5.850014,6.364017
0.010458,5.844311,6.364017
0.010460,5.836005,6.368017
0.010462,5.827895,6.368017
0.010464,5.822268,6.368017
0.010466,5.819121,6.368017
0.010468,5.818450,6.368017
0.010470,5.820251,6.368017
0.010472,5.823452,6.368017
0.010474,5.824344,6.368017
0.010476,5.822626,6.368017
0.010478,5.818305,6.368017
0.010480,5.811388,6.372017
0.010482,5.804168,6.372017
0.010484,5.799438,6.372017
0.010486,5.797194,6.372017
0.010488,5.797433,6.372017
0.010490,5.800151,6.372017
0.010492,5.804275,6.372017
0.010494,5.806097,6.372017
0.010496,5.805315,6.372017
0.010498,5.801934,6.372017
0.010500,5.795962,6.376018
0.010502,5.790198,6.376018
0.010504,5.786927,6.376018
0.010506,5.786146,6.376018
0.010508,5.787848,6.376018
0.010510,5.792030,6.376018
0.010512,5.797619,6.376018
0.010514,5.800904,6.376018
0.010516,5.801585,6.376018
0.010518,5.799666,6.376018
0.010520,5.795153,6.380018
0.010522,5.790846,6.380018
0.010524,5.789030,6.380018
0.010526,5.789698,6.380018
0.010528,5.792847,6.380018
0.010530,5.798470,6.380018
0.010532,5.805494,6.380018
0.010534,5.810209,6.380018
0.010536,5.812312,6.380018
0.010538,5.811809,6.380018
0.010540,5.808704,6.384018
0.010542,5.805797,6.384018
0.010544,5.805373,6.384018
0.010546,5.807423,6.384018
0.010548,5.811944,6.384018
0.010550,5.818928,6.384018
0.010552,5.827302,6.384018
0.010554,5.833356,6.384018
0.010556,5.836787,6.384018
0.010558,5.837598,6.384018
0.010560,5.835795,6.388018
0.010562,5.834177,6.388018
0.010564,5.835025,6.388018
0.010566,5.838336,6.388018
0.010568,5.844102,6.388018
0.010570,5.852316,6.388018
0.010572,5.861906,6.388018
0.010574,5.869157,6.388018
0.010576,5.873769,6.388018
0.010578,5.875744,6.388018
0.010580,5.875088,6.392018
0.010582,5.874598,6.392018
0.010584,5.876557,6.392018
0.010586,5.880959,6.392018
0.010588,5.887798,6.392018
0.010590,5.897065,6.392018
0.010592,5.907686,6.392018
0.010594,5.915949,6.392018
0.010596,5.921552,6.392018
0.010598,5.924498,6.392018
0.010600,5.924791,6.396019
0.010602,5.924722,6.396019
0.010604,5.927079,6.396019
0.010606,5.931859,6.396019
0.010608,5.939053,6.396019
0.010610,5.948656,6.396019
0.010612,5.959591,6.396019
0.010614,5.968148,6.396019
0.010616,5.974023,6.396019
0.010618,5.977219,6.396019
0.010620,5.977739,6.400019
0.010622,5.978383,6.400019
0.010624,5.981432,6.400019
0.010626,5.986879,6.400019
0.010628,5.994719,6.400019
0.010630,6.004942,6.400019
0.010632,6.016475,6.400019
0.010634,6.025605,6.400019
0.010636,6.032029,6.400019
0.010638,6.035750,6.400019
0.010640,6.036772,6.404019
0.010642,6.037892,6.404019
0.010644,6.041393,6.404019
0.010646,6.047267,6.404019
0.010648,6.055509,6.404019
0.010650,6.066110,6.404019
0.010652,6.077994,6.404019
0.010654,6.087451,6.404019
0.010656,6.094175,6.404019
0.010658,6.098171,6.404019
0.010660,6.099443,6.408019
0.010662,6.100787,6.408019
0.010664,6.104486,6.408019
0.010666,6.110533,6.408019
0.010668,6.118923,6.408019
0.010670,6.129645,6.408019
0.010672,6.141626,6.408019
0.010674,6.151153,6.408019
0.010676,6.157923,6.408019
0.010678,6.161938,6.408019
0.010680,6.163204,6.412019
0.010682,6.164516,6.412019
0.010684,6.168159,6.412019
0.010686,6.174124,6.412019
0.010688,6.182405,6.412019
0.010690,6.192995,6.412019
0.010692,6.204818,6.412019
0.010694,6.214162,6.412019
0.010696,6.220725,6.412019
0.010698,6.224508,6.412019
0.010700,6.225517,6.416019
0.010702,6.226548,6.416019
0.010704,6.229885,6.416019
0.010706,6.235520,6.416019
0.010708,6.243450,6.416019
0.010710,6.253662,6.416019
0.010712,6.265084,6.416019
0.010714,6.274005,6.416019
0.010716,6.280120,6.416019
0.010718,6.283434,6.416019
0.010720,6.283950,6.420020
0.010722,6.283960,6.420020
0.010724,6.286253,6.420020
0.010726,6.290825,6.420020
0.010728,6.297669,6.420020
0.010730,6.306779,6.420020
0.010732,6.317079,6.420020
0.010734,6.324859,6.420020
0.010736,6.329815,6.420020
0.010738,6.331954,6.420020
0.010740,6.331277,6.424020
0.010742,6.330584,6.424020
0.010744,6.332158,6.424020
0.010746,6.335994,6.424020
0.010748,6.342085,6.424020
0.010750,6.350426,6.424020
0.010752,6.359941,6.424020
0.010754,6.366921,6.424020
0.010756,6.371062,6.424020
0.010758,6.372369,6.424020
0.010760,6.370847,6.428020
0.010762,6.369295,6.428020
0.010764,6.369996,6.428020
0.010766,6.372945,6.428020
0.010768,6.378136,6.428020
0.010770,6.385564,6.428020
0.010772,6.394156,6.428020
0.010774,6.400198,6.428020
0.010776,6.403392,6.428020
0.010778,6.403740,6.428020
0.010780,6.401249,6.432020
0.010782,6.398717,6.432020
0.010784,6.398429,6.432020
0.010786,6.400380,6.432020
0.010788,6.404565,6.432020
0.010790,6.410977,6.432020
0.010792,6.418545,6.432020
0.010794,6.423556,6.432020
0.010796,6.425710,6.432020
0.010798,6.425013,6.432020
0.010800,6.421470,6.436020
0.010802,6.417881,6.436020
0.010804,6.416528,6.436020
0.010806,6.417410,6.436020
0.010808,6.420521,6.436020
0.010810,6.425856,6.436020
0.010812,6.432342,6.436020
0.010814,6.436266,6.436020
0.010816,6.437332,6.436020
0.010818,6.435544,6.436020
0.010820,6.430909,6.440021
0.010822,6.426224,6.440021
0.010824,6.423777,6.440021
0.010826,6.423563,6.440021
0.010828,6.425578,6.440021
0.010830,6.429816,6.440021
0.010832,6.435205,6.440021
0.010834,6.438037,6.440021
0.010836,6.438011,6.440021
0.010838,6.435132,6.440021
0.010840,6.429407,6.444021
0.010842,6.423635,6.444021
0.010844,6.420104,6.444021
0.010846,6.418811,6.444021
0.010848,6.419751,6.444021
0.010850,6.422919,6.444021
0.010852,6.427244,6.444021
0.010854,6.429015,6.444021
0.010856,6.427933,6.444021
0.010858,6.424006,6.444021
0.010860,6.417239,6.448021
0.010862,6.410434,6.448021
0.010864,6.405877,6.448021
0.010866,6.403563,6.448021
0.010868,6.403491,6.448021
0.010870,6.405655,6.448021
0.010872,6.408985,6.448021
0.010874,6.409771,6.448021
0.010876,6.407715,6.448021
0.010878,6.402822,6.448021
0.010880,6.395100,6.452021
0.010882,6.387351,6.452021
0.010884,6.381860,6.452021
0.010886,6.378625,6.452021
0.010888,6.377643,6.452021
0.010890,6.378910,6.452021
0.010892,6.381355,6.452021
0.010894,6.381269,6.452021
0.010896,6.378353,6.452021
0.010898,6.372614,6.452021
0.010900,6.364062,6.456021
0.010902,6.355495,6.456021
0.010904,6.349200,6.456021
0.010906,6.345177,6.456021
0.010908,6.343421,6.456021
0.010910,6.343930,6.456021
0.010912,6.345631,6.456021
0.010914,6.344818,6.456021
0.010916,6.341191,6.456021
0.010918,6.334757,6.456021
0.010920,6.325524,6.460021
0.010922,6.316295,6.460021
0.010924,6.309357,6.460021
0.010926,6.304706,6.460021
0.010928,6.302340,6.460021
0.010930,6.302255,6.460021
0.010932,6.303381,6.460021
0.010934,6.302011,6.460021
0.010936,6.297845,6.460021
0.010938,6.290891,6.460021
0.010940,6.281157,6.464022
0.010942,6.271444,6.464022
0.010944,6.264041,6.464022
0.010946,6.258945,6.464022
0.010948,6.256152,6.464022
0.010950,6.255661,6.464022
0.010952,6.256400,6.464022
0.010954,6.254663,6.464022
0.010956,6.250149,6.464022
0.010958,6.242867,6.464022
0.010960,6.232825,6.468022
0.010962,6.222825,6.468022
0.010964,6.215153,6.468022
0.010966,6.209808,6.468022
0.010968,6.206788,6.468022
0.010970,6.206089,6.468022
0.010972,6.206641,6.468022
0.010974,6.204736,6.468022
0.010976,6.200075,6.468022
0.010978,6.192666,6.468022
0.010980,6.182517,6.472022
0.010982,6.172430,6.472022
0.010984,6.164692,6.472022
0.010986,6.159302,6.472022
0.010988,6.156256,6.472022
0.010990,6.155553,6.472022
0.010992,6.156119,6.472022
0.010994,6.154248,6.472022
0.010996,6.149642,6.472022
0.010998,6.142308,6.472022
0.011000,6.132255,6.476022
0.011002,6.122283,6.476022
0.011004,6.114680,6.476022
0.011006,6.109444,6.476022
0.011008,6.106573,6.476022
0.011010,6.106063,6.476022
0.011012,6.106843,6.476022
0.011014,6.105205,6.476022
0.011016,6.100851,6.476022
0.011018,6.093788,6.476022
0.011020,6.084023,6.480022
0.011022,6.074360,6.480022
0.011024,6.067084,6.480022
0.011026,6.062191,6.480022
0.011028,6.059683,6.480022
0.011030,6.059555,6.480022
0.011032,6.061038,6.480022
0.011034,6.060324,6.480022
0.011036,6.056911,6.480022
0.011038,6.050803,6.480022
0.011040,6.042009,6.484023
0.011042,6.033331,6.484023
0.011044,6.027055,6.484023
0.011046,6.023179,6.484023
0.011048,6.021698,6.484023
0.011050,6.022610,6.484023
0.011052,6.025147,6.484023
0.011054,6.025499,6.484023
0.011056,6.023162,6.484023
0.011058,6.018143,6.484023
0.011060,6.010449,6.488023
0.011062,6.002881,6.488023
0.011064,5.997725,6.488023
0.011066,5.994978,6.488023
0.011068,5.994637,6.488023
0.011070,5.996695,6.488023
0.011072,6.000387,6.488023
0.011074,6.001902,6.488023
0.011076,6.000735,6.488023
0.011078,5.996891,6.488023
0.011080,5.990380,6.492023
0.011082,5.984000,6.492023
0.011084,5.980038,6.492023
0.011086,5.978488,6.492023
0.011088,5.979349,6.492023
0.011090,5.982614,6.492023
0.011092,5.987515,6.492023
0.011094,5.990241,6.492023
0.011096,5.990287,6.492023
0.011098,5.987660,6.492023
0.011100,5.982365,6.496023
0.011102,5.977203,6.496023
0.011104,5.974458,6.496023
0.011106,5.974127,6.496023
0.011108,5.976205,6.496023
0.011110,5.980686,6.496023
0.011112,5.986802,6.496023
0.011114,5.990740,6.496023
0.011116,5.991997,6.496023
0.011118,5.990576,6.496023
0.011120,5.986485,6.500023
0.011122,5.982522,6.500023
0.011124,5.980972,6.500023
0.011126,5.981831,6.500023
0.011128,5.985092,6.500023
0.011130,5.990751,6.500023
0.011132,5.998039,6.500023
0.011134,6.003142,6.500023
0.011136,6.005556,6.500023
0.011138,6.005285,6.500023
0.011140,6.002336,6.504024
0.011142,5.999506,6.504024
0.011144,5.999079,6.504024
0.011146,6.001052,6.504024
0.011148,6.005418,6.504024
0.011150,6.012170,6.504024
0.011152,6.020541,6.504024
0.011154,6.026716,6.504024
0.011156,6.030191,6.504024
0.011158,6.030969,6.504024
0.011160,6.029056,6.508024
0.011162,6.027250,6.508024
0.011164,6.027834,6.508024
0.011166,6.030805,6.508024
0.011168,6.036154,6.508024
0.011170,6.043876,6.508024
0.011172,6.053202,6.508024
0.011174,6.060318,6.508024
0.011176,6.064717,6.508024
0.011178,6.066404,6.508024
0.011180,6.065384,6.512024
0.011182,6.064454,6.512024
0.011184,6.065898,6.512024
0.011186,6.069710,6.512024
0.011188,6.075885,6.512024
0.011190,6.084415,6.512024
0.011192,6.094530,6.512024
0.011194,6.102417,6.512024
0.011196,6.107569,6.512024
0.011198,6.109991,6.512024
0.011200,6.109686,6.516024
0.011202,6.109453,6.516024
0.011204,6.111574,6.516024
0.011206,6.116045,6.516024
0.011208,6.122856,6.516024
0.011210,6.132003,6.516024
0.011212,6.142716,6.516024
0.011214,6.151180,6.516024
0.011216,6.156889,6.516024
0.011218,6.159846,6.516024
0.011220,6.160057,6.520024
0.011222,6.160316,6.520024
0.011224,6.162910,6.520024
0.011226,6.167831,6.520024
0.011228,6.175074,6.520024
0.011230,6.184629,6.520024
0.011232,6.195727,6.520024
0.011234,6.204555,6.520024
0.011236,6.210606,6.520024
0.011238,6.213883,6.520024
0.011240,6.214390,6.524024
0.011242,6.214926,6.524024
0.011244,6.217773,6.524024
0.011246,6.222925,6.524024
0.011248,6.230375,6.524024
0.011250,6.240116,6.524024
0.011252,6.251378,6.524024
0.011254,6.260345,6.524024
0.011256,6.266514,6.524024
0.011258,6.269886,6.524024
0.011260,6.270466,6.528025
0.011262,6.271052,6.528025
0.011264,6.273927,6.528025
0.011266,6.279083,6.528025
0.011268,6.286516,6.528025
0.011270,6.296217,6.528025
0.011272,6.307416,6.528025
0.011274,6.316299,6.528025
0.011276,6.322361,6.528025
0.011278,6.325605,6.528025
0.011280,6.326034,6.532025
0.011282,6.326447,6.532025
0.011284,6.329126,6.532025
0.011286,6.334066,6.532025
0.011288,6.341260,6.532025
0.011290,6.350703,6.532025
0.011292,6.361621,6.532025
0.011294,6.370203,6.532025
0.011296,6.375943,6.532025
0.011298,6.378843,6.532025
0.011300,6.378909,6.536025
0.011302,6.378937,6.536025
0.011304,6.381213,6.536025
0.011306,6.385729,6.536025
0.011308,6.392479,6.536025
0.011310,6.401457,6.536025
0.011312,6.411893,6.536025
0.011314,6.419972,6.536025
0.011316,6.425189,6.536025
0.011318,6.427550,6.536025
0.011320,6.427057,6.540025
0.011322,6.426509,6.540025
0.011324,6.428190,6.540025
0.011326,6.432094,6.540025
0.011328,6.438215,6.540025
0.011330,6.446547,6.540025
0.011332,6.456319,6.540025
0.011334,6.463720,6.540025
0.011336,6.468243,6.540025
0.011338,6.469892,6.540025
0.011340,6.468672,6.544025
0.011342,6.467382,6.544025
0.011344,6.468306,6.544025
0.011346,6.471438,6.544025
0.011348,6.476774,6.544025
0.011350,6.484308,6.544025
0.011352,6.493267,6.544025
0.011354,6.499841,6.544025
0.011356,6.503525,6.544025
0.011358,6.504323,6.544025
0.011360,6.502240,6.548026
0.011362,6.500075,6.548026
0.011364,6.500113,6.548026
0.011366,6.502349,6.548026
0.011368,6.506777,6.548026
0.011370,6.513392,6.548026
0.011372,6.521424,6.548026
0.011374,6.527061,6.548026
0.011376,6.529799,6.548026
0.011378,6.529642,6.548026
0.011380,6.526597,6.552026
0.011382,6.523461,6.552026
0.011384,6.522522,6.552026
0.011386,6.523772,6.552026
0.011388,6.527209,6.552026
0.011390,6.532825,6.552026
0.011392,6.539853,6.552026
0.011394,6.544481,6.552026
0.011396,6.546205,6.552026
0.011398,6.545030,6.552026
0.011400,6.540961,6.556026
0.011402,6.536798,6.556026
0.011404,6.534829,6.556026
0.011406,6.535046,6.556026
0.011408,6.537448,6.556026
0.011410,6.542027,6.556026
0.011412,6.548017,6.556026
0.011414,6.551605,6.556026
0.011416,6.552288,6.556026
0.011418,6.550072,6.556026
0.011420,6.544963,6.560026
0.011422,6.539761,6.560026
0.011424,6.536752,6.560026
0.011426,6.535932,6.560026
0.011428,6.537297,6.560026
0.011430,6.540842,6.560026
0.011432,6.545801,6.560026
0.011434,6.548360,6.560026
0.011436,6.548018,6.560026
0.011438,6.544781,6.560026
0.011440,6.538654,6.564026
0.011442,6.532439,6.564026
0.011444,6.528422,6.564026
0.011446,6.526600,6.564026
0.011448,6.526968,6.564026
0.011450,6.529523,6.564026
0.011452,6.533497,6.564026
0.011454,6.535079,6.564026
0.011456,6.533767,6.564026
0.011458,6.529566,6.564026
0.011460,6.522485,6.568027
0.011462,6.515324,6.568027
0.011464,6.510369,6.568027
0.011466,6.507618,6.568027
0.011468,6.507068,6.568027
0.011470,6.508713,6.568027
0.011472,6.511788,6.568027
0.011474,6.512482,6.568027
0.011476,6.510292,6.568027
0.011478,6.505225,6.568027
0.011480,6.497289,6.572027
0.011482,6.489285,6.572027
0.011484,6.483499,6.572027
0.011486,6.479928,6.572027
0.011488,6.478572,6.572027
0.011490,6.479424,6.572027
0.011492,6.481719,6.572027
0.011494,6.481647,6.572027
0.011496,6.478705,6.572027
0.011498,6.472899,6.572027
0.011500,6.464239,6.576027
0.011502,6.455526,6.576027
0.011504,6.449046,6.576027
0.011506,6.444797,6.576027
0.011508,6.442776,6.576027
0.011510,6.442981,6.576027
0.011512,6.444643,6.576027
0.011514,6.443954,6.576027
0.011516,6.440412,6.576027
0.011518,6.434024,6.576027
0.011520,6.424798,6.580027
0.011522,6.415534,6.580027
0.011524,6.408521,6.580027
0.011526,6.403757,6.580027
0.011528,6.401238,6.580027
0.011530,6.400963,6.580027
0.011532,6.402163,6.580027
0.011534,6.401030,6.580027
0.011536,6.397062,6.580027
0.011538,6.390265,6.580027
0.011540,6.380649,6.584027
0.011542,6.371014,6.584027
0.011544,6.363648,6.584027
0.011546,6.358548,6.584027
0.011548,6.355713,6.584027
0.011550,6.355141,6.584027
0.011552,6.356063,6.584027
0.011554,6.354670,6.584027
0.011556,6.350462,6.584027
0.011558,6.343444,6.584027
0.011560,6.333625,6.588027
0.011562,6.323807,6.588027
0.011564,6.316278,6.588027
0.011566,6.311034,6.588027
0.011568,6.308074,6.588027
0.011570,6.307396,6.588027
0.011572,6.308231,6.588027
0.011574,6.306771,6.588027
0.011576,6.302514,6.588027
0.011578,6.295467,6.588027
0.011580,6.285639,6.592028
0.011582,6.275323,6.592028
0.011584,6.267316,6.592028
0.011586,6.261616,6.592028
0.011588,6.258220,6.592028
0.011590,6.257125,6.592028
0.011592,6.257566,6.592028
0.011594,6.255733,6.592028
0.011596,6.251124,6.592028
0.011598,6.243747,6.592028
0.011600,6.233609,6.596028
0.011602,6.223513,6.596028
0.011604,6.215745,6.596028
0.011606,6.210305,6.596028
0.011608,6.207189,6.596028
0.011610,6.206394,6.596028
0.011612,6.207154,6.596028
0.011614,6.205660,6.596028
0.011616,6.201409,6.596028
0.011618,6.194408,6.596028
0.011620,6.184666,6.600028
0.011622,6.174985,6.600028
0.011624,6.167651,6.600028
0.011626,6.162663,6.600028
0.011628,6.160017,6.600028
0.011630,6.159709,6.600028
0.011632,6.160975,6.600028
0.011634,6.160005,6.600028
0.011636,6.156294,6.600028
0.011638,6.149850,6.600028
0.011640,6.140683,6.604028
0.011642,6.131592,6.604028
0.011644,6.124865,6.604028
0.011646,6.120499,6.604028
0.011648,6.118491,6.604028
0.011650,6.118837,6.604028
0.011652,6.121026,6.604028
0.011654,6.121244,6.604028
0.011656,6.118736,6.604028
0.011658,6.113507,6.604028
0.011660,6.105567,6.608028
0.011662,6.097716,6.608028
0.011664,6.092238,6.608028
0.011666,6.089133,6.608028
0.011668,6.088396,6.608028
0.011670,6.090022,6.608028
0.011672,6.093499,6.608028
0.011674,6.095015,6.608028
0.011676,6.093812,6.608028
0.011678,6.089898,6.608028
0.011680,6.083278,6.612029
0.011682,6.076752,6.612029
0.011684,6.072607,6.612029
0.011686,6.070838,6.612029
0.011688,6.071443,6.612029
0.011690,6.074415,6.612029
0.011692,6.079242,6.612029
0.011694,6.082110,6.612029
0.011696,6.082263,6.612029
0.011698,6.079705,6.612029
0.011700,6.074442,6.616029
0.011702,6.068768,6.616029
0.011704,6.065475,6.616029
0.011706,6.064561,6.616029
0.011708,6.066020,6.616029
0.011710,6.069848,6.616029
0.011712,6.075530,6.616029
0.011714,6.079253,6.616029
0.011716,6.080261,6.616029
0.011718,6.078557,6.616029
0.011720,6.074147,6.620029
0.011722,6.069831,6.620029
0.011724,6.067894,6.620029
0.011726,6.068331,6.620029
0.011728,6.071137,6.620029
0.011730,6.076308,6.620029
0.011732,6.083328,6.620029
0.011734,6.088383,6.620029
0.011736,6.090716,6.620029
0.011738,6.090330,6.620029
0.011740,6.087232,6.624029
0.011742,6.084219,6.624029
0.011744,6.083576,6.624029
0.011746,6.085299,6.624029
0.011748,6.089383,6.624029
0.011750,6.095819,6.624029
0.011752,6.104095,6.624029
0.011754,6.110396,6.624029
0.011756,6.113963,6.624029
0.011758,6.114799,6.624029
0.011760,6.112911,6.628029
0.011762,6.111096,6.628029
0.011764,6.111639,6.628029
0.011766,6.114532,6.628029
0.011768,6.119773,6.628029
0.011770,6.127352,6.628029
0.011772,6.136756,6.628029
0.011774,6.144169,6.628029
0.011776,6.148833,6.628029
0.011778,6.150750,6.628029
0.011780,6.149926,6.632030
0.011782,6.149158,6.632030
0.011784,6.150730,6.632030
0.011786,6.154636,6.632030
0.011788,6.160871,6.632030
0.011790,6.169426,6.632030
0.011792,6.179786,6.632030
0.011794,6.188138,6.632030
0.011796,6.193720,6.632030
0.011798,6.196536,6.632030
0.011800,6.196590,6.636030
0.011802,6.196680,6.636030
0.011804,6.199090,6.636030
0.011806,6.203812,6.636030
0.011808,6.210841,6.636030
0.011810,6.220170,6.636030
0.011812,6.231283,6.636030
0.011814,6.240364,6.636030
0.011816,6.246653,6.636030
0.011818,6.250154,6.636030
0.011820,6.250870,6.640030
0.011822,6.251599,6.640030
0.011824,6.254624,6.640030
0.011826,6.259940,6.640030
0.011828,6.267538,6.640030
0.011830,6.277411,6.640030
0.011832,6.289045,6.640030
0.011834,6.298622,6.640030
0.011836,6.305383,6.640030
0.011838,6.309332,6.640030
0.011840,6.310472,6.644030
0.011842,6.311599,6.644030
0.011844,6.314998,6.644030
0.011846,6.320662,6.644030
0.011848,6.328585,6.644030
0.011850,6.338757,6.644030
0.011852,6.350664,6.644030
0.011854,6.360490,6.644030
0.011856,6.367476,6.644030
0.011858,6.371622,6.644030
0.011860,6.372934,6.648030
0.011862,6.374210,6.648030
0.011864,6.377731,6.648030
0.011866,6.383492,6.648030
0.011868,6.391487,6.648030
0.011870,6.401706,6.648030
0.011872,6.413635,6.648030
0.011874,6.423457,6.648030
0.011876,6.430414,6.648030
0.011878,6.434505,6.648030
0.011880,6.435739,6.652030
0.011882,6.436910,6.652030
0.011884,6.440302,6.652030
0.011886,6.445910,6.652030
0.011888,6.453726,6.652030
0.011890,6.463743,6.652030
0.011892,6.475445,6.652030
0.011894,6.485016,6.652030
0.011896,6.491697,6.652030
0.011898,6.495490,6.652030
0.011900,6.496400,6.656031
0.011902,6.497224,6.656031
0.011904,6.500247,6.656031
0.011906,6.505462,6.656031
0.011908,6.512861,6.656031
0.011910,6.522439,6.656031
0.011912,6.533679,6.656031
0.011914,6.542766,6.656031
0.011916,6.548939,6.656031
0.011918,6.552203,6.656031
0.011920,6.552564,6.660031
0.011922,6.552818,6.660031
0.011924,6.555248,6.660031
0.011926,6.559849,6.660031
0.011928,6.566615,6.660031
0.011930,6.575539,6.660031
0.011932,6.586105,6.660031
0.011934,6.594498,6.660031
0.011936,6.599960,6.660031
0.011938,6.602494,6.660031
0.011940,6.602105,6.664031
0.011942,6.601590,6.664031
0.011944,6.603233,6.664031
0.011946,6.607030,6.664031
0.011948,6.612974,6.664031
0.011950,6.621059,6.664031
0.011952,6.630771,6.664031
0.011954,6.638293,6.664031
0.011956,6.642869,6.664031
0.011958,6.644501,6.664031
0.011960,6.643194,6.668031
0.011962,6.641747,6.668031
0.011964,6.642445,6.668031
0.011966,6.645283,6.668031
0.011968,6.650254,6.668031
0.011970,6.657354,6.668031
0.011972,6.666067,6.668031
0.011974,6.672579,6.668031
0.011976,6.676132,6.668031
0.011978,6.676730,6.668031
0.011980,6.674379,6.672031
0.011982,6.671878,6.672031
0.011984,6.671512,6.672031
0.011986,6.673275,6.672031
0.011988,6.677164,6.672031
0.011990,6.683172,6.672031
0.011992,6.690785,6.672031
0.011994,6.696190,6.672031
0.011996,6.698628,6.672031
0.011998,6.698104,6.672031
0.012000,6.694625,6.676032
0.012002,6.690990,6.676032
0.012004,6.689485,6.676032
0.012006,6.690104,6.676032
0.012008,6.692845,6.676032
0.012010,6.697701,6.676032
0.012012,6.704158,6.676032
0.012014,6.708405,6.676032
0.012016,6.709682,6.676032
0.012018,6.707994,6.676032
0.012020,6.703351,6.680032
0.012022,6.698550,6.680032
0.012024,6.695878,6.680032
0.012026,6.695329,6.680032
0.012028,6.696902,6.680032
0.012030,6.700592,6.680032
0.012032,6.705884,6.680032
0.012034,6.708966,6.680032
0.012036,6.709082,6.680032
0.012038,6.706236,6.680032
0.012040,6.700436,6.684032
0.012042,6.694483,6.684032
0.012044,6.690662,6.684032
0.012046,6.688970,6.684032
0.012048,6.689404,6.684032
0.012050,6.691959,6.684032
0.012052,6.696124,6.684032
0.012054,6.698085,6.684032
0.012056,6.697084,6.684032
0.012058,6.693130,6.684032
0.012060,6.686230,6.688032
0.012062,6.679184,6.688032
0.012064,6.674278,6.688032
0.012066,6.671511,6.688032
0.012068,6.670878,6.688032
0.012070,6.672377,6.688032
0.012072,6.675492,6.688032
0.012074,6.676416,6.688032
0.012076,6.674390,6.688032
0.012078,6.669421,6.688032
0.012080,6.661518,6.692032
0.012082,6.653480,6.692032
0.012084,6.647594,6.692032
0.012086,6.643860,6.692032
0.012088,6.642274,6.692032
0.012090,6.642832,6.692032
0.012092,6.645022,6.692032
0.012094,6.645033,6.692032
0.012096,6.642107,6.692032
0.012098,6.636255,6.692032
0.012100,6.627482,6.696033
0.012102,6.618591,6.696033
0.012104,6.611868,6.696033
0.012106,6.607311,6.696033
0.012108,6.604919,6.696033
0.012110,6.604688,6.696033
0.012112,6.606105,6.696033
0.012114,6.605360,6.696033
0.012116,6.601697,6.696033
0.012118,6.595124,6.696033
0.012120,6.585649,6.700033
0.012122,6.576073,6.700033
0.012124,6.568685,6.700033
0.012126,6.563481,6.700033
0.012128,6.560460,6.700033
0.012130,6.559619,6.700033
0.012132,6.560447,6.700033
0.012134,6.559131,6.700033
0.012136,6.554918,6.700033
0.012138,6.547813,6.700033
0.012140,6.537826,6.704033
0.012142,6.527760,6.704033
0.012144,6.519900,6.704033
0.012146,6.514246,6.704033
0.012148,6.510795,6.704033
0.012150,6.509544,6.704033
0.012152,6.509983,6.704033
0.012154,6.508300,6.704033
0.012156,6.503740,6.704033
0.012158,6.496311,6.704033
0.012160,6.486021,6.708033
0.012162,6.475671,6.708033
0.012164,6.467550,6.708033
0.012166,6.461656,6.708033
0.012168,6.457987,6.708033
0.012170,6.456540,6.708033
0.012172,6.456804,6.708033
0.012174,6.454968,6.708033
0.012176,6.450276,6.708033
0.012178,6.442735,6.708033
0.012180,6.432355,6.712033
0.012182,6.421938,6.712033
0.012184,6.413772,6.712033
0.012186,6.407854,6.712033
0.012188,6.404182,6.712033
0.012190,6.402754,6.712033
0.012192,6.403058,6.712033
0.012194,6.401284,6.712033
0.012196,6.396675,6.712033
0.012198,6.389239,6.712033
0.012200,6.378984,6.716033
0.012202,6.368714,6.716033
0.012204,6.360715,6.716033
0.012206,6.354985,6.716033
0.012208,6.351523,6.716033
0.012210,6.350325,6.716033
0.012212,6.350879,6.716033
0.012214,6.349375,6.716033
0.012216,6.345057,6.716033
0.012218,6.337933,6.716033
0.012220,6.328010,6.720034
0.012222,6.318091,6.720034
0.012224,6.310462,6.720034
0.012226,6.305121,6.720034
0.012228,6.302068,6.720034
0.012230,6.301298,6.720034
0.012232,6.302299,6.720034
0.012234,6.301260,6.720034
0.012236,6.297424,6.720034
0.012238,6.290801,6.720034
0.012240,6.281397,6.724034
0.012242,6.272014,6.724034
0.012244,6.264938,6.724034
0.012246,6.260169,6.724034
0.012248,6.257704,6.724034
0.012250,6.257538,6.724034
0.012252,6.259362,6.724034
0.012254,6.259467,6.724034
0.012256,6.256791,6.724034
0.012258,6.251339,6.724034
0.012260,6.243120,6.728034
0.012262,6.234936,6.728034
0.012264,6.229072,6.728034
0.012266,6.225526,6.728034
0.012268,6.224294,6.728034
0.012270,6.225373,6.728034
0.012272,6.228453,6.728034
0.012274,6.229823,6.728034
0.012276,6.228421,6.728034
0.012278,6.224254,6.728034
0.012280,6.217327,6.732034
0.012282,6.210442,6.732034
0.012284,6.205884,6.732034
0.012286,6.203650,6.732034
0.012288,6.203739,6.732034
0.012290,6.206142,6.732034
0.012292,6.210552,6.732034
0.012294,6.213256,6.732034
0.012296,6.213194,6.732034
0.012298,6.210368,6.732034
0.012300,6.204786,6.736034
0.012302,6.199248,6.736034
0.012304,6.196039,6.736034
0.012306,6.195156,6.736034
0.012308,6.196594,6.736034
0.012310,6.200349,6.736034
0.012312,6.206109,6.736034
0.012314,6.210164,6.736034
0.012316,6.211447,6.736034
0.012318,6.209967,6.736034
0.012320,6.205729,6.740035
0.012322,6.201531,6.740035
0.012324,6.199660,6.740035
0.012326,6.200109,6.740035
0.012328,6.202877,6.740035
0.012330,6.207954,6.740035
0.012332,6.215032,6.740035
0.012334,6.220397,6.740035
0.012336,6.222986,6.740035
0.012338,6.222804,6.740035
0.012340,6.219854,6.744035
0.012342,6.216938,6.744035
0.012344,6.216340,6.744035
0.012346,6.218053,6.744035
0.012348,6.222074,6.744035
0.012350,6.228395,6.744035
0.012352,6.236706,6.744035
0.012354,6.243293,6.744035
0.012356,6.247092,6.744035
0.012358,6.248107,6.744035
0.012360,6.246343,6.748035
0.012362,6.244600,6.748035
0.012364,6.245160,6.748035
0.012366,6.248018,6.748035
0.012368,6.253168,6.748035
0.012370,6.260606,6.748035
0.012372,6.270018,6.748035
0.012374,6.277690,6.748035
0.012376,6.282559,6.748035
0.012378,6.284628,6.748035
0.012380,6.283901,6.752035
0.012382,6.283176,6.752035
0.012384,6.284739,6.752035
0.012386,6.288582,6.752035
0.012388,6.294700,6.752035
0.012390,6.303085,6.752035
0.012392,6.313426,6.752035
0.012394,6.322008,6.752035
0.012396,6.327768,6.752035
0.012398,6.330708,6.752035
0.012400,6.330830,6.756035
0.012402,6.330935,6.756035
0.012404,6.333307,6.756035
0.012406,6.337938,6.756035
0.012408,6.344823,6.756035
0.012410,6.353952,6.756035
0.012412,6.365016,6.756035
0.012414,6.374300,6.756035
0.012416,6.380738,6.756035
0.012418,6.384334,6.756035
0.012420,6.385091,6.760036
0.012422,6.385808,6.760036
0.012424,6.388767,6.760036
0.012426,6.393962,6.760036
0.012428,6.401388,6.760036
0.012430,6.411036,6.760036
0.012432,6.422594,6.760036
0.012434,6.432346,6.760036
0.012436,6.439229,6.760036
0.012438,6.443246,6.760036
0.012440,6.444400,6.764036
0.012442,6.445488,6.764036
0.012444,6.448794,6.764036
0.012446,6.454312,6.764036
0.012448,6.462035,6.764036
0.012450,6.471957,6.764036
0.012452,6.483762,6.764036
0.012454,6.493738,6.764036
0.012456,6.500819,6.764036
0.012458,6.505009,6.764036
0.012460,6.506311,6.768036
0.012462,6.507522,6.768036
0.012464,6.510927,6.768036
0.012466,6.516518,6.768036
0.012468,6.524289,6.768036
0.012470,6.534233,6.768036
0.012472,6.546036,6.768036
0.012474,6.555985,6.768036
0.012476,6.563015,6.768036
0.012478,6.567129,6.768036
0.012480,6.568329,6.772036
0.012482,6.569416,6.772036
0.012484,6.572670,6.772036
0.012486,6.578086,6.772036
0.012488,6.585659,6.772036
0.012490,6.595379,6.772036
0.012492,6.606936,6.772036
0.012494,6.616615,6.772036
0.012496,6.623351,6.772036
0.012498,6.627146,6.772036
0.012500,6.628007,6.776036
0.012502,6.628729,6.776036
0.012504,6.631597,6.776036
0.012506,6.636603,6.776036
0.012508,6.643743,6.776036
0.012510,6.653009,6.776036
0.012512,6.664089,6.776036
0.012514,6.673269,6.776036
0.012516,6.679484,6.776036
0.012518,6.682737,6.776036
0.012520,6.683033,6.780036
0.012522,6.683171,6.780036
0.012524,6.685433,6.780036
0.012526,6.689816,6.780036
0.012528,6.696311,6.780036
0.012530,6.704912,6.780036
0.012532,6.715307,6.780036
0.012534,6.723783,6.780036
0.012536,6.729277,6.780036
0.012538,6.731790,6.780036
0.012540,6.731328,6.784037
0.012542,6.730690,6.784037
0.012544,6.732158,6.784037
0.012546,6.735730,6.784037
0.012548,6.741397,6.784037
0.012550,6.749156,6.784037
0.012552,6.758691,6.784037
0.012554,6.766292,6.784037
0.012556,6.770894,6.784037
0.012558,6.772502,6.784037
0.012560,6.771120,6.788037
0.012562,6.769546,6.788037
0.012564,6.770067,6.788037
0.012566,6.772676,6.788037
0.012568,6.777370,6.788037
0.012570,6.784142,6.788037
0.012572,6.792679,6.788037
0.012574,6.799270,6.788037
0.012576,6.802851,6.788037
0.012578,6.803426,6.788037
0.012580,6.801003,6.792037
0.012582,6.798378,6.792037
0.012584,6.797836,6.792037
0.012586,6.799376,6.792037
0.012588,6.802990,6.792037
0.012590,6.808674,6.792037
0.012592,6.816117,6.792037
0.012594,6.821607,6.792037
0.012596,6.824079,6.792037
0.012598,6.823540,6.792037
0.012600,6.819994,6.796037
0.012602,6.816244,6.796037
0.012604,6.814572,6.796037
0.012606,6.814977,6.796037
0.012608,6.817452,6.796037
0.012610,6.821994,6.796037
0.012612,6.828290,6.796037
0.012614,6.832632,6.796037
0.012616,6.833954,6.796037
0.012618,6.832262,6.796037
0.012620,6.827563,6.800037
0.012622,6.822658,6.800037
0.012624,6.819832,6.800037
0.012626,6.819081,6.800037
0.012628,6.820403,6.800037
0.012630,6.823792,6.800037
0.012632,6.828939,6.800037
0.012634,6.832131,6.800037
0.012636,6.832307,6.800037
0.012638,6.829472,6.800037
0.012640,6.823634,6.804038
0.012642,6.817594,6.804038
0.012644,6.813637,6.804038
0.012646,6.811760,6.804038
0.012648,6.811960,6.804038
0.012650,6.814233,6.804038
0.012652,6.818269,6.804038
0.012654,6.820358,6.804038
0.012656,6.819437,6.804038
0.012658,6.815512,6.804038
0.012660,6.808593,6.808038
0.012662,6.801479,6.808038
0.012664,6.796456,6.808038
0.012666,6.793523,6.808038
0.012668,6.792677,6.808038
0.012670,6.793914,6.808038
0.012672,6.796923,6.808038
0.012674,6.797995,6.808038
0.012676,6.796070,6.808038
0.012678,6.791152,6.808038
0.012680,6.783251,6.812038
0.012682,6.775167,6.812038
0.012684,6.769187,6.812038
0.012686,6.765310,6.812038
0.012688,6.763532,6.812038
0.012690,6.763850,6.812038
0.012692,6.765956,6.812038
0.012694,6.766139,6.812038
0.012696,6.763338,6.812038
0.012698,6.757560,6.812038
0.012700,6.748813,6.816038
0.012702,6.739900,6.816038
0.012704,6.733106,6.816038
0.012706,6.728430,6.816038
0.012708,6.725871,6.816038
0.012710,6.725424,6.816038
0.012712,6.726782,6.816038
0.012714,6.726233,6.816038
0.012716,6.722719,6.816038
0.012718,6.716244,6.816038
0.012720,6.706820,6.820038
0.012722,6.697246,6.820038
0.012724,6.689810,6.820038
0.012726,6.684512,6.820038
0.012728,6.681348,6.820038
0.012730,6.680316,6.820038
0.012732,6.681108,6.820038
0.012734,6.680013,6.820038
0.012736,6.675971,6.820038
0.012738,6.668990,6.820038
0.012740,6.659078,6.824039
0.012742,6.649036,6.824039
0.012744,6.641154,6.824039
0.012746,6.635428,6.824039
0.012748,6.631858,6.824039
0.012750,6.630441,6.824039
0.012752,6.630867,6.824039
0.012754,6.629428,6.824039
0.012756,6.625063,6.824039
0.012758,6.617780,6.824039
0.012760,6.607587,6.828039
0.012762,6.597286,6.828039
0.012764,6.589165,6.828039
0.012766,6.583221,6.828039
0.012768,6.579454,6.828039
0.012770,6.577862,6.828039
0.012772,6.578134,6.828039
0.012774,6.576562,6.828039
0.012776,6.572086,6.828039
0.012778,6.564713,6.828039
0.012780,6.554451,6.832039
0.012782,6.544103,6.832039
0.012784,6.535955,6.832039
0.012786,6.530008,6.832039
0.012788,6.526259,6.832039
0.012790,6.524704,6.832039
0.012792,6.525037,6.832039
0.012794,6.523546,6.832039
0.012796,6.519171,6.832039
0.012798,6.511920,6.832039
0.012800,6.501802,6.836039
0.012802,6.491618,6.836039
0.012804,6.483656,6.836039
0.012806,6.477914,6.836039
0.012808,6.474390,6.836039
0.012810,6.473082,6.836039
0.012812,6.473680,6.836039
0.012814,6.472476,6.836039
0.012816,6.468408,6.836039
0.012818,6.461483,6.836039
0.012820,6.451709,6.840039
0.012822,6.441889,6.840039
0.012824,6.434309,6.840039
0.012826,6.428971,6.840039
0.012828,6.425868,6.840039
0.012830,6.424999,6.840039
0.012832,6.426056,6.840039
0.012834,6.425327,6.840039
0.012836,6.421753,6.840039
0.012838,6.415340,6.840039
0.012840,6.406096,6.844039
0.012842,6.396823,6.844039
0.012844,6.389807,6.844039
0.012846,6.385048,6.844039
0.012848,6.382542,6.844039
0.012850,6.382286,6.844039
0.012852,6.384123,6.844039
0.012854,6.384546,6.844039
0.012856,6.382136,6.844039
0.012858,6.376902,6.844039
0.012860,6.368850,6.848040
0.012862,6.360781,6.848040
0.012864,6.354982,6.848040
0.012866,6.351450,6.848040
0.012868,6.350183,6.848040
0.012870,6.351176,6.848040
0.012872,6.354272,6.848040
0.012874,6.355964,6.848040
0.012876,6.354832,6.848040
0.012878,6.350882,6.848040
0.012880,6.344123,6.852040
0.012882,6.337355,6.852040
0.012884,6.332863,6.852040
0.012886,6.330645,6.852040
0.012888,6.330697,6.852040
0.012890,6.333014,6.852040
0.012892,6.337440,6.852040
0.012894,6.340464,6.852040
0.012896,6.340668,6.852040
0.012898,6.338058,6.852040
0.012900,6.332642,6.856040
0.012902,6.327218,6.856040
0.012904,6.324072,6.856040
0.012906,6.323200,6.856040
0.012908,6.324599,6.856040
0.012910,6.328263,6.856040
0.012912,6.334033,6.856040
0.012914,6.338402,6.856040
0.012916,6.339950,6.856040
0.012918,6.338679,6.856040
0.012920,6.334600,6.860040
0.012922,6.330510,6.860040
0.012924,6.328693,6.860040
0.012926,6.329147,6.860040
0.012928,6.331866,6.860040
0.012930,6.336844,6.860040
0.012932,6.343924,6.860040
0.012934,6.349594,6.860040
0.012936,6.352437,6.860040
0.012938,6.352455,6.860040
0.012940,6.349654,6.864040
0.012942,6.346835,6.864040
0.012944,6.346280,6.864040
0.012946,6.347985,6.864040
0.012948,6.351946,6.864040
0.012950,6.358156,6.864040
0.012952,6.366456,6.864040
0.012954,6.373335,6.864040
0.012956,6.377374,6.864040
0.012958,6.378577,6.864040
0.012960,6.376949,6.868041
0.012962,6.375288,6.868041
0.012964,6.375879,6.868041
0.012966,6.378715,6.868041
0.012968,6.383792,6.868041
0.012970,6.391104,6.868041
0.012972,6.400489,6.868041
0.012974,6.408439,6.868041
0.012976,6.413533,6.868041
0.012978,6.415773,6.868041
0.012980,6.415165,6.872041
0.012982,6.414508,6.872041
0.012984,6.416084,6.872041
0.012986,6.419888,6.872041
0.012988,6.425915,6.872041
0.012990,6.434157,6.872041
0.012992,6.444455,6.872041
0.012994,6.453297,6.872041
0.012996,6.459263,6.872041
0.012998,6.462356,6.872041
0.013000,6.462581,6.876041
0.013002,6.462735,6.876041
0.013004,6.465101,6.876041
0.013006,6.469675,6.876041
0.013008,6.476450,6.876041
0.013010,6.485419,6.876041
0.013012,6.496421,6.876041
0.013014,6.505945,6.876041
0.013016,6.512571,6.876041
0.013018,6.516301,6.876041
0.013020,6.517140,6.880041
0.013022,6.517884,6.880041
0.013024,6.520819,6.880041
0.013026,6.525937,6.880041
0.013028,6.533232,6.880041
0.013030,6.542698,6.880041
0.013032,6.554173,6.880041
0.013034,6.564147,6.880041
0.013036,6.571198,6.880041
0.013038,6.575329,6.880041
0.013040,6.576544,6.884041
0.013042,6.577641,6.884041
0.013044,6.580903,6.884041
0.013046,6.586324,6.884041
0.013048,6.593898,6.884041
0.013050,6.603617,6.884041
0.013052,6.615321,6.884041
0.013054,6.625499,6.884041
0.013056,6.632728,6.884041
0.013058,6.637013,6.884041
0.013060,6.638357,6.888041
0.013062,6.639558,6.888041
0.013064,6.642899,6.888041
0.013066,6.648374,6.888041
0.013068,6.655977,6.888041
0.013070,6.665700,6.888041
0.013072,6.677383,6.888041
0.013074,6.687515,6.888041
0.013076,6.694674,6.888041
0.013078,6.698865,6.888041
0.013080,6.700090,6.892042
0.013082,6.701148,6.892042
0.013084,6.704320,6.892042
0.013086,6.709603,6.892042
0.013088,6.716989,6.892042
0.013090,6.726472,6.892042
0.013092,6.737891,6.892042
0.013094,6.747735,6.892042
0.013096,6.754583,6.892042
0.013098,6.758438,6.892042
0.013100,6.759305,6.896042
0.013102,6.759982,6.896042
0.013104,6.762751,6.896042
0.013106,6.767608,6.896042
0.013108,6.774546,6.896042
0.013110,6.783558,6.896042
0.013112,6.794485,6.896042
0.013114,6.803815,6.896042
0.013116,6.810128,6.896042
0.013118,6.813427,6.896042
0.013120,6.813716,6.900042
0.013122,6.813795,6.900042
0.013124,6.815946,6.900042
0.013126,6.820164,6.900042
0.013128,6.826444,6.900042
0.013130,6.834779,6.900042
0.013132,6.845009,6.900042
0.013134,6.853624,6.900042
0.013136,6.859203,6.900042
0.013138,6.861750,6.900042
0.013140,6.861270,6.904042
0.013142,6.860561,6.904042
0.013144,6.861908,6.904042
0.013146,6.865306,6.904042
0.013148,6.870748,6.904042
0.013150,6.878230,6.904042
0.013152,6.887590,6.904042
0.013154,6.895319,6.904042
0.013156,6.899999,6.904042
0.013158,6.901632,6.904042
0.013160,6.900224,6.908042
0.013162,6.898574,6.908042
0.013164,6.898966,6.908042
0.013166,6.901396,6.908042
0.013168,6.905859,6.908042
0.013170,6.912348,6.908042
0.013172,6.920704,6.908042
0.013174,6.927419,6.908042
0.013176,6.931073,6.908042
0.013178,6.931669,6.908042
0.013180,6.929215,6.912043
0.013182,6.926509,6.912043
0.013184,6.925836,6.912043
0.013186,6.927192,6.912043
0.013188,6.930573,6.912043
0.013190,6.935973,6.912043
0.013192,6.943233,6.912043
0.013194,6.948845,6.912043
0.013196,6.951389,6.912043
0.013198,6.950870,6.912043
0.013200,6.947294,6.916043
0.013202,6.943462,6.916043
0.013204,6.941658,6.916043
0.013206,6.941879,6.916043
0.013208,6.944121,6.916043
0.013210,6.948379,6.916043
0.013212,6.954495,6.916043
0.013214,6.958960,6.916043
0.013216,6.960355,6.916043
0.013218,6.958687,6.916043
0.013220,6.953961,6.920043
0.013222,6.948978,6.920043
0.013224,6.946024,6.920043
0.013226,6.945096,6.920043
0.013228,6.946189,6.920043
0.013230,6.949299,6.920043
0.013232,6.954270,6.920043
0.013234,6.957592,6.920043
0.013236,6.957847,6.920043
0.013238,6.955041,6.920043
0.013240,6.949181,6.924043
0.013242,6.943069,6.924043
0.013244,6.938991,6.924043
0.013246,6.936943,6.924043
0.013248,6.936921,6.924043
0.013250,6.938924,6.924043
0.013252,6.942792,6.924043
0.013254,6.945019,6.924043
0.013256,6.944187,6.924043
0.013258,6.940300,6.924043
0.013260,6.933370,6.928043
0.013262,6.926194,6.928043
0.013264,6.921060,6.928043
0.013266,6.917967,6.928043
0.013268,6.916910,6.928043
0.013270,6.917887,6.928043
0.013272,6.920741,6.928043
0.013274,6.921962,6.928043
0.013276,6.920137,6.928043
0.013278,6.915270,6.928043
0.013280,6.907369,6.932044
0.013282,6.899236,6.932044
0.013284,6.893158,6.932044
0.013286,6.889131,6.932044
0.013288,6.887155,6.932044
0.013290,6.887227,6.932044
0.013292,6.889190,6.932044
0.013294,6.889537,6.932044
0.013296,6.886850,6.932044
0.013298,6.881137,6.932044
0.013300,6.872406,6.936044
0.013302,6.863457,6.936044
0.013304,6.856580,6.936044
0.013306,6.851771,6.936044
0.013308,6.849030,6.936044
0.013310,6.848352,6.936044
0.013312,6.849582,6.936044
0.013314,6.849214,6.936044
0.013316,6.845829,6.936044
0.013318,6.839437,6.936044
0.013320,6.830042,6.940044
0.013322,6.820450,6.940044
0.013324,6.812947,6.940044
0.013326,6.807532,6.940044
0.013328,6.804203,6.940044
0.013330,6.802956,6.940044
0.013332,6.803638,6.940044
0.013334,6.802739,6.940044
0.013336,6.798843,6.940044
0.013338,6.791959,6.940044
0.013340,6.782094,6.944044
0.013342,6.772052,6.944044
0.013344,6.764118,6.944044
0.013346,6.758293,6.944044
0.013348,6.754574,6.944044
0.013350,6.752958,6.944044
0.013352,6.753292,6.944044
0.013354,6.752066,6.944044
0.013356,6.747864,6.944044
0.013358,6.740695,6.944044
0.013360,6.730567,6.948044
0.013362,6.720281,6.948044
0.013364,6.712125,6.948044
0.013366,6.706099,6.948044
0.013368,6.702201,6.948044
0.013370,6.700427,6.948044
0.013372,6.700623,6.948044
0.013374,6.699281,6.948044
0.013376,6.694985,6.948044
0.013378,6.687742,6.948044
0.013380,6.677561,6.952044
0.013382,6.667245,6.952044
0.013384,6.659081,6.952044
0.013386,6.653066,6.952044
0.013388,6.649201,6.952044
0.013390,6.647482,6.952044
0.013392,6.647753,6.952044
0.013394,6.646507,6.952044
0.013396,6.642328,6.952044
0.013398,6.635223,6.952044
0.013400,6.625201,6.956045
0.013402,6.615064,6.956045
0.013404,6.607099,6.956045
0.013406,6.601305,6.956045
0.013408,6.597681,6.956045
0.013410,6.596222,6.956045
0.013412,6.596774,6.956045
0.013414,6.595829,6.956045
0.013416,6.591969,6.956045
0.013418,6.585203,6.956045
0.013420,6.575540,6.960045
0.013422,6.565779,6.960045
0.013424,6.558212,6.960045
0.013426,6.552833,6.960045
0.013428,6.549642,6.960045
0.013430,6.548636,6.960045
0.013432,6.549658,6.960045
0.013434,6.549201,6.960045
0.013436,6.545848,6.960045
0.013438,6.539606,6.960045
0.013440,6.530484,6.964045
0.013442,6.521282,6.964045
0.013444,6.514288,6.964045
0.013446,6.509501,6.964045
0.013448,6.506917,6.964045
0.013450,6.506533,6.964045
0.013452,6.508295,6.964045
0.013454,6.508998,6.964045
0.013456,6.506820,6.964045
0.013458,6.501766,6.964045
0.013460,6.493844,6.968045
0.013462,6.485855,6.968045
0.013464,6.480085,6.968045
0.013466,6.476533,6.968045
0.013468,6.475196,6.968045
0.013470,6.476069,6.968045
0.013472,6.479097,6.968045
0.013474,6.481077,6.968045
0.013476,6.480183,6.968045
0.013478,6.476420,6.968045
0.013480,6.469798,6.972045
0.013482,6.463116,6.972045
0.013484,6.458660,6.972045
0.013486,6.456428,6.972045
0.013488,6.456416,6.972045
0.013490,6.458618,6.972045
0.013492,6.462980,6.972045
0.013494,6.466297,6.972045
0.013496,6.466743,6.972045
0.013498,6.464326,6.972045
0.013500,6.459049,6.976046
0.013502,6.453714,6.976046
0.013504,6.450607,6.976046
0.013506,6.449723,6.976046
0.013508,6.451058,6.976046
0.013510,6.454609,6.976046
0.013512,6.460319,6.976046
0.013514,6.464982,6.976046
0.013516,6.466772,6.976046
0.013518,6.465694,6.976046
0.013520,6.461755,6.980046
0.013522,6.457755,6.980046
0.013524,6.455976,6.980046
0.013526,6.456418,6.980046
0.013528,6.459073,6.980046
0.013530,6.463937,6.980046
0.013532,6.470953,6.980046
0.013534,6.476915,6.980046
0.013536,6.479998,6.980046
0.013538,6.480206,6.980046
0.013540,6.477542,6.984046
0.013542,6.474809,6.984046
0.013544,6.474289,6.984046
0.013546,6.475978,6.984046
0.013548,6.479872,6.984046
0.013550,6.485964,6.984046
0.013552,6.494196,6.984046
0.013554,6.501363,6.984046
0.013556,6.505638,6.984046
0.013558,6.507026,6.984046
0.013560,6.505530,6.988046
0.013562,6.503950,6.988046
0.013564,6.504569,6.988046
0.013566,6.507382,6.988046
0.013568,6.512386,6.988046
0.013570,6.519573,6.988046
0.013572,6.528884,6.988046
0.013574,6.537115,6.988046
0.013576,6.542436,6.988046
0.013578,6.544853,6.988046
0.013580,6.544369,6.992046
0.013582,6.543784,6.992046
0.013584,6.545381,6.992046
0.013586,6.549154,6.992046
0.013588,6.555098,6.992046
0.013590,6.563205,6.992046
0.013592,6.573419,6.992046
0.013594,6.582531,6.992046
0.013596,6.588716,6.992046
0.013598,6.591975,6.992046
0.013600,6.592313,6.996047
0.013602,6.592529,6.996047
0.013604,6.594906,6.996047
0.013606,6.599438,6.996047
0.013608,6.606121,6.996047
0.013610,6.614943,6.996047
0.013612,6.625850,6.996047
0.013614,6.635633,6.996047
0.013616,6.642466,6.996047
0.013618,6.646351,6.996047
0.013620,6.647292,7.000047
0.013622,6.648088,7.000047
0.013624,6.651020,7.000047
0.013626,6.656084,7.000047
0.013628,6.663274,7.000047
0.013630,6.672582,7.000047
0.013632,6.683950,7.000047
0.013634,6.694170,7.000047
0.013636,6.701415,7.000047
0.013638,6.705688,7.000047
0.013640,6.706992,7.004047
0.013642,6.708126,7.004047
0.013644,6.711373,7.004047
0.013646,6.716727,7.004047
0.013648,6.724180,7.004047
0.013650,6.733727,7.004047
0.013652,6.745310,7.004047
0.013654,6.755721,7.004047
0.013656,6.763131,7.004047
0.013658,6.767544,7.004047
0.013660,6.768964,7.008047
0.013662,6.770188,7.008047
0.013664,6.773499,7.008047
0.013666,6.778893,7.008047
0.013668,6.786363,7.008047
0.013670,6.795901,7.008047
0.013672,6.807449,7.008047
0.013674,6.817800,7.008047
0.013676,6.825125,7.008047
0.013678,6.829430,7.008047
0.013680,6.830716,7.012047
0.013682,6.831783,7.012047
0.013684,6.834913,7.012047
0.013686,6.840101,7.012047
0.013688,6.847341,7.012047
0.013690,6.856626,7.012047
0.013692,6.867896,7.012047
0.013694,6.877946,7.012047
0.013696,6.884947,7.012047
0.013698,6.888904,7.012047
0.013700,6.889819,7.016047
0.013702,6.890492,7.016047
0.013704,6.893205,7.016047
0.013706,6.897954,7.016047
0.013708,6.904732,7.016047
0.013710,6.913533,7.016047
0.013712,6.924298,7.016047
0.013714,6.933822,7.016047
0.013716,6.940276,7.016047
0.013718,6.943663,7.016047
0.013720,6.943989,7.020048
0.013722,6.944052,7.020048
0.013724,6.946135,7.020048
0.013726,6.950233,7.020048
0.013728,6.956341,7.020048
0.013730,6.964452,7.020048
0.013732,6.974510,7.020048
0.013734,6.983306,7.020048
0.013736,6.989015,7.020048
0.013738,6.991639,7.020048
0.013740,6.991184,7.024048
0.013742,6.990449,7.024048
0.013744,6.991717,7.024048
0.013746,6.994984,7.024048
0.013748,7.000245,7.024048
0.013750,7.007493,7.024048
0.013752,7.016671,7.024048
0.013754,7.024573,7.024048
0.013756,7.029373,7.024048
0.013758,7.031074,7.024048
0.013760,7.029682,7.028048
0.013762,7.027996,7.028048
0.013764,7.028300,7.028048
0.013766,7.030591,7.028048
0.013768,7.034863,7.028048
0.013770,7.041111,7.028048
0.013772,7.049276,7.028048
0.013774,7.056156,7.028048
0.013776,7.059921,7.028048
0.013778,7.060579,7.028048
0.013780,7.058135,7.032048
0.013782,7.055387,7.032048
0.013784,7.054619,7.032048
0.013786,7.055830,7.032048
0.013788,7.059013,7.032048
0.013790,7.064166,7.032048
0.013792,7.071229,7.032048
0.013794,7.077000,7.032048
0.013796,7.079651,7.032048
0.013798,7.079187,7.032048
0.013800,7.075616,7.036048
0.013802,7.071737,7.036048
0.013804,7.069835,7.036048
0.013806,7.069907,7.036048
0.013808,7.071949,7.036048
0.013810,7.075956,7.036048
0.013812,7.081873,7.036048
0.013814,7.086493,7.036048
0.013816,7.087994,7.036048
0.013818,7.086379,7.036048
0.013820,7.081656,7.040049
0.013822,7.076624,7.040049
0.013824,7.073570,7.040049
0.013826,7.072491,7.040049
0.013828,7.073383,7.040049
0.013830,7.076242,7.040049
0.013832,7.081012,7.040049
0.013834,7.084490,7.040049
0.013836,7.084849,7.040049
0.013838,7.082098,7.040049
0.013840,7.076240,7.044049
0.013842,7.070080,7.044049
0.013844,7.065902,7.044049
0.013846,7.063704,7.044049
0.013848,7.063483,7.044049
0.013850,7.065236,7.044049
0.013852,7.068906,7.044049
0.013854,7.071291,7.044049
0.013856,7.070566,7.044049
0.013858,7.066735,7.044049
0.013860,7.059809,7.048049
0.013862,7.052588,7.048049
0.013864,7.047359,7.048049
0.013866,7.044120,7.048049
0.013868,7.042868,7.048049
0.013870,7.043599,7.048049
0.013872,7.046258,7.048049
0.013874,7.047643,7.048049
0.013876,7.045929,7.048049
0.013878,7.041123,7.048049
0.013880,7.033233,7.052049
0.013882,7.025060,7.052049
0.013884,7.018892,7.052049
0.013886,7.014728,7.052049
0.013888,7.012563,7.052049
0.013890,7.012395,7.052049
0.013892,7.014171,7.052049
0.013894,7.014687,7.052049
0.013896,7.012118,7.052049
0.013898,7.006473,7.052049
0.013900,6.997760,7.056049
0.013902,6.988780,7.056049
0.013904,6.981820,7.056049
0.013906,6.976879,7.056049
0.013908,6.973956,7.056049
0.013910,6.973047,7.056049
0.013912,6.974098,7.056049
0.013914,6.973907,7.056049
0.013916,6.970649,7.056049
0.013918,6.964332,7.056049
0.013920,6.954965,7.060050
0.013922,6.945350,7.060050
0.013924,6.937774,7.060050
0.013926,6.932236,7.060050
0.013928,6.928735,7.060050
0.013930,6.927267,7.060050
0.013932,6.927779,7.060050
0.013934,6.927068,7.060050
0.013936,6.923310,7.060050
0.013938,6.916513,7.060050
0.013940,6.906686,7.064050
0.013942,6.896630,7.064050
0.013944,6.888635,7.064050
0.013946,6.882698,7.064050
0.013948,6.878818,7.064050
0.013950,6.876992,7.064050
0.013952,6.877168,7.064050
0.013954,6.876140,7.064050
0.013956,6.872087,7.064050
0.013958,6.865016,7.064050
0.013960,6.854935,7.068050
0.013962,6.844647,7.068050
0.013964,6.836441,7.068050
0.013966,6.830315,7.068050
0.013968,6.826266,7.068050
0.013970,6.824295,7.068050
0.013972,6.824343,7.068050
0.013974,6.823211,7.068050
0.013976,6.819075,7.068050
0.013978,6.811943,7.068050
0.013980,6.801822,7.072050
0.013982,6.791517,7.072050
0.013984,6.783313,7.072050
0.013986,6.777210,7.072050
0.013988,6.773204,7.072050
0.013990,6.771297,7.072050
0.013992,6.771433,7.072050
0.013994,6.770410,7.072050
0.013996,6.766403,7.072050
0.013998,6.759420,7.072050
0.014000,6.749470,7.076050
0.014002,6.739355,7.076050
0.014004,6.731363,7.076050
0.014006,6.725493,7.076050
0.014008,6.721742,7.076050
0.014010,6.720107,7.076050
0.014012,6.720535,7.076050
0.014014,6.719823,7.076050
0.014016,6.716147,7.076050
0.014018,6.709516,7.076050
0.014020,6.699936,7.080050
0.014022,6.690211,7.080050
0.014024,6.682626,7.080050
0.014026,6.677182,7.080050
0.014028,6.673875,7.080050
0.014030,6.672705,7.080050
0.014032,6.673614,7.080050
0.014034,6.673401,7.080050
0.014036,6.670243,7.080050
0.014038,6.664145,7.080050
0.014040,6.655116,7.084051
0.014042,6.645958,7.084051
0.014044,6.638958,7.084051
0.014046,6.634115,7.084051
0.014048,6.631425,7.084051
0.014050,6.630887,7.084051
0.014052,6.632496,7.084051
0.014054,6.633454,7.084051
0.014056,6.631479,7.084051
0.014058,6.626578,7.084051
0.014060,6.618759,7.088051
0.014062,6.610824,7.088051
0.014064,6.605057,7.088051
0.014066,6.601459,7.088051
0.014068,6.600024,7.088051
0.014070,6.600751,7.088051
0.014072,6.603634,7.088051
0.014074,6.605876,7.088051
0.014076,6.605193,7.088051
0.014078,6.601593,7.088051
0.014080,6.595081,7.092051
0.014082,6.588460,7.092051
0.014084,6.584015,7.092051
0.014086,6.581742,7.092051
0.014088,6.581640,7.092051
0.014090,6.583703,7.092051
0.014092,6.587926,7.092051
0.014094,6.591512,7.092051
0.014096,6.592176,7.092051
0.014098,6.589925,7.092051
0.014100,6.584764,7.096051
0.014102,6.579496,7.096051
0.014104,6.576405,7.096051
0.014106,6.575486,7.096051
0.014108,6.576738,7.096051
0.014110,6.580153,7.096051
0.014112,6.585729,7.096051
0.014114,6.590664,7.096051
0.014116,6.592676,7.096051
0.014118,6.591770,7.096051
0.014120,6.587953,7.100051
0.014122,6.584022,7.100051
0.014124,6.582262,7.100051
0.014126,6.582672,7.100051
0.014128,6.585246,7.100051
0.014130,6.589979,7.100051
0.014132,6.596864,7.100051
0.014134,6.603104,7.100051
0.014136,6.606411,7.100051
0.014138,6.606792,7.100051
0.014140,6.604253,7.104052
0.014142,6.601592,7.104052
0.014144,6.601092,7.104052
0.014146,6.602753,7.104052
0.014148,6.606566,7.104052
0.014150,6.612529,7.104052
0.014152,6.620631,7.104052
0.014154,6.628074,7.104052
0.014156,6.632575,7.104052
0.014158,6.634136,7.104052
0.014160,6.632763,7.108052
0.014162,6.631254,7.108052
0.014164,6.631896,7.108052
0.014166,6.634680,7.108052
0.014168,6.639603,7.108052
0.014170,6.646658,7.108052
0.014172,6.655838,7.108052
0.014174,6.664343,7.108052
0.014176,6.669888,7.108052
0.014178,6.672478,7.108052
0.014180,6.672115,7.112052
0.014182,6.671600,7.112052
0.014184,6.673214,7.112052
0.014186,6.676955,7.112052
0.014188,6.682816,7.112052
0.014190,6.690789,7.112052
0.014192,6.700869,7.112052
0.014194,6.710253,7.112052
0.014196,6.716657,7.112052
0.014198,6.720084,7.112052
0.014200,6.720540,7.116052
0.014202,6.720821,7.116052
0.014204,6.723211,7.116052
0.014206,6.727706,7.116052
0.014208,6.734299,7.116052
0.014210,6.742982,7.116052
0.014212,6.753749,7.116052
0.014214,6.763799,7.116052
0.014216,6.770845,7.116052
0.014218,6.774892,7.116052
0.014220,6.775944,7.120052
0.014222,6.776799,7.120052
0.014224,6.779739,7.120052
0.014226,6.784760,7.120052
0.014228,6.791854,7.120052
0.014230,6.801016,7.120052
0.014232,6.812238,7.120052
0.014234,6.822717,7.120052
0.014236,6.830170,7.120052
0.014238,6.834599,7.120052
0.014240,6.836007,7.124053
0.014242,6.837193,7.124053
0.014244,6.840440,7.124053
0.014246,6.845743,7.124053
0.014248,6.853095,7.124053
0.014250,6.862489,7.124053
0.014252,6.873917,7.124053
0.014254,6.884579,7.124053
0.014256,6.892190,7.124053
0.014258,6.896749,7.124053
0.014260,6.898264,7.128053
0.014262,6.899532,7.128053
0.014264,6.902836,7.128053
0.014266,6.908169,7.128053
0.014268,6.915527,7.128053
0.014270,6.924903,7.128053
0.014272,6.936288,7.128053
0.014274,6.946882,7.128053
0.014276,6.954398,7.128053
0.014278,6.958841,7.128053
0.014280,6.960214,7.132053
0.014282,6.961315,7.132053
0.014284,6.964427,7.132053
0.014286,6.969543,7.132053
0.014288,6.976662,7.132053
0.014290,6.985774,7.132053
0.014292,6.996871,7.132053
0.014294,7.007154,7.132053
0.014296,7.014338,7.132053
0.014298,7.018423,7.132053
0.014300,7.019415,7.136053
0.014302,7.020112,7.136053
0.014304,7.022798,7.136053
0.014306,7.027468,7.136053
0.014308,7.034115,7.136053
0.014310,7.042734,7.136053
0.014312,7.053317,7.136053
0.014314,7.063063,7.136053
0.014316,7.069687,7.136053
0.014318,7.073194,7.136053
0.014320,7.073586,7.140053
0.014322,7.073664,7.140053
0.014324,7.075710,7.140053
0.014326,7.079720,7.140053
0.014328,7.085688,7.140053
0.014330,7.093608,7.140053
0.014332,7.103473,7.140053
0.014334,7.112483,7.140053
0.014336,7.118353,7.140053
0.014338,7.121087,7.140053
0.014340,7.120689,7.144053
0.014342,7.119960,7.144053
0.014344,7.121181,7.144053
0.014346,7.124351,7.144053
0.014348,7.129462,7.144053
0.014350,7.136509,7.144053
0.014352,7.145486,7.144053
0.014354,7.153593,7.144053
0.014356,7.158545,7.144053
0.014358,7.160347,7.144053
0.014360,7.159004,7.148054
0.014362,7.157316,7.148054
0.014364,7.157566,7.148054
0.014366,7.159750,7.148054
0.014368,7.163865,7.148054
0.014370,7.169903,7.148054
0.014372,7.177860,7.148054
0.014374,7.184936,7.148054
0.014376,7.188847,7.148054
0.014378,7.189597,7.148054
0.014380,7.187194,7.152054
0.014382,7.184435,7.152054
0.014384,7.183607,7.152054
0.014386,7.184704,7.152054
0.014388,7.187723,7.152054
0.014390,7.192660,7.152054
0.014392,7.199508,7.152054
0.014394,7.205469,7.152054
0.014396,7.208258,7.152054
0.014398,7.207881,7.152054
0.014400,7.204345,7.156054
0.014402,7.200449,7.156054
0.014404,7.198479,7.156054
0.014406,7.198432,7.156054
0.014408,7.200304,7.156054
0.014410,7.204090,7.156054
0.014412,7.209784,7.156054
0.014414,7.214590,7.156054
0.014416,7.216223,7.156054
0.014418,7.214690,7.156054
0.014420,7.209996,7.160054
0.014422,7.204943,7.160054
0.014424,7.201817,7.160054
0.014426,7.200614,7.160054
0.014428,7.201332,7.160054
0.014430,7.203967,7.160054
0.014432,7.208511,7.160054
0.014434,7.212171,7.160054
0.014436,7.212660,7.160054
0.014438,7.209987,7.160054
0.014440,7.204157,7.164054
0.014442,7.197973,7.164054
0.014444,7.193719,7.164054
0.014446,7.191396,7.164054
0.014448,7.190999,7.164054
0.014450,7.192525,7.164054
0.014452,7.195969,7.164054
0.014454,7.198534,7.164054
0.014456,7.197937,7.164054
0.014458,7.194184,7.164054
0.014460,7.187285,7.168055
0.014462,7.180039,7.168055
0.014464,7.174735,7.168055
0.014466,7.171369,7.168055
0.014468,7.169940,7.168055
0.014470,7.170443,7.168055
0.014472,7.172876,7.168055
0.014474,7.174441,7.168055
0.014476,7.172855,7.168055
0.014478,7.168127,7.168055
0.014480,7.160264,7.172055
0.014482,7.152069,7.172055
0.014484,7.145824,7.172055
0.014486,7.141534,7.172055
0.014488,7.139194,7.172055
0.014490,7.138801,7.172055
0.014492,7.140352,7.172055
0.014494,7.141049,7.172055
0.014496,7.138611,7.172055
0.014498,7.133047,7.172055
0.014500,7.124362,7.176055
0.014502,7.115360,7.176055
0.014504,7.108328,7.176055
0.014506,7.103265,7.176055
0.014508,7.100169,7.176055
0.014510,7.099038,7.176055
0.014512,7.099867,7.176055
0.014514,7.099860,7.176055
0.014516,7.096737,7.176055
0.014518,7.090504,7.176055
0.014520,7.081170,7.180055
0.014522,7.071537,7.180055
0.014524,7.063893,7.180055
0.014526,7.058237,7.180055
0.014528,7.054567,7.180055
0.014530,7.052881,7.180055
0.014532,7.053174,7.180055
0.014534,7.052652,7.180055
0.014536,7.049033,7.180055
0.014538,7.042324,7.180055
0.014540,7.032535,7.184055
0.014542,7.022468,7.184055
0.014544,7.014410,7.184055
0.014546,7.008360,7.184055
0.014548,7.004317,7.184055
0.014550,7.002280,7.184055
0.014552,7.002243,7.184055
0.014554,7.001411,7.184055
0.014556,6.997504,7.184055
0.014558,6.990528,7.184055
0.014560,6.980492,7.188056
0.014562,6.970199,7.188056
0.014564,6.961937,7.188056
0.014566,6.955705,7.188056
0.014568,6.951502,7.188056
0.014570,6.949324,7.188056
0.014572,6.949169,7.188056
0.014574,6.948241,7.188056
0.014576,6.944259,7.188056
0.014578,6.937229,7.188056
0.014580,6.927161,7.192056
0.014582,6.916859,7.192056
0.014584,6.908607,7.192056
0.014586,6.902406,7.192056
0.014588,6.898255,7.192056
0.014590,6.896151,7.192056
0.014592,6.896090,7.192056
0.014594,6.895278,7.192056
0.014596,6.891431,7.192056
0.014598,6.884559,7.192056
0.014600,6.874669,7.196056
0.014602,6.864564,7.196056
0.014604,6.856532,7.196056
0.014606,6.850571,7.196056
0.014608,6.846680,7.196056
0.014610,6.844857,7.196056
0.014612,6.845097,7.196056
0.014614,6.844604,7.196056
0.014616,6.841098,7.196056
0.014618,6.834584,7.196056
0.014620,6.825073,7.200056
0.014622,6.815366,7.200056
0.014624,6.807749,7.200056
0.014626,6.802223,7.200056
0.014628,6.798785,7.200056
0.014630,6.797433,7.200056
0.014632,6.798162,7.200056
0.014634,6.798177,7.200056
0.014636,6.795195,7.200056
0.014638,6.789224,7.200056
0.014640,6.780272,7.204056
0.014642,6.771141,7.204056
0.014644,6.764117,7.204056
0.014646,6.759200,7.204056
0.014648,6.756387,7.204056
0.014650,6.755676,7.204056
0.014652,6.757062,7.204056
0.014654,6.758255,7.204056
0.014656,6.756465,7.204056
0.014658,6.751699,7.204056
0.014660,6.743965,7.208056
0.014662,6.736063,7.208056
0.014664,6.730281,7.208056
0.014666,6.726616,7.208056
0.014668,6.725067,7.208056
0.014670,6.725628,7.208056
0.014672,6.728296,7.208056
0.014674,6.730781,7.208056
0.014676,6.730290,7.208056
0.014678,6.726832,7.208056
0.014680,6.720414,7.212057
0.014682,6.713834,7.212057
0.014684,6.709380,7.212057
0.014686,6.707048,7.212057
0.014688,6.706837,7.212057
0.014690,6.708742,7.212057
0.014692,6.712758,7.212057
0.014694,6.716593,7.212057
0.014696,6.717457,7.212057
0.014698,6.715356,7.212057
0.014700,6.710297,7.216057
0.014702,6.705076,7.216057
0.014704,6.701983,7.216057
0.014706,6.701013,7.216057
0.014708,6.702162,7.216057
0.014710,6.705426,7.216057
0.014712,6.710799,7.216057
0.014714,6.715991,7.216057
0.014716,6.718209,7.216057
0.014718,6.717458,7.216057
0.014720,6.713743,7.220057
0.014722,6.709867,7.220057
0.014724,6.708112,7.220057
0.014726,6.708475,7.220057
0.014728,6.710951,7.220057
0.014730,6.715537,7.220057
0.014732,6.722226,7.220057
0.014734,6.728726,7.220057
0.014736,6.732243,7.220057
0.014738,6.732784,7.220057
0.014740,6.730353,7.224057
0.014742,6.727750,7.224057
0.014744,6.727259,7.224057
0.014746,6.728877,7.224057
0.014748,6.732596,7.224057
0.014750,6.738413,7.224057
0.014752,6.746323,7.224057
0.014754,6.754031,7.224057
0.014756,6.758744,7.224057
0.014758,6.760468,7.224057
0.014760,6.759206,7.228057
0.014762,6.757759,7.228057
0.014764,6.758410,7.228057
0.014766,6.761154,7.228057
0.014768,6.765985,7.228057
0.014770,6.772900,7.228057
0.014772,6.781889,7.228057
0.014774,6.790660,7.228057
0.014776,6.796421,7.228057
0.014778,6.799175,7.228057
0.014780,6.798925,7.232058
0.014782,6.798472,7.232058
0.014784,6.800098,7.232058
0.014786,6.803800,7.232058
0.014788,6.809570,7.232058
0.014790,6.817404,7.232058
0.014792,6.827291,7.232058
0.014794,6.836942,7.232058
0.014796,6.843562,7.232058
0.014798,6.847154,7.232058
0.014800,6.847723,7.236058
0.014802,6.848067,7.236058
0.014804,6.850469,7.236058
0.014806,6.854925,7.236058
0.014808,6.861427,7.236058
0.014810,6.869970,7.236058
0.014812,6.880546,7.236058
0.014814,6.890862,7.236058
0.014816,6.898124,7.236058
0.014818,6.902334,7.236058
0.014820,6.903499,7.240058
0.014822,6.904414,7.240058
0.014824,6.907364,7.240058
0.014826,6.912343,7.240058
0.014828,6.919345,7.240058
0.014830,6.928364,7.240058
0.014832,6.939393,7.240058
0.014834,6.950136,7.240058
0.014836,6.957801,7.240058
0.014838,6.962390,7.240058
0.014840,6.963908,7.244058
0.014842,6.965152,7.244058
0.014844,6.968406,7.244058
0.014846,6.973665,7.244058
0.014848,6.980921,7.244058
0.014850,6.990169,7.244058
0.014852,7.001400,7.244058
0.014854,7.012322,7.244058
0.014856,7.020140,7.244058
0.014858,7.024858,7.244058
0.014860,7.026478,7.248058
0.014862,7.027800,7.248058
0.014864,7.031106,7.248058
0.014866,7.036391,7.248058
0.014868,7.043650,7.248058
0.014870,7.052874,7.248058
0.014872,7.064058,7.248058
0.014874,7.074906,7.248058
0.014876,7.082626,7.248058
0.014878,7.087220,7.248058
0.014880,7.088693,7.252059
0.014882,7.089843,7.252059
0.014884,7.092953,7.252059
0.014886,7.098018,7.252059
0.014888,7.105031,7.252059
0.014890,7.113986,7.252059
0.014892,7.124876,7.252059
0.014894,7.135407,7.252059
0.014896,7.142787,7.252059
0.014898,7.147017,7.252059
0.014900,7.148102,7.256059
0.014902,7.148843,7.256059
0.014904,7.151520,7.256059
0.014906,7.156128,7.256059
0.014908,7.162664,7.256059
0.014910,7.171120,7.256059
0.014912,7.181489,7.256059
0.014914,7.191478,7.256059
0.014916,7.198294,7.256059
0.014918,7.201939,7.256059
0.014920,7.202419,7.260059
0.014922,7.202533,7.260059
0.014924,7.204563,7.260059
0.014926,7.208506,7.260059
0.014928,7.214356,7.260059
0.014930,7.222107,7.260059
0.014932,7.231751,7.260059
0.014934,7.240997,7.260059
0.014936,7.247051,7.260059
0.014938,7.249917,7.260059
0.014940,7.249600,7.264059
0.014942,7.248900,7.264059
0.014944,7.250099,7.264059
0.014946,7.253194,7.264059
0.014948,7.258180,7.264059
0.014950,7.265051,7.264059
0.014952,7.273800,7.264059
0.014954,7.282136,7.264059
0.014956,7.287266,7.264059
0.014958,7.289193,7.264059
0.014960,7.287922,7.268059
0.014962,7.286255,7.268059
0.014964,7.286476,7.268059
0.014966,7.288579,7.268059
0.014968,7.292561,7.268059
0.014970,7.298416,7.268059
0.014972,7.306139,7.268059
0.014974,7.313437,7.268059
0.014976,7.317518,7.268059
0.014978,7.318387,7.268059
0.014980,7.316050,7.272059
0.014982,7.313307,7.272059
0.014984,7.312442,7.272059
0.014986,7.313452,7.272059
0.014988,7.316332,7.272059
0.014990,7.321079,7.272059
0.014992,7.327686,7.272059
0.014994,7.333862,7.272059
0.014996,7.336816,7.272059
0.014998,7.336552,7.272059
0.015000,7.333077,7.276060
0.015002,7.329191,7.276060
0.015004,7.327179,7.276060
0.015006,7.327038,7.276060
0.015008,7.328765,7.276060
0.015010,7.332356,7.276060
0.015012,7.337804,7.276060
0.015014,7.342820,7.276060
0.015016,7.344612,7.276060
0.015018,7.343186,7.276060
0.015020,7.338548,7.280060
0.015022,7.333499,7.280060
0.015024,7.330326,7.280060
0.015026,7.329024,7.280060
0.015028,7.329592,7.280060
0.015030,7.332025,7.280060
0.015032,7.336319,7.280060
0.015034,7.340183,7.280060
0.015036,7.340827,7.280060
0.015038,7.338255,7.280060
0.015040,7.332477,7.284060
0.015042,7.326292,7.284060
0.015044,7.321988,7.284060
0.015046,7.319561,7.284060
0.015048,7.319010,7.284060
0.015050,7.320330,7.284060
0.015052,7.323518,7.284060
0.015054,7.326284,7.284060
0.015056,7.325836,7.284060
0.015058,7.322183,7.284060
0.015060,7.315330,7.288060
0.015062,7.308080,7.288060
0.015064,7.302720,7.288060
0.015066,7.299248,7.288060
0.015068,7.297661,7.288060
0.015070,7.297956,7.288060
0.015072,7.300131,7.288060
0.015074,7.301894,7.288060
0.015076,7.300457,7.288060
0.015078,7.295825,7.288060
0.015080,7.288006,7.292060
0.015082,7.279804,7.292060
0.015084,7.273504,7.292060
0.015086,7.269105,7.292060
0.015088,7.266606,7.292060
0.015090,7.266004,7.292060
0.015092,7.267293,7.292060
0.015094,7.268188,7.292060
0.015096,7.265896,7.292060
0.015098,7.260426,7.292060
0.015100,7.251785,7.296061
0.015102,7.242776,7.296061
0.015104,7.235686,7.296061
0.015106,7.230515,7.296061
0.015108,7.227260,7.296061
0.015110,7.225918,7.296061
0.015112,7.226485,7.296061
0.015114,7.226676,7.296061
0.015116,7.223698,7.296061
0.015118,7.217560,7.296061
0.015120,7.208271,7.300061
0.015122,7.198632,7.300061
0.015124,7.190931,7.300061
0.015126,7.185166,7.300061
0.015128,7.181338,7.300061
0.015130,7.179443,7.300061
0.015132,7.179478,7.300061
0.015134,7.179154,7.300061
0.015136,7.175683,7.300061
0.015138,7.169071,7.300061
0.015140,7.159328,7.304061
0.015142,7.149255,7.304061
0.015144,7.141142,7.304061
0.015146,7.134986,7.304061
0.015148,7.130788,7.304061
0.015150,7.128543,7.304061
0.015152,7.128249,7.304061
0.015154,7.127618,7.304061
0.015156,7.123860,7.304061
0.015158,7.116983,7.304061
0.015160,7.106997,7.308061
0.015162,7.096702,7.308061
0.015164,7.088387,7.308061
0.015166,7.082052,7.308061
0.015168,7.077694,7.308061
0.015170,7.075313,7.308061
0.015172,7.074904,7.308061
0.015174,7.074180,7.308061
0.015176,7.070349,7.308061
0.015178,7.063421,7.308061
0.015180,7.053405,7.312061
0.015182,7.043102,7.312061
0.015184,7.034801,7.312061
0.015186,7.028502,7.312061
0.015188,7.024200,7.312061
0.015190,7.021897,7.312061
0.015192,7.021587,7.312061
0.015194,7.020983,7.312061
0.015196,7.017295,7.312061
0.015198,7.010530,7.312061
0.015200,7.000696,7.316061
0.015202,6.990598,7.316061
0.015204,6.982521,7.316061
0.015206,6.976466,7.316061
0.015208,6.972431,7.316061
0.015210,6.970412,7.316061
0.015212,6.970408,7.316061
0.015214,6.970129,7.316061
0.015216,6.966785,7.316061
0.015218,6.960386,7.316061
0.015220,6.950937,7.320062
0.015222,6.941241,7.320062
0.015224,6.933586,7.320062
0.015226,6.927971,7.320062
0.015228,6.924394,7.320062
0.015230,6.922853,7.320062
0.015232,6.923343,7.320062
0.015234,6.923577,7.320062
0.015236,6.920763,7.320062
0.015238,6.914910,7.320062
0.015240,6.906026,7.324062
0.015242,6.896912,7.324062
0.015244,6.889855,7.324062
0.015246,6.884855,7.324062
0.015248,6.881910,7.324062
0.015250,6.881016,7.324062
0.015252,6.882168,7.324062
0.015254,6.883536,7.324062
0.015256,6.881921,7.324062
0.015258,6.877279,7.324062
0.015260,6.869618,7.328062
0.015262,6.861741,7.328062
0.015264,6.855932,7.328062
0.015266,6.852190,7.328062
0.015268,6.850513,7.328062
0.015270,6.850898,7.328062
0.015272,6.853339,7.328062
0.015274,6.856004,7.328062
0.015276,6.855695,7.328062
0.015278,6.852367,7.328062
0.015280,6.846027,7.332062
0.015282,6.839478,7.332062
0.015284,6.835002,7.332062
0.015286,6.832601,7.332062
0.015288,6.832270,7.332062
0.015290,6.834003,7.332062
0.015292,6.837799,7.332062
0.015294,6.841821,7.332062
0.015296,6.842872,7.332062
0.015298,6.840907,7.332062
0.015300,6.835931,7.336062
0.015302,6.830747,7.336062
0.015304,6.827638,7.336062
0.015306,6.826603,7.336062
0.015308,6.827638,7.336062
0.015310,6.830737,7.336062
0.015312,6.835896,7.336062
0.015314,6.841281,7.336062
0.015316,6.843692,7.336062
0.015318,6.843084,7.336062
0.015320,6.839463,7.340063
0.015322,6.835628,7.340063
0.015324,6.833864,7.340063
0.015326,6.834168,7.340063
0.015328,6.836537,7.340063
0.015330,6.840963,7.340063
0.015332,6.847441,7.340063
0.015334,6.854139,7.340063
0.015336,6.857855,7.340063
0.015338,6.858544,7.340063
0.015340,6.856211,7.344063
0.015342,6.853654,7.344063
0.015344,6.853160,7.344063
0.015346,6.854724,7.344063
0.015348,6.858341,7.344063
0.015350,6.864005,7.344063
0.015352,6.871710,7.344063
0.015354,6.879622,7.344063
0.015356,6.884539,7.344063
0.015358,6.886416,7.344063
0.015360,6.885257,7.348063
0.015362,6.883862,7.348063
0.015364,6.884513,7.348063
0.015366,6.887208,7.348063
0.015368,6.891940,7.348063
0.015370,6.898704,7.348063
0.015372,6.907493,7.348063
0.015374,6.916472,7.348063
0.015376,6.922440,7.348063
0.015378,6.925350,7.348063
0.015380,6.925207,7.352063
0.015382,6.924809,7.352063
0.015384,6.926439,7.352063
0.015386,6.930095,7.352063
0.015388,6.935769,7.352063
0.015390,6.943455,7.352063
0.015392,6.953147,7.352063
0.015394,6.963008,7.352063
0.015396,6.969839,7.352063
0.015398,6.973589,7.352063
0.015400,6.974267,7.356063
0.015402,6.974669,7.356063
0.015404,6.977077,7.356063
0.015406,6.981487,7.356063
0.015408,6.987895,7.356063
0.015410,6.996294,7.356063
0.015412,7.006674,7.356063
0.015414,7.017202,7.356063
0.015416,7.024676,7.356063
0.015418,7.029047,7.356063
0.015420,7.030321,7.360064
0.015422,7.031296,7.360064
0.015424,7.034254,7.360064
0.015426,7.039191,7.360064
0.015428,7.046101,7.360064
0.015430,7.054976,7.360064
0.015432,7.065810,7.360064
0.015434,7.076765,7.360064
0.015436,7.084642,7.360064
0.015438,7.089392,7.360064
0.015440,7.091020,7.364064
0.015442,7.092323,7.364064
0.015444,7.095586,7.364064
0.015446,7.100802,7.364064
0.015448,7.107965,7.364064
0.015450,7.117069,7.364064
0.015452,7.128105,7.364064
0.015454,7.139239,7.364064
0.015456,7.147268,7.364064
0.015458,7.152146,7.364064
0.015460,7.153877,7.368064
0.015462,7.155257,7.368064
0.015464,7.158571,7.368064
0.015466,7.163812,7.368064
0.015468,7.170975,7.368064
0.015470,7.180054,7.368064
0.015472,7.191040,7.368064
0.015474,7.202099,7.368064
0.015476,7.210029,7.368064
0.015478,7.214782,7.368064
0.015480,7.216362,7.372064
0.015482,7.217568,7.372064
0.015484,7.220682,7.372064
0.015486,7.225701,7.372064
0.015488,7.232617,7.372064
0.015490,7.241425,7.372064
0.015492,7.252117,7.372064
0.015494,7.262857,7.372064
0.015496,7.270443,7.372064
0.015498,7.274829,7.372064
0.015500,7.276019,7.376064
0.015502,7.276812,7.376064
0.015504,7.279492,7.376064
0.015506,7.284052,7.376064
0.015508,7.290488,7.376064
0.015510,7.298792,7.376064
0.015512,7.308960,7.376064
0.015514,7.319154,7.376064
0.015516,7.326173,7.376064
0.015518,7.329971,7.376064
0.015520,7.330553,7.380064
0.015522,7.330715,7.380064
0.015524,7.332744,7.380064
0.015526,7.336632,7.380064
0.015528,7.342378,7.380064
0.015530,7.349974,7.380064
0.015532,7.359412,7.380064
0.015534,7.368859,7.380064
0.015536,7.375111,7.380064
0.015538,7.378125,7.380064
0.015540,7.377905,7.384065
0.015542,7.377249,7.384065
0.015544,7.378442,7.384065
0.015546,7.381479,7.384065
0.015548,7.386356,7.384065
0.015550,7.393067,7.384065
0.015552,7.401606,7.384065
0.015554,7.410138,7.384065
0.015556,7.415462,7.384065
0.015558,7.417532,7.384065
0.015560,7.416355,7.388065
0.015562,7.414728,7.388065
0.015564,7.414937,7.388065
0.015566,7.416977,7.388065
0.015568,7.420846,7.388065
0.015570,7.426536,7.388065
0.015572,7.434042,7.388065
0.015574,7.441530,7.388065
0.015576,7.445800,7.388065
0.015578,7.446807,7.388065
0.015580,7.444556,7.392065
0.015582,7.441847,7.392065
0.015584,7.440965,7.392065
0.015586,7.441906,7.392065
0.015588,7.444667,7.392065
0.015590,7.449245,7.392065
0.015592,7.455631,7.392065
0.015594,7.461991,7.392065
0.015596,7.465128,7.392065
0.015598,7.464997,7.392065
0.015600,7.461603,7.396065
0.015602,7.457746,7.396065
0.015604,7.455711,7.396065
0.015606,7.455497,7.396065
0.015608,7.457099,7.396065
0.015610,7.460513,7.396065
0.015612,7.465735,7.396065
0.015614,7.470931,7.396065
0.015616,7.472901,7.396065
0.015618,7.471602,7.396065
0.015620,7.467040,7.400065
0.015622,7.462015,7.400065
0.015624,7.458814,7.400065
0.015626,7.457433,7.400065
0.015628,7.457871,7.400065
0.015630,7.460122,7.400065
0.015632,7.464183,7.400065
0.015634,7.468222,7.400065
0.015636,7.469039,7.400065
0.015638,7.466589,7.400065
0.015640,7.460882,7.404066
0.015642,7.454716,7.408066
0.015644,7.450379,7.408066
0.015646,7.447869,7.408066
0.015648,7.447184,7.408066
0.015650,7.448318,7.408066
0.015652,7.451270,7.408066
0.015654,7.454205,7.408066
0.015656,7.453927,7.408066
0.015658,7.450391,7.408066
0.015660,7.443605,7.408066
0.015662,7.436370,7.408066
0.015664,7.430974,7.408066
0.015666,7.427414,7.408066
0.015668,7.425689,7.408066
0.015670,7.425794,7.408066
0.015672,7.427728,7.408066
0.015674,7.429657,7.408066
0.015676,7.428384,7.408066
0.015678,7.423864,7.408066
0.015680,7.416108,7.412066
0.015682,7.407916,7.416066
0.015684,7.401576,7.416066
0.015686,7.397086,7.416066
0.015688,7.394444,7.416066
0.015690,7.393648,7.416066
0.015692,7.394694,7.416066
0.015694,7.395751,7.416066
0.015696,7.393621,7.416066
0.015698,7.388261,7.416066
0.015700,7.379680,7.416066
0.015702,7.370172,7.420066
0.015704,7.362533,7.420066
0.015706,7.356762,7.420066
0.015708,7.352859,7.420066
0.015710,7.350820,7.420066
0.015712,7.350641,7.420066
0.015714,7.350495,7.420066
0.015716,7.347183,7.420066
0.015718,7.340661,7.420066
0.015720,7.330941,7.420066
0.015722,7.320821,7.420066
0.015724,7.312592,7.420066
0.015726,7.306252,7.420066
0.015728,7.301801,7.420066
0.015730,7.299235,7.420066
0.015732,7.298553,7.420066
0.015734,7.297924,7.420066
0.015736,7.294150,7.420066
0.015738,7.287190,7.420066
0.015740,7.277051,7.424067
0.015742,7.266538,7.428067
0.015744,7.257936,7.428067
0.015746,7.251247,7.428067
0.015748,7.246469,7.428067
0.015750,7.243599,7.428067
0.015752,7.242636,7.428067
0.015754,7.241749,7.428067
0.015756,7.237742,7.428067
0.015758,7.230570,7.428067
0.015760,7.220242,7.428067
0.015762,7.209562,7.428067
0.015764,7.200819,7.428067
0.015766,7.194010,7.428067
0.015768,7.189136,7.428067
0.015770,7.186194,7.428067
0.015772,7.185182,7.428067
0.015774,7.184268,7.428067
0.015776,7.180256,7.428067
0.015778,7.173102,7.428067
0.015780,7.162817,7.432067
0.015782,7.152203,7.436067
0.015784,7.143546,7.436067
0.015786,7.136848,7.436067
0.015788,7.132106,7.436067
0.015790,7.129319,7.436067
0.015792,7.128485,7.436067
0.015794,7.127771,7.436067
0.015796,7.123981,7.436067
0.015798,7.117071,7.436067
0.015800,7.107052,7.436067
0.015802,7.096725,7.436067
0.015804,7.088378,7.436067
0.015806,7.082010,7.436067
0.015808,7.077621,7.436067
0.015810,7.075207,7.436067
0.015812,7.074767,7.436067
0.015814,7.074468,7.436067
0.015816,7.071114,7.436067
0.015818,7.064660,7.436067
0.015820,7.055116,7.440067
0.015822,7.045284,7.440067
0.015824,7.037452,7.440067
0.015826,7.031619,7.440067
0.015828,7.027783,7.440067
0.015830,7.025942,7.440067
0.015832,7.026092,7.440067
0.015834,7.026402,7.440067
0.015836,7.023675,7.440067
0.015838,7.017866,7.440067
0.015840,7.008984,7.440067
0.015842,6.999324,7.444067
0.015844,6.991682,7.444067
0.015846,6.986056,7.444067
0.015848,6.982446,7.444067
0.015850,6.980847,7.444067
0.015852,6.981258,7.444067
0.015854,6.982253,7.444067
0.015856,6.980327,7.444067
0.015858,6.975335,7.444067
0.015860,6.967286,7.444067
0.015862,6.958982,7.444067
0.015864,6.952709,7.444067
0.015866,6.948465,7.444067
0.015868,6.946248,7.444067
0.015870,6.946055,7.444067
0.015872,6.947882,7.444067
0.015874,6.950303,7.444067
0.015876,6.949814,7.444067
0.015878,6.946269,7.444067
0.015880,6.939676,7.448068
0.015882,6.932835,7.452068
0.015884,6.928031,7.452068
0.015886,6.925266,7.452068
0.015888,6.924533,7.452068
0.015890,6.925830,7.452068
0.015892,6.929152,7.452068
0.015894,6.933073,7.452068
0.015896,6.934087,7.452068
0.015898,6.932048,7.452068
0.015900,6.926963,7.452068
0.015902,6.921633,7.452068
0.015904,6.918343,7.452068
0.015906,6.917090,7.452068
0.015908,6.917872,7.452068
0.015910,6.920683,7.452068
0.015912,6.925518,7.452068
0.015914,6.930949,7.452068
0.015916,6.933473,7.452068
0.015918,6.932939,7.452068
0.015920,6.929357,7.456068
0.015922,6.925525,7.460068
0.015924,6.923729,7.460068
0.015926,6.923965,7.460068
0.015928,6.926230,7.460068
0.015930,6.930518,7.460068
0.015932,6.936822,7.460068
0.015934,6.943716,7.460068
0.015936,6.947694,7.460068
0.015938,6.948607,7.460068
0.015940,6.946462,7.460068
0.015942,6.943551,7.464068
0.015944,6.942666,7.464068
0.015946,6.943803,7.464068
0.015948,6.946959,7.464068
0.015950,6.952128,7.464068
0.015952,6.959305,7.464068
0.015954,6.967059,7.464068
0.015956,6.971886,7.464068
0.015958,6.973637,7.464068
0.015960,6.972318,7.464068
0.015962,6.970728,7.464068
0.015964,6.971150,7.464068
0.015966,6.973582,7.464068
0.015968,6.978017,7.464068
0.015970,6.984451,7.464068
0.015972,6.992876,7.464068
0.015974,7.001862,7.464068
0.015976,7.007906,7.464068
0.015978,7.010858,7.464068
0.015980,7.010721,7.468069
0.015982,7.010296,7.472069
0.015984,7.011866,7.472069
0.015986,7.015427,7.472069
0.015988,7.020972,7.472069
0.015990,7.028495,7.472069
0.015992,7.037991,7.472069
0.015994,7.048028,7.472069
0.015996,7.055101,7.472069
0.015998,7.059062,7.472069
0.016000,7.059914,7.472069
0.016002,7.060454,7.472069
0.016004,7.062969,7.472069
0.016006,7.067451,7.472069
0.016008,7.073895,7.472069
0.016010,7.082294,7.472069
0.016012,7.092642,7.472069
0.016014,7.103509,7.472069
0.016016,7.111388,7.472069
0.016018,7.116130,7.472069
0.016020,7.117738,7.476069
0.016022,7.119012,7.480069
0.016024,7.122233,7.480069
0.016026,7.127398,7.480069
0.016028,7.134499,7.480069
0.016030,7.143530,7.480069
0.016032,7.154484,7.480069
0.016034,7.165931,7.480069
0.016036,7.174363,7.480069
0.016038,7.179632,7.480069
0.016040,7.181741,7.480069
0.016042,7.183489,7.480069
0.016044,7.187158,7.480069
0.016046,7.192743,7.480069
0.016048,7.200239,7.480069
0.016050,7.209637,7.480069
0.016052,7.220931,7.480069
0.016054,7.232691,7.480069
0.016056,7.241410,7.480069
0.016058,7.246937,7.480069
0.016060,7.249276,7.484069
0.016062,7.251226,7.488070
0.016064,7.255071,7.488070
0.016066,7.260804,7.488070
0.016068,7.268419,7.488070
0.016070,7.277911,7.488070
0.016072,7.289270,7.488070
0.016074,7.301067,7.488070
0.016076,7.309795,7.488070
0.016078,7.315305,7.488070
0.016080,7.317601,7.488070
0.016082,7.318973,7.492070
0.016084,7.322212,7.492070
0.016086,7.327316,7.492070
0.016088,7.334275,7.492070
0.016090,7.343086,7.492070
0.016092,7.353740,7.492070
0.016094,7.364808,7.492070
0.016096,7.372781,7.492070
0.016098,7.377513,7.492070
0.016100,7.379008,7.492070
0.016102,7.380064,7.492070
0.016104,7.382965,7.492070
0.016106,7.387704,7.492070
0.016108,7.394277,7.492070
0.016110,7.402677,7.492070
0.016112,7.412898,7.492070
0.016114,7.423510,7.492070
0.016116,7.431006,7.492070
0.016118,7.435238,7.492070
0.016120,7.436210,7.496070
0.016122,7.436721,7.500070
0.016124,7.439055,7.500070
0.016126,7.443208,7.500070
0.016128,7.449173,7.500070
0.016130,7.456944,7.500070
0.016132,7.466515,7.500070
0.016134,7.476457,7.500070
0.016136,7.483263,7.500070
0.016138,7.486787,7.500070
0.016140,7.487031,7.500070
0.016142,7.486795,7.500070
0.016144,7.488364,7.500070
0.016146,7.491732,7.500070
0.016148,7.496895,7.500070
0.016150,7.503847,7.500070
0.016152,7.512582,7.500070
0.016154,7.521671,7.500070
0.016156,7.527609,7.500070
0.016158,7.530246,7.500070
0.016160,7.529591,7.504070
0.016162,7.528439,7.508070
0.016164,7.529075,7.508070
0.016166,7.531498,7.508070
0.016168,7.535702,7.508070
0.016170,7.541681,7.508070
0.016172,7.549431,7.508070
0.016174,7.557522,7.508070
0.016176,7.562448,7.508070
0.016178,7.564063,7.508070
0.016180,7.562372,7.508070
0.016182,7.559667,7.512071
0.016184,7.558742,7.512071
0.016186,7.559594,7.512071
0.016188,7.562218,7.512071
0.016190,7.566612,7.512071
0.016192,7.572768,7.512071
0.016194,7.579259,7.512071
0.016196,7.582581,7.512071
0.016198,7.582585,7.512071
0.016200,7.579280,7.516071
0.016202,7.575466,7.516071
0.016204,7.573427,7.516071
0.016206,7.573161,7.516071
0.016208,7.574665,7.516071
0.016210,7.577933,7.516071
0.016212,7.582963,7.516071
0.016214,7.588326,7.516071
0.016216,7.590518,7.516071
0.016218,7.589393,7.516071
0.016220,7.584957,7.520071
0.016222,7.580011,7.524071
0.016224,7.576842,7.524071
0.016226,7.575447,7.524071
0.016228,7.575822,7.524071
0.016230,7.577966,7.524071
0.016232,7.581872,7.524071
0.016234,7.586114,7.524071
0.016236,7.587188,7.524071
0.016238,7.584948,7.524071
0.016240,7.579401,7.524071
0.016242,7.573350,7.524071
0.016244,7.569079,7.524071
0.016246,7.566587,7.524071
0.016248,7.565873,7.524071
0.016250,7.566932,7.524071
0.016252,7.569761,7.524071
0.016254,7.572932,7.524071
0.016256,7.572943,7.524071
0.016258,7.569648,7.524071
0.016260,7.563056,7.528071
0.016262,7.555966,7.532072
0.016264,7.550666,7.532072
0.016266,7.547154,7.532072
0.016268,7.545429,7.532072
0.016270,7.545488,7.532072
0.016272,7.547327,7.532072
0.016274,7.549520,7.532072
0.016276,7.548563,7.532072
0.016278,7.544312,7.532072
0.016280,7.536776,7.532072
0.016282,7.528754,7.532072
0.016284,7.522536,7.532072
0.016286,7.518119,7.532072
0.016288,7.515502,7.532072
0.016290,7.514683,7.532072
0.016292,7.515658,7.532072
0.016294,7.517001,7.532072
0.016296,7.515209,7.532072
0.016298,7.510139,7.532072
0.016300,7.501797,7.536072
0.016302,7.492987,7.540072
0.016304,7.485995,7.540072
0.016306,7.480821,7.540072
0.016308,7.477464,7.540072
0.016310,7.475919,7.540072
0.016312,7.476186,7.540072
0.016314,7.476840,7.540072
0.016316,7.474377,7.540072
0.016318,7.468651,7.540072
0.016320,7.459673,7.540072
0.016322,7.449737,7.544072
0.016324,7.441639,7.544072
0.016326,7.435378,7.544072
0.016328,7.430955,7.544072
0.016330,7.428366,7.544072
0.016332,7.427608,7.544072
0.016334,7.427258,7.544072
0.016336,7.423813,7.544072
0.016338,7.417129,7.544072
0.016340,7.407214,7.544072
0.016342,7.396869,7.544072
0.016344,7.388388,7.544072
0.016346,7.381767,7.544072
0.016348,7.377003,7.544072
0.016350,7.374096,7.544072
0.016352,7.373043,7.544072
0.016354,7.372420,7.544072
0.016356,7.368725,7.544072
0.016358,7.361812,7.544072
0.016360,7.351691,7.548072
0.016362,7.341165,7.552073
0.016364,7.332522,7.552073
0.016366,7.325761,7.552073
0.016368,7.320882,7.552073
0.016370,7.317882,7.552073
0.016372,7.316760,7.552073
0.016374,7.316089,7.552073
0.016376,7.312368,7.552073
0.016378,7.305453,7.552073
0.016380,7.295353,7.552073
0.016382,7.284870,7.552073
0.016384,7.276292,7.552073
0.016386,7.269619,7.552073
0.016388,7.264850,7.552073
0.016390,7.261982,7.552073
0.016392,7.261014,7.552073
0.016394,7.260519,7.552073
0.016396,7.256997,7.552073
0.016398,7.250302,7.552073
0.016400,7.240443,7.556073
0.016402,7.230223,7.560073
0.016404,7.221929,7.560073
0.016406,7.215561,7.560073
0.016408,7.211118,7.560073
0.016410,7.208597,7.560073
0.016412,7.207996,7.560073
0.016414,7.207890,7.560073
0.016416,7.204776,7.560073
0.016418,7.198510,7.560073
0.016420,7.189099,7.560073
0.016422,7.178839,7.564073
0.016424,7.170527,7.564073
0.016426,7.164161,7.564073
0.016428,7.159740,7.564073
0.016430,7.157262,7.564073
0.016432,7.156725,7.564073
0.016434,7.157058,7.564073
0.016436,7.154554,7.564073
0.016438,7.148917,7.564073
0.016440,7.140153,7.568073
0.016442,7.131067,7.568073
0.016444,7.123944,7.568073
0.016446,7.118785,7.568073
0.016448,7.115586,7.568073
0.016450,7.114346,7.568073
0.016452,7.115060,7.568073
0.016454,7.116659,7.568073
0.016456,7.115436,7.568073
0.016458,7.111092,7.568073
0.016460,7.103634,7.572073
0.016462,7.095866,7.576074
0.016464,7.090073,7.576074
0.016466,7.086253,7.576074
0.016468,7.084404,7.576074
0.016470,7.084525,7.576074
0.016472,7.086608,7.576074
0.016474,7.089585,7.576074
0.016476,7.089747,7.576074
0.016478,7.086796,7.576074
0.016480,7.080738,7.576074
0.016482,7.074376,7.576074
0.016484,7.069995,7.576074
0.016486,7.067594,7.576074
0.016488,7.067168,7.576074
0.016490,7.068714,7.576074
0.016492,7.072228,7.576074
0.016494,7.076638,7.576074
0.016496,7.078235,7.576074
0.016498,7.076721,7.576074
0.016500,7.072103,7.580074
0.016502,7.067179,7.584074
0.016504,7.064237,7.584074
0.016506,7.063272,7.584074
0.016508,7.064283,7.584074
0.016510,7.067265,7.584074
0.016512,7.072210,7.584074
0.016514,7.078050,7.584074
0.016516,7.081074,7.584074
0.016518,7.080982,7.584074
0.016520,7.077781,7.584074
0.016522,7.074270,7.584074
0.016524,7.072734,7.584074
0.016526,7.073171,7.584074
0.016528,7.075576,7.584074
0.016530,7.079944,7.584074
0.016532,7.086269,7.584074
0.016534,7.093479,7.584074
0.016536,7.097865,7.584074
0.016538,7.099125,7.584074
0.016540,7.097266,7.588074
0.016542,7.095087,7.592074
0.016544,7.094872,7.592074
0.016546,7.096619,7.592074
0.016548,7.100322,7.592074
0.016550,7.105974,7.592074
0.016552,7.113572,7.592074
0.016554,7.122040,7.592074
0.016556,7.127670,7.592074
0.016558,7.130160,7.592074
0.016560,7.129517,7.592074
0.016562,7.128030,7.596075
0.016564,7.128493,7.596075
0.016566,7.130903,7.596075
0.016568,7.135253,7.596075
0.016570,7.141539,7.596075
0.016572,7.149753,7.596075
0.016574,7.158823,7.596075
0.016576,7.165040,7.596075
0.016578,7.168099,7.596075
0.016580,7.168009,7.596075
0.016582,7.167567,7.596075
0.016584,7.169057,7.596075
0.016586,7.172474,7.596075
0.016588,7.177815,7.596075
0.016590,7.185071,7.596075
0.016592,7.194236,7.596075
0.016594,7.204238,7.596075
0.016596,7.211365,7.596075
0.016598,7.215317,7.596075
0.016600,7.216097,7.600075
0.016602,7.216505,7.604075
0.016604,7.218822,7.604075
0.016606,7.223047,7.604075
0.016608,7.229172,7.604075
0.016610,7.237192,7.604075
0.016612,7.247098,7.604075
0.016614,7.257818,7.604075
0.016616,7.265640,7.604075
0.016618,7.270263,7.604075
0.016620,7.271692,7.604075
0.016622,7.272725,7.604075
0.016624,7.275645,7.604075
0.016626,7.280447,7.604075
0.016628,7.287126,7.604075
0.016630,7.295675,7.604075
0.016632,7.306087,7.604075
0.016634,7.317287,7.604075
0.016636,7.325565,7.604075
0.016638,7.330619,7.604075
0.016640,7.332454,7.608075
0.016642,7.333868,7.612075
0.016644,7.337141,7.612075
0.016646,7.342273,7.612075
0.016648,7.349257,7.612075
0.016650,7.358084,7.612075
0.016652,7.368750,7.612075
0.016654,7.380179,7.612075
0.016656,7.388659,7.612075
0.016658,7.393891,7.612075
0.016660,7.395879,7.612075
0.016662,7.396911,7.616076
0.016664,7.399781,7.616076
0.016666,7.404483,7.616076
0.016668,7.411012,7.616076
0.016670,7.419361,7.616076
0.016672,7.429525,7.616076
0.016674,7.440429,7.616076
0.016676,7.448362,7.616076
0.016678,7.453022,7.616076
0.016680,7.454415,7.620076
0.016682,7.455339,7.620076
0.016684,7.458076,7.620076
0.016686,7.462625,7.620076
0.016688,7.468977,7.620076
0.016690,7.477127,7.620076
0.016692,7.487068,7.620076
0.016694,7.497727,7.620076
0.016696,7.505393,7.620076
0.016698,7.509763,7.620076
0.016700,7.510844,7.620076
0.016702,7.510928,7.624076
0.016704,7.512804,7.624076
0.016706,7.516470,7.624076
0.016708,7.521921,7.624076
0.016710,7.529150,7.624076
0.016712,7.538151,7.624076
0.016714,7.547852,7.624076
0.016716,7.554540,7.624076
0.016718,7.557917,7.624076
0.016720,7.557987,7.624076
0.016722,7.557549,7.624076
0.016724,7.558887,7.624076
0.016726,7.561996,7.624076
0.016728,7.566872,7.624076
0.016730,7.573511,7.624076
0.016732,7.581906,7.624076
0.016734,7.590984,7.624076
0.016736,7.597034,7.624076
0.016738,7.599757,7.624076
0.016740,7.599157,7.628076
0.016742,7.598034,7.632076
0.016744,7.598673,7.632076
0.016746,7.601069,7.632076
0.016748,7.605218,7.632076
0.016750,7.611115,7.632076
0.016752,7.618754,7.632076
0.016754,7.627063,7.632076
0.016756,7.632332,7.632076
0.016758,7.634258,7.632076
0.016760,7.632853,7.632076
0.016762,7.630911,7.632076
0.016764,7.630720,7.632076
0.016766,7.632275,7.632076
0.016768,7.635572,7.632076
0.016770,7.640608,7.632076
0.016772,7.647375,7.632076
0.016774,7.654801,7.632076
0.016776,7.659178,7.632076
0.016778,7.660206,7.632076
0.016780,7.657890,7.636076
0.016782,7.655031,7.640077
0.016784,7.653915,7.640077
0.016786,7.654538,7.640077
0.016788,7.656896,7.640077
0.016790,7.660985,7.640077
0.016792,7.666800,7.640077
0.016794,7.673268,7.640077
0.016796,7.676682,7.640077
0.016798,7.676740,7.640077
0.016800,7.673451,7.640077
0.016802,7.669107,7.644077
0.016804,7.666503,7.644077
0.016806,7.665637,7.644077
0.016808,7.666503,7.644077
0.016810,7.669100,7.644077
0.016812,7.673423,7.644077
0.016814,7.678399,7.644077
0.016816,7.680322,7.644077
0.016818,7.678891,7.644077
0.016820,7.674115,7.644077
0.016822,7.668794,7.644077
0.016824,7.665215,7.644077
0.016826,7.663376,7.644077
0.016828,7.663273,7.644077
0.016830,7.664903,7.644077
0.016832,7.668262,7.644077
0.016834,7.672279,7.644077
0.016836,7.673247,7.644077
0.016838,7.670866,7.644077
0.016840,7.665145,7.648077
0.016842,7.658885,7.652077
0.016844,7.654372,7.652077
0.016846,7.651605,7.652077
0.016848,7.650582,7.652077
0.016850,7.651298,7.652077
0.016852,7.653751,7.652077
0.016854,7.656869,7.652077
0.016856,7.656947,7.652077
0.016858,7.653685,7.652077
0.016860,7.647090,7.652077
0.016862,7.639965,7.652077
0.016864,7.634596,7.652077
0.016866,7.630983,7.652077
0.016868,7.629123,7.652077
0.016870,7.629013,7.652077
0.016872,7.630650,7.652077
0.016874,7.632964,7.652077
0.016876,7.632246,7.652077
0.016878,7.628201,7.652077
0.016880,7.620837,7.656077
0.016882,7.612953,7.660078
0.016884,7.606838,7.660078
0.016886,7.602492,7.660078
0.016888,7.599910,7.660078
0.016890,7.599092,7.660078
0.016892,7.600036,7.660078
0.016894,7.601669,7.660078
0.016896,7.600285,7.660078
0.016898,7.595588,7.660078
0.016900,7.587584,7.660078
0.016902,7.579077,7.660078
0.016904,7.572354,7.660078
0.016906,7.567414,7.660078
0.016908,7.564254,7.660078
0.016910,7.562873,7.660078
0.016912,7.563269,7.660078
0.016914,7.564371,7.660078
0.016916,7.562472,7.660078
0.016918,7.557274,7.660078
0.016920,7.548788,7.664078
0.016922,7.539814,7.664078
0.016924,7.532640,7.664078
0.016926,7.527266,7.664078
0.016928,7.523690,7.664078
0.016930,7.521910,7.664078
0.016932,7.521923,7.664078
0.016934,7.522660,7.664078
0.016936,7.520413,7.664078
0.016938,7.514885,7.664078
0.016940,7.506086,7.664078
0.016942,7.496310,7.668078
0.016944,7.488353,7.668078
0.016946,7.482215,7.668078
0.016948,7.477894,7.668078
0.016950,7.475390,7.668078
0.016952,7.474699,7.668078
0.016954,7.474751,7.668078
0.016956,7.471841,7.668078
0.016958,7.465670,7.668078
0.016960,7.456248,7.668078
0.016962,7.446379,7.668078
0.016964,7.438348,7.668078
0.016966,7.432157,7.668078
0.016968,7.427803,7.668078
0.016970,7.425285,7.668078
0.016972,7.424601,7.668078
0.016974,7.424680,7.668078
0.016976,7.421815,7.668078
0.016978,7.415712,7.668078
0.016980,7.406377,7.672078
0.016982,7.396614,7.676078
0.016984,7.388710,7.676078
0.016986,7.382666,7.676078
0.016988,7.378477,7.676078
0.016990,7.376144,7.676078
0.016992,7.375663,7.676078
0.016994,7.375965,7.676078
0.016996,7.373343,7.676078
0.016998,7.367500,7.676078
0.017000,7.358445,7.676078
0.017002,7.348979,7.676078
0.017004,7.341392,7.676078
0.017006,7.335681,7.676078
0.017008,7.331846,7.676078
0.017010,7.329884,7.676078
0.017012,7.329792,7.676078
0.017014,7.330500,7.676078
0.017016,7.328302,7.676078
0.017018,7.322899,7.676078
0.017020,7.314301,7.680079
0.017022,7.305311,7.684079
0.017024,7.298214,7.684079
0.017026,7.293011,7.684079
0.017028,7.289699,7.684079
0.017030,7.288275,7.684079
0.017032,7.288738,7.684079
0.017034,7.290321,7.684079
0.017036,7.289214,7.684079
0.017038,7.284917,7.684079
0.017040,7.277437,7.684079
0.017042,7.269069,7.688079
0.017044,7.262608,7.688079
0.017046,7.258054,7.688079
0.017048,7.255404,7.688079
0.017050,7.254654,7.688079
0.017052,7.255804,7.688079
0.017054,7.258085,7.688079
0.017056,7.257688,7.688079
0.017058,7.254112,7.688079
0.017060,7.247364,7.688079
0.017062,7.240246,7.688079
0.017064,7.235044,7.688079
0.017066,7.231757,7.688079
0.017068,7.230382,7.688079
0.017070,7.230917,7.688079
0.017072,7.233356,7.688079
0.017074,7.236932,7.688079
0.017076,7.237837,7.688079
0.017078,7.235568,7.688079
0.017080,7.230133,7.692079
0.017082,7.224331,7.696079
0.017084,7.220449,7.696079
0.017086,7.218486,7.696079
0.017088,7.218437,7.696079
0.017090,7.220299,7.696079
0.017092,7.224067,7.696079
0.017094,7.228975,7.696079
0.017096,7.231211,7.696079
0.017098,7.230274,7.696079
0.017100,7.226170,7.696079
0.017102,7.221698,7.696079
0.017104,7.219144,7.696079
0.017106,7.218507,7.696079
0.017108,7.219780,7.696079
0.017110,7.222960,7.696079
0.017112,7.228045,7.696079
0.017114,7.234265,7.696079
0.017116,7.237809,7.696079
0.017118,7.238173,7.696079
0.017120,7.235365,7.700079
0.017122,7.232183,7.704080
0.017124,7.230913,7.704080
0.017126,7.231552,7.704080
0.017128,7.234095,7.704080
0.017130,7.238536,7.704080
0.017132,7.244873,7.704080
0.017134,7.252335,7.704080
0.017136,7.257110,7.704080
0.017138,7.258697,7.704080
0.017140,7.257100,7.704080
0.017142,7.255119,7.704080
0.017144,7.255037,7.704080
0.017146,7.256853,7.704080
0.017148,7.260560,7.704080
0.017150,7.266153,7.704080
0.017152,7.273627,7.704080
0.017154,7.282214,7.704080
0.017156,7.288100,7.704080
0.017158,7.290783,7.704080
0.017160,7.290266,7.708080
0.017162,7.289350,7.708080
0.017164,7.290318,7.708080
0.017166,7.293165,7.708080
0.017168,7.297889,7.708080
0.017170,7.304482,7.708080
0.017172,7.312939,7.708080
0.017174,7.322490,7.708080
0.017176,7.329323,7.708080
0.017178,7.332933,7.708080
0.017180,7.333326,7.708080
0.017182,7.332793,7.712080
0.017184,7.334126,7.712080
0.017186,7.337321,7.712080
0.017188,7.342373,7.712080
0.017190,7.349276,7.712080
0.017192,7.358024,7.712080
0.017194,7.367848,7.712080
0.017196,7.374934,7.712080
0.017198,7.378779,7.712080
0.017200,7.379389,7.712080
0.017202,7.379561,7.712080
0.017204,7.381579,7.712080
0.017206,7.385439,7.712080
0.017208,7.391135,7.712080
0.017210,7.398662,7.712080
0.017212,7.408011,7.712080
0.017214,7.418417,7.712080
0.017216,7.426064,7.712080
0.017218,7.430448,7.712080
0.017220,7.431574,7.716080
0.017222,7.432241,7.720080
0.017224,7.434732,7.720080
0.017226,7.439042,7.720080
0.017228,7.445165,7.720080
0.017230,7.453097,7.720080
0.017232,7.462831,7.720080
0.017234,7.473597,7.720080
0.017236,7.481582,7.720080
0.017238,7.486281,7.720080
0.017240,7.487700,7.720080
0.017242,7.488636,7.720080
0.017244,7.491373,7.720080
0.017246,7.495906,7.720080
0.017248,7.502231,7.720080
0.017250,7.510340,7.720080
0.017252,7.520226,7.720080
0.017254,7.531122,7.720080
0.017256,7.539213,7.720080
0.017258,7.543996,7.720080
0.017260,7.545475,7.724081
0.017262,7.546447,7.728081
0.017264,7.549197,7.728081
0.017266,7.553721,7.728081
0.017268,7.560013,7.728081
0.017270,7.568067,7.728081
0.017272,7.577875,7.728081
0.017274,7.588668,7.728081
0.017276,7.596636,7.728081
0.017278,7.601272,7.728081
0.017280,7.602582,7.728081
0.017282,7.602855,7.732081
0.017284,7.604885,7.732081
0.017286,7.608667,7.732081
0.017288,7.614197,7.732081
0.017290,7.621469,7.732081
0.017292,7.630476,7.732081
0.017294,7.640449,7.732081
0.017296,7.647576,7.732081
0.017298,7.651353,7.732081
0.017300,7.651785,7.736081
0.017302,7.651670,7.736081
0.017304,7.653295,7.736081
0.017306,7.656652,7.736081
0.017308,7.661738,7.736081
0.017310,7.668548,7.736081
0.017312,7.677074,7.736081
0.017314,7.686551,7.736081
0.017316,7.693164,7.736081
0.017318,7.696409,7.736081
0.017320,7.696293,7.740081
0.017322,7.695614,7.744081
0.017324,7.696657,7.744081
0.017326,7.699418,7.744081
0.017328,7.703891,7.744081
0.017330,7.710072,7.744081
0.017332,7.717954,7.744081
0.017334,7.726771,7.744081
0.017336,7.732710,7.744081
0.017338,7.735267,7.744081
0.017340,7.734448,7.744081
0.017342,7.733052,7.744081
0.017344,7.733364,7.744081
0.017346,7.735380,7.744081
0.017348,7.739097,7.744081
0.017350,7.744509,7.744081
0.017352,7.751610,7.744081
0.017354,7.759634,7.744081
0.017356,7.764768,7.744081
0.017358,7.766509,7.744081
0.017360,7.764862,7.748082
0.017362,7.762629,7.752082
0.017364,7.762094,7.752082
0.017366,7.763253,7.752082
0.017368,7.766103,7.752082
0.017370,7.770639,7.752082
0.017372,7.776856,7.752082
0.017374,7.783988,7.752082
0.017376,7.788221,7.752082
0.017378,7.789054,7.752082
0.017380,7.786492,7.752082
0.017382,7.783338,7.752082
0.017384,7.781874,7.752082
0.017386,7.782098,7.752082
0.017388,7.784009,7.752082
0.017390,7.787599,7.752082
0.017392,7.792866,7.752082
0.017394,7.799043,7.752082
0.017396,7.802317,7.752082
0.017398,7.802186,7.752082
0.017400,7.798659,7.756082
0.017402,7.794535,7.760082
0.017404,7.792099,7.760082
0.017406,7.791350,7.760082
0.017408,7.792285,7.760082
0.017410,7.794899,7.760082
0.017412,7.799188,7.760082
0.017414,7.804385,7.760082
0.017416,7.806681,7.760082
0.017418,7.805573,7.760082
0.017420,7.801068,7.760082
0.017422,7.795460,7.764082
0.017424,7.791543,7.764082
0.017426,7.789315,7.764082
0.017428,7.788774,7.764082
0.017430,7.789918,7.764082
0.017432,7.792742,7.764082
0.017434,7.796480,7.764082
0.017436,7.797323,7.764082
0.017438,7.794767,7.764082
0.017440,7.788823,7.764082
0.017442,7.782290,7.764082
0.017444,7.777455,7.764082
0.017446,7.774317,7.764082
0.017448,7.772875,7.764082
0.017450,7.773125,7.764082
0.017452,7.775063,7.764082
0.017454,7.777924,7.764082
0.017456,7.777899,7.764082
0.017458,7.774487,7.764082
0.017460,7.767694,7.768083
0.017462,7.760322,7.772083
0.017464,7.754660,7.772083
0.017466,7.750705,7.772083
0.017468,7.748457,7.772083
0.017470,7.747912,7.772083
0.017472,7.749068,7.772083
0.017474,7.751157,7.772083
0.017476,7.750373,7.772083
0.017478,7.746214,7.772083
0.017480,7.738687,7.772083
0.017482,7.730595,7.772083
0.017484,7.724226,7.772083
0.017486,7.719578,7.772083
0.017488,7.716650,7.772083
0.017490,7.715439,7.772083
0.017492,7.715943,7.772083
0.017494,7.717397,7.772083
0.017496,7.715991,7.772083
0.017498,7.711224,7.772083
0.017500,7.703105,7.776083
0.017502,7.694437,7.780083
0.017504,7.687507,7.780083
0.017506,7.682313,7.780083
0.017508,7.678856,7.780083
0.017510,7.677133,7.780083
0.017512,7.677140,7.780083
0.017514,7.678113,7.780083
0.017516,7.676243,7.780083
0.017518,7.671031,7.780083
0.017520,7.662484,7.780083
0.017522,7.652895,7.784083
0.017524,7.645063,7.784083
0.017526,7.638987,7.784083
0.017528,7.634666,7.784083
0.017530,7.632098,7.784083
0.017532,7.631281,7.784083
0.017534,7.631450,7.784083
0.017536,7.628796,7.784083
0.017538,7.622818,7.784083
0.017540,7.613527,7.788084
0.017542,7.603725,7.788084
0.017544,7.595698,7.788084
0.017546,7.589448,7.788084
0.017548,7.584973,7.788084
0.017550,7.582271,7.788084
0.017552,7.581340,7.788084
0.017554,7.581416,7.788084
0.017556,7.578688,7.788084
0.017558,7.572657,7.788084
0.017560,7.563333,7.792084
0.017562,7.553517,7.796084
0.017564,7.545497,7.796084
0.017566,7.539274,7.796084
0.017568,7.534846,7.796084
0.017570,7.532211,7.796084
0.017572,7.531367,7.796084
0.017574,7.531549,7.796084
0.017576,7.528948,7.796084
0.017578,7.523064,7.796084
0.017580,7.513905,7.796084
0.017582,7.504273,7.796084
0.017584,7.496458,7.796084
0.017586,7.490459,7.796084
0.017588,7.486273,7.796084
0.017590,7.483898,7.796084
0.017592,7.483335,7.796084
0.017594,7.483815,7.796084
0.017596,7.481532,7.796084
0.017598,7.475983,7.796084
0.017600,7.467177,7.800084
0.017602,7.457918,7.804084
0.017604,7.450493,7.804084
0.017606,7.444901,7.804084
0.017608,7.441140,7.804084
0.017610,7.439208,7.804084
0.017612,7.439103,7.804084
0.017614,7.440313,7.804084
0.017616,7.439028,7.804084
0.017618,7.434494,7.804084
0.017620,7.426717,7.804084
0.017622,7.418501,7.804084
0.017624,7.412132,7.804084
0.017626,7.407609,7.804084
0.017628,7.404931,7.804084
0.017630,7.404094,7.804084
0.017632,7.405096,7.804084
0.017634,7.407424,7.804084
0.017636,7.407267,7.804084
0.017638,7.403871,7.804084
0.017640,7.397244,7.808084
0.017642,7.390186,7.812085
0.017644,7.384984,7.812085
0.017646,7.381638,7.812085
0.017648,7.380143,7.812085
0.017650,7.380498,7.812085
0.017652,7.382698,7.812085
0.017654,7.386231,7.812085
0.017656,7.387287,7.812085
0.017658,7.385108,7.812085
0.017660,7.379702,7.812085
0.017662,7.373363,7.816085
0.017664,7.368886,7.816085
0.017666,7.366270,7.816085
0.017668,7.365510,7.816085
0.017670,7.366602,7.816085
0.017672,7.369545,7.816085
0.017674,7.373825,7.816085
0.017676,7.375629,7.816085
0.017678,7.374203,7.816085
0.017680,7.369554,7.816085
0.017682,7.364481,7.816085
0.017684,7.361270,7.816085
0.017686,7.359918,7.816085
0.017688,7.360425,7.816085
0.017690,7.362785,7.816085
0.017692,7.366994,7.816085
0.017694,7.372538,7.816085
0.017696,7.375605,7.816085
0.017698,7.375439,7.816085
0.017700,7.372046,7.820085
0.017702,7.368224,7.824085
0.017704,7.366262,7.824085
0.017706,7.366157,7.824085
0.017708,7.367903,7.824085
0.017710,7.371498,7.824085
0.017712,7.376935,7.824085
0.017714,7.383700,7.824085
0.017716,7.387982,7.824085
0.017718,7.389023,7.824085
0.017720,7.386830,7.824085
0.017722,7.384202,7.824085
0.017724,7.383423,7.824085
0.017726,7.384491,7.824085
0.017728,7.387402,7.824085
0.017730,7.392150,7.824085
0.017732,7.398729,7.824085
0.017734,7.406627,7.824085
0.017736,7.412030,7.824085
0.017738,7.414180,7.824085
0.017740,7.413084,7.828085
0.017742,7.411540,7.832086
0.017744,7.411832,7.832086
0.017746,7.413958,7.832086
0.017748,7.417911,7.832086
0.017750,7.423688,7.832086
0.017752,7.431283,7.832086
0.017754,7.440181,7.832086
0.017756,7.446568,7.832086
0.017758,7.449687,7.832086
0.017760,7.449542,7.832086
0.017762,7.448934,7.832086
0.017764,7.450145,7.832086
0.017766,7.453173,7.832086
0.017768,7.458011,7.832086
0.017770,7.464655,7.832086
0.017772,7.473097,7.832086
0.017774,7.482824,7.832086
0.017776,7.490022,7.832086
0.017778,7.493933,7.832086
0.017780,7.494562,7.836086
0.017782,7.494707,7.836086
0.017784,7.496652,7.836086
0.017786,7.500393,7.836086
0.017788,7.505925,7.836086
0.017790,7.513241,7.836086
0.017792,7.522336,7.836086
0.017794,7.532693,7.836086
0.017796,7.540502,7.836086
0.017798,7.545002,7.836086
0.017800,7.546197,7.840086
0.017802,7.546887,7.844086
0.017804,7.549356,7.844086
0.017806,7.553598,7.844086
0.017808,7.559608,7.844086
0.017810,7.567381,7.844086
0.017812,7.576910,7.844086
0.017814,7.587680,7.844086
0.017816,7.595877,7.844086
0.017818,7.600742,7.844086
0.017820,7.602281,7.844086
0.017822,7.603290,7.844086
0.017824,7.606054,7.844086
0.017826,7.610570,7.844086
0.017828,7.616830,7.844086
0.017830,7.624830,7.844086
0.017832,7.634562,7.844086
0.017834,7.645511,7.844086
0.017836,7.653863,7.844086
0.017838,7.658862,7.844086
0.017840,7.660509,7.848086
0.017842,7.661603,7.852087
0.017844,7.664430,7.852087
0.017846,7.668984,7.852087
0.017848,7.675259,7.852087
0.017850,7.683250,7.852087
0.017852,7.692950,7.852087
0.017854,7.703844,7.852087
0.017856,7.712118,7.852087
0.017858,7.717015,7.852087
0.017860,7.718538,7.852087
0.017862,7.719485,7.852087
0.017864,7.722142,7.852087
0.017866,7.726502,7.852087
0.017868,7.732563,7.852087
0.017870,7.740315,7.852087
0.017872,7.749755,7.852087
0.017874,7.760366,7.852087
0.017876,7.768337,7.852087
0.017878,7.772907,7.852087
0.017880,7.774082,7.856087
0.017882,7.774661,7.860087
0.017884,7.776927,7.860087
0.017886,7.780876,7.860087
0.017888,7.786503,7.860087
0.017890,7.793801,7.860087
0.017892,7.802767,7.860087
0.017894,7.812885,7.860087
0.017896,7.820342,7.860087
0.017898,7.824378,7.860087
0.017900,7.825000,7.860087
0.017902,7.824498,7.864087
0.017904,7.825666,7.864087
0.017906,7.828500,7.864087
0.017908,7.832995,7.864087
0.017910,7.839146,7.864087
0.017912,7.846949,7.864087
0.017914,7.855887,7.864087
0.017916,7.862149,7.864087
0.017918,7.864976,7.864087
0.017920,7.864376,7.864087
0.017922,7.863146,7.864087
0.017924,7.863572,7.864087
0.017926,7.865650,7.864087
0.017928,7.869377,7.864087
0.017930,7.874746,7.864087
0.017932,7.881753,7.864087
0.017934,7.889884,7.864087
0.017936,7.895328,7.864087
0.017938,7.897325,7.864087
0.017940,7.895882,7.868087
0.017942,7.893800,7.872087
0.017944,7.893363,7.872087
0.017946,7.894567,7.872087
0.017948,7.897410,7.872087
0.017950,7.901887,7.872087
0.017952,7.907992,7.872087
0.017954,7.915214,7.872087
0.017956,7.919738,7.872087
0.017958,7.920808,7.872087
0.017960,7.918432,7.872087
0.017962,7.915408,7.872087
0.017964,7.914022,7.872087
0.017966,7.914272,7.872087
0.017968,7.916154,7.872087
0.017970,7.919665,7.872087
0.017972,7.924800,7.872087
0.017974,7.931044,7.872087
0.017976,7.934588,7.872087
0.017978,7.934674,7.872087
0.017980,7.931309,7.872087
0.017982,7.927293,7.872087
0.017984,7.924913,7.872087
0.017986,7.924167,7.872087
0.017988,7.925051,7.872087
0.017990,7.927562,7.872087
0.017992,7.931696,7.872087
0.017994,7.936938,7.872087
0.017996,7.939480,7.872087
0.017998,7.938563,7.872087
0.018000,7.934197,7.872087
0.018002,7.929182,7.872087
0.018004,7.925802,7.872087
0.018006,7.924058,7.872087
0.018008,7.923946,7.872087
0.018010,7.925463,7.872087
0.018012,7.928606,7.872087
0.018014,7.932861,7.872087
0.018016,7.934418,7.872087
0.018018,7.932522,7.872087
0.018020,7.927180,7.872087
0.018022,7.921193,7.872087
0.018024,7.916848,7.872087
0.018026,7.914144,7.872087
0.018028,7.913078,7.872087
0.018030,7.913648,7.872087
0.018032,7.915849,7.872087
0.018034,7.919170,7.872087
0.018036,7.919801,7.872087
0.018038,7.916986,7.872087
0.018040,7.910734,7.872087
0.018042,7.903337,7.872087
0.018044,7.897592,7.872087
0.018046,7.893497,7.872087
0.018048,7.891052,7.872087
0.018050,7.890254,7.872087
0.018052,7.891099,7.872087
0.018054,7.893078,7.872087
0.018056,7.892378,7.872087
0.018058,7.888247,7.872087
0.018060,7.880692,7.872087
0.018062,7.872516,7.872087
0.018064,7.866004,7.872087
0.018066,7.861158,7.872087
0.018068,7.857976,7.872087
0.018070,7.856456,7.872087
0.018072,7.856594,7.872087
0.018074,7.857881,7.872087
0.018076,7.856505,7.872087
0.018078,7.851713,7.872087
0.018080,7.843513,7.876088
0.018082,7.834707,7.880088
0.018084,7.827583,7.880088
0.018086,7.822141,7.880088
0.018088,7.818379,7.880088
0.018090,7.816296,7.880088
0.018092,7.815889,7.880088
0.018094,7.816648,7.880088
0.018096,7.814762,7.880088
0.018098,7.809476,7.880088
0.018100,7.800800,7.880088
0.018102,7.791538,7.880088
0.018104,7.783976,7.880088
0.018106,7.778113,7.880088
0.018108,7.773949,7.880088
0.018110,7.771483,7.880088
0.018112,7.770710,7.880088
0.018114,7.771122,7.880088
0.018116,7.768908,7.880088
0.018118,7.763315,7.880088
0.018120,7.754352,7.884088
0.018122,7.744820,7.888088
0.018124,7.737007,7.888088
0.018126,7.730913,7.888088
0.018128,7.726535,7.888088
0.018130,7.723875,7.888088
0.018132,7.722930,7.888088
0.018134,7.723188,7.888088
0.018136,7.720840,7.888088
0.018138,7.715132,7.888088
0.018140,7.706073,7.888088
0.018142,7.695957,7.892088
0.018144,7.687581,7.892088
0.018146,7.680946,7.892088
0.018148,7.676049,7.892088
0.018150,7.672891,7.892088
0.018152,7.671467,7.892088
0.018154,7.671269,7.892088
0.018156,7.668486,7.892088
0.018158,7.662364,7.892088
0.018160,7.652914,7.896089
0.018162,7.642936,7.896089
0.018164,7.634719,7.896089
0.018166,7.628263,7.896089
0.018168,7.623568,7.896089
0.018170,7.620630,7.896089
0.018172,7.619449,7.896089
0.018174,7.619513,7.896089
0.018176,7.617012,7.896089
0.018178,7.611193,7.896089
0.018180,7.602064,7.900089
0.018182,7.592428,7.904089
0.018184,7.584573,7.904089
0.018186,7.578498,7.904089
0.018188,7.574202,7.904089
0.018190,7.571682,7.904089
0.018192,7.570939,7.904089
0.018194,7.571458,7.904089
0.018196,7.569432,7.904089
0.018198,7.564105,7.904089
0.018200,7.555486,7.904089
0.018202,7.546378,7.904089
0.018204,7.539067,7.904089
0.018206,7.533554,7.904089
0.018208,7.529837,7.904089
0.018210,7.527914,7.904089
0.018212,7.527781,7.904089
0.018214,7.528929,7.904089
0.018216,7.527545,7.904089
0.018218,7.522877,7.904089
0.018220,7.514932,7.908089
0.018222,7.506511,7.912089
0.018224,7.499902,7.912089
0.018226,7.495105,7.912089
0.018228,7.492120,7.912089
0.018230,7.490941,7.912089
0.018232,7.491567,7.912089
0.018234,7.493486,7.912089
0.018236,7.492887,7.912089
0.018238,7.489016,7.912089
0.018240,7.481879,7.912089
0.018242,7.474279,7.912089
0.018244,7.468503,7.912089
0.018246,7.464550,7.912089
0.018248,7.462417,7.912089
0.018250,7.462101,7.912089
0.018252,7.463599,7.912089
0.018254,7.466399,7.912089
0.018256,7.466691,7.912089
0.018258,7.463719,7.912089
0.018260,7.457491,7.916090
0.018262,7.450807,7.916090
0.018264,7.445955,7.916090
0.018266,7.442932,7.916090
0.018268,7.441737,7.916090
0.018270,7.442365,7.916090
0.018272,7.444814,7.916090
0.018274,7.448569,7.916090
0.018276,7.449822,7.916090
0.018278,7.447816,7.916090
0.018280,7.442558,7.916090
0.018282,7.436341,7.920090
0.018284,7.431960,7.920090
0.018286,7.429413,7.920090
0.018288,7.428698,7.920090
0.018290,7.429811,7.920090
0.018292,7.432748,7.920090
0.018294,7.436996,7.920090
0.018296,7.438745,7.920090
0.018298,7.437239,7.920090
0.018300,7.432485,7.920090
0.018302,7.427281,7.920090
0.018304,7.423914,7.920090
0.018306,7.422384,7.920090
0.018308,7.422686,7.920090
0.018310,7.424816,7.920090
0.018312,7.428771,7.920090
0.018314,7.434036,7.920090
0.018316,7.436801,7.920090
0.018318,7.436309,7.920090
0.018320,7.432567,7.924090
0.018322,7.428374,7.928090
0.018324,7.426017,7.928090
0.018326,7.425492,7.928090
0.018328,7.426796,7.928090
0.018330,7.429925,7.928090
0.018332,7.434875,7.928090
0.018334,7.441335,7.928090
0.018336,7.445593,7.928090
0.018338,7.446587,7.928090
0.018340,7.444324,7.928090
0.018342,7.441603,7.928090
0.018344,7.440708,7.928090
0.018346,7.441638,7.928090
0.018348,7.444387,7.928090
0.018350,7.448950,7.928090
0.018352,7.455324,7.928090
0.018354,7.463197,7.928090
0.018356,7.468857,7.928090
0.018358,7.471241,7.928090
0.018360,7.470355,7.932090
0.018362,7.468998,7.936090
0.018364,7.469456,7.936090
0.018366,7.471721,7.936090
0.018368,7.475792,7.936090
0.018370,7.481663,7.936090
0.018372,7.489327,7.936090
0.018374,7.498475,7.936090
0.018376,7.505393,7.936090
0.018378,7.509019,7.936090
0.018380,7.509356,7.936090
0.018382,7.508697,7.940091
0.018384,7.509833,7.940091
0.018386,7.512762,7.940091
0.018388,7.517478,7.940091
0.018390,7.523976,7.940091
0.018392,7.532249,7.940091
0.018394,7.541988,7.940091
0.018396,7.549479,7.940091
0.018398,7.553658,7.940091
0.018400,7.554529,7.944091
0.018402,7.554893,7.944091
0.018404,7.557032,7.944091
0.018406,7.560942,7.944091
0.018408,7.566619,7.944091
0.018410,7.574056,7.944091
0.018412,7.583247,7.944091
0.018414,7.593880,7.944091
0.018416,7.602244,7.944091
0.018418,7.607272,7.944091
0.018420,7.608969,7.948091
0.018422,7.610136,7.952091
0.018424,7.613054,7.952091
0.018426,7.617719,7.952091
0.018428,7.624127,7.952091
0.018430,7.632270,7.952091
0.018432,7.642143,7.952091
0.018434,7.653432,7.952091
0.018436,7.662425,7.952091
0.018438,7.668059,7.952091
0.018440,7.670338,7.952091
0.018442,7.672059,7.952091
0.018444,7.675506,7.952091
0.018446,7.680675,7.952091
0.018448,7.687560,7.952091
0.018450,7.696154,7.952091
0.018452,7.706451,7.952091
0.018454,7.718138,7.952091
0.018456,7.727503,7.952091
0.018458,7.733480,7.952091
0.018460,7.736077,7.956091
0.018462,7.738089,7.960092
0.018464,7.741800,7.960092
0.018466,7.747205,7.960092
0.018468,7.754300,7.960092
0.018470,7.763076,7.960092
0.018472,7.773529,7.960092
0.018474,7.785345,7.960092
0.018476,7.794812,7.960092
0.018478,7.800864,7.960092
0.018480,7.803508,7.960092
0.018482,7.805540,7.960092
0.018484,7.809243,7.960092
0.018486,7.814614,7.960092
0.018488,7.821648,7.960092
0.018490,7.830338,7.960092
0.018492,7.840675,7.960092
0.018494,7.852351,7.960092
0.018496,7.861650,7.960092
0.018498,7.867509,7.960092
0.018500,7.869931,7.964092
0.018502,7.871717,7.964092
0.018504,7.875150,7.964092
0.018506,7.880224,7.964092
0.018508,7.886934,7.964092
0.018510,7.895275,7.964092
0.018512,7.905240,7.964092
0.018514,7.916516,7.964092
0.018516,7.925391,7.964092
0.018518,7.930802,7.964092
0.018520,7.932752,7.964092
0.018522,7.933534,7.964092
0.018524,7.935937,7.964092
0.018526,7.939961,7.964092
0.018528,7.945600,7.964092
0.018530,7.952847,7.964092
0.018532,7.961698,7.964092
0.018534,7.971840,7.964092
0.018536,7.979562,7.964092
0.018538,7.983799,7.964092
0.018540,7.984557,7.964092
0.018542,7.984636,7.964092
0.018544,7.986319,7.964092
0.018546,7.989603,7.964092
0.018548,7.994483,7.964092
0.018550,8.000953,7.964092
0.018552,8.009008,7.964092
0.018554,8.018339,7.964092
0.018556,8.025231,7.964092
0.018558,8.028624,7.964092
0.018560,8.028521,7.964092
0.018562,8.027722,7.964092
0.018564,8.028514,7.964092
0.018566,8.030890,7.964092
0.018568,8.034846,7.964092
0.018570,8.040382,7.964092
0.018572,8.047487,7.964092
0.018574,8.055853,7.964092
0.018576,8.061768,7.964092
0.018578,8.064170,7.964092
0.018580,8.063066,7.964092
0.018582,8.061253,7.964092
0.018584,8.061019,7.964092
0.018586,8.062359,7.964092
0.018588,8.065269,7.964092
0.018590,8.069746,7.964092
0.018592,8.075785,7.964092
0.018594,8.083076,7.964092
0.018596,8.087906,7.964092
0.018598,8.089215,7.964092
0.018600,8.087009,7.964092
0.018602,8.084089,7.964092
0.018604,8.082740,7.964092
0.018606,8.082958,7.964092
0.018608,8.084742,7.964092
0.018610,8.088086,7.964092
0.018612,8.092987,7.964092
0.018614,8.099135,7.964092
0.018616,8.102821,7.964092
0.018618,8.102980,7.964092
0.018620,8.099621,7.964092
0.018622,8.095037,7.964092
0.018624,8.092022,7.964092
0.018626,8.090575,7.964092
0.018628,8.090693,7.964092
0.018630,8.092374,7.964092
0.018632,8.095612,7.964092
0.018634,8.100100,7.964092
0.018636,8.102126,7.964092
0.018638,8.100632,7.964092
0.018640,8.095624,7.964092
0.018642,8.089902,7.964092
0.018644,8.085753,7.964092
0.018646,8.083179,7.964092
0.018648,8.082174,7.964092
0.018650,8.082738,7.964092
0.018652,8.084866,7.964092
0.018654,8.088248,7.964092
0.018656,8.089179,7.964092
0.018658,8.086595,7.964092
0.018660,8.080504,7.964092
0.018662,8.073709,7.964092
0.018664,8.068498,7.964092
0.018666,8.064867,7.964092
0.018668,8.062816,7.964092
0.018670,8.062343,7.964092
0.018672,8.063444,7.964092
0.018674,8.065811,7.964092
0.018676,8.065736,7.964092
0.018678,8.062158,7.964092
0.018680,8.055084,7.964092
0.018682,8.047318,7.964092
0.018684,8.041148,7.964092
0.018686,8.036572,7.964092
0.018688,8.033590,7.964092
0.018690,8.032198,7.964092
0.018692,8.032395,7.964092
0.018694,8.033873,7.964092
0.018696,8.032922,7.964092
0.018698,8.028482,7.964092
0.018700,8.020564,7.964092
0.018702,8.011970,7.964092
0.018704,8.004986,7.964092
0.018706,7.999612,7.964092
0.018708,7.995848,7.964092
0.018710,7.993692,7.964092
0.018712,7.993141,7.964092
0.018714,7.993888,7.964092
0.018716,7.992224,7.964092
0.018718,7.987089,7.964092
0.018720,7.978494,7.964092
0.018722,7.969239,7.964092
0.018724,7.961614,7.964092
0.018726,7.955617,7.964092
0.018728,7.951250,7.964092
0.018730,7.948508,7.964092
0.018732,7.947392,7.964092
0.018734,7.947593,7.964092
0.018736,7.945402,7.964092
0.018738,7.939761,7.964092
0.018740,7.930678,7.964092
0.018742,7.920957,7.964092
0.018744,7.912885,7.964092
0.018746,7.906463,7.964092
0.018748,7.901689,7.964092
0.018750,7.898563,7.964092
0.018752,7.897083,7.964092
0.018754,7.896939,7.964092
0.018756,7.894426,7.964092
0.018758,7.888484,7.964092
0.018760,7.879120,7.964092
0.018762,7.868632,7.968092
0.018764,7.859817,7.968092
0.018766,7.852672,7.968092
0.018768,7.847200,7.968092
0.018770,7.843398,7.968092
0.018772,7.841264,7.968092
0.018774,7.840493,7.968092
0.018776,7.837374,7.968092
0.018778,7.830851,7.968092
0.018780,7.820931,7.968092
0.018782,7.810419,7.968092
0.018784,7.801601,7.968092
0.018786,7.794479,7.968092
0.018788,7.789052,7.968092
0.018790,7.785319,7.968092
0.018792,7.783277,7.968092
0.018794,7.782620,7.968092
0.018796,7.779638,7.968092
0.018798,7.773275,7.968092
0.018800,7.763538,7.972092
0.018802,7.753229,7.976092
0.018804,7.744641,7.976092
0.018806,7.737770,7.976092
0.018808,7.732615,7.976092
0.018810,7.729177,7.976092
0.018812,7.727451,7.976092
0.018814,7.727132,7.976092
0.018816,7.724510,7.976092
0.018818,7.718527,7.976092
0.018820,7.709193,7.976092
0.018822,7.699308,7.976092
0.018824,7.691162,7.976092
0.018826,7.684753,7.976092
0.018828,7.680083,7.976092
0.018830,7.677148,7.976092
0.018832,7.675946,7.976092
0.018834,7.676170,7.976092
0.018836,7.674111,7.976092
0.018838,7.668709,7.976092
0.018840,7.659974,7.980093
0.018842,7.650709,7.984093
0.018844,7.643199,7.984093
0.018846,7.637446,7.984093
0.018848,7.633448,7.984093
0.018850,7.631203,7.984093
0.018852,7.630708,7.984093
0.018854,7.631656,7.984093
0.018856,7.630337,7.984093
0.018858,7.625692,7.984093
0.018860,7.617729,7.984093
0.018862,7.609250,7.984093
0.018864,7.602543,7.984093
0.018866,7.597607,7.984093
0.018868,7.594439,7.984093
0.018870,7.593040,7.984093
0.018872,7.593404,7.984093
0.018874,7.595222,7.984093
0.018876,7.594788,7.984093
0.018878,7.591039,7.984093
0.018880,7.583985,7.988093
0.018882,7.576427,7.988093
0.018884,7.570651,7.988093
0.018886,7.566657,7.988093
0.018888,7.564442,7.988093
0.018890,7.564005,7.988093
0.018892,7.565341,7.988093
0.018894,7.568143,7.988093
0.018896,7.568700,7.988093
0.018898,7.565951,7.988093
0.018900,7.559904,7.992093
0.018902,7.553360,7.996093
0.018904,7.548607,7.996093
0.018906,7.545642,7.996093
0.018908,7.544464,7.996093
0.018910,7.545068,7.996093
0.018912,7.547451,7.996093
0.018914,7.551304,7.996093
0.018916,7.552917,7.996093
0.018918,7.551229,7.996093
0.018920,7.546248,7.996093
0.018922,7.540773,7.996093
0.018924,7.537091,7.996093
0.018926,7.535199,7.996093
0.018928,7.535096,7.996093
0.018930,7.536777,7.996093
0.018932,7.540238,7.996093
0.018934,7.545170,7.996093
0.018936,7.547862,7.996093
0.018938,7.547252,7.996093
0.018940,7.543349,8.000093
0.018942,7.538951,8.004093
0.018944,7.536344,8.004093
0.018946,7.535526,8.004093
0.018948,7.536494,8.004093
0.018950,7.539244,8.004093
0.018952,7.543771,8.004093
0.018954,7.549765,8.004093
0.018956,7.553515,8.004093
0.018958,7.553960,8.004093
0.018960,7.551105,8.004093
0.018962,7.547751,8.004093
0.018964,7.546183,8.004093
0.018966,7.546397,8.004093
0.018968,7.548391,8.004093
0.018970,7.552161,8.004093
0.018972,7.557699,8.004093
0.018974,7.564697,8.004093
0.018976,7.569444,8.004093
0.018978,7.570877,8.004093
0.018980,7.569002,8.008093
0.018982,7.566618,8.012093
0.018984,7.566010,8.012093
0.018986,7.567176,8.012093
0.018988,7.570111,8.012093
0.018990,7.574810,8.012093
0.018992,7.581268,8.012093
0.018994,7.589174,8.012093
0.018996,7.594818,8.012093
0.018998,7.597135,8.012093
0.019000,7.596132,8.012093
0.019002,7.594100,8.016092
0.019004,7.593833,8.016092
0.019006,7.595327,8.016092
0.019008,7.598579,8.016092
0.019010,7.603582,8.016092
0.019012,7.610333,8.016092
0.019014,7.618520,8.016092
0.019016,7.624433,8.016092
0.019018,7.627006,8.016092
0.019020,7.626245,8.016092
0.019022,7.624952,8.016092
0.019024,7.625410,8.016092
0.019026,7.627614,8.016092
0.019028,7.631562,8.016092
0.019030,7.637248,8.016092
0.019032,7.644666,8.016092
0.019034,7.653504,8.016092
0.019036,7.660052,8.016092
0.019038,7.663246,8.016092
0.019040,7.663091,8.020092
0.019042,7.662387,8.024092
0.019044,7.663418,8.024092
0.019046,7.666179,8.024092
0.019048,7.670667,8.024092
0.019050,7.676876,8.024092
0.019052,7.684800,8.024092
0.019054,7.694128,8.024092
0.019056,7.701148,8.024092
0.019058,7.704797,8.024092
0.019060,7.705080,8.024092
0.019062,7.704794,8.024092
0.019064,7.706227,8.024092
0.019066,7.709373,8.024092
0.019068,7.714227,8.024092
0.019070,7.720784,8.024092
0.019072,7.729038,8.024092
0.019074,7.738677,8.024092
0.019076,7.745991,8.024092
0.019078,7.749913,8.024092
0.019080,7.750452,8.028091
0.019082,7.750405,8.032091
0.019084,7.752056,8.032091
0.019086,7.755401,8.032091
0.019088,7.760436,8.032091
0.019090,7.767156,8.032091
0.019092,7.775553,8.032091
0.019094,7.785316,8.032091
0.019096,7.792736,8.032091
0.019098,7.796746,8.032091
0.019100,7.797352,8.032091
0.019102,7.797354,8.032091
0.019104,7.799035,8.032091
0.019106,7.802392,8.032091
0.019108,7.807420,8.032091
0.019110,7.814113,8.032091
0.019112,7.822465,8.032091
0.019114,7.832165,8.032091
0.019116,7.839501,8.032091
0.019118,7.843410,8.032091
0.019120,7.843898,8.036091
0.019122,7.843762,8.036091
0.019124,7.845287,8.036091
0.019126,7.848470,8.036091
0.019128,7.853306,8.036091
0.019130,7.859788,8.036091
0.019132,7.867912,8.036091
0.019134,7.877367,8.036091
0.019136,7.884440,8.036091
0.019138,7.888068,8.036091
0.019140,7.888258,8.040091
0.019142,7.887807,8.044090
0.019144,7.889000,8.044090
0.019146,7.891834,8.044090
0.019148,7.896304,8.044090
0.019150,7.902405,8.044090
0.019152,7.910130,8.044090
0.019154,7.919322,8.044090
0.019156,7.926473,8.044090
0.019158,7.930161,8.044090
0.019160,7.930393,8.044090
0.019162,7.929968,8.044090
0.019164,7.931170,8.044090
0.019166,7.933998,8.044090
0.019168,7.938443,8.044090
0.019170,7.944502,8.044090
0.019172,7.952171,8.044090
0.019174,7.961288,8.044090
0.019176,7.968348,8.044090
0.019178,7.971929,8.044090
0.019180,7.972036,8.044090
0.019182,7.971471,8.044090
0.019184,7.972517,8.044090
0.019186,7.975170,8.044090
0.019188,7.979425,8.044090
0.019190,7.985280,8.044090
0.019192,7.992726,8.044090
0.019194,8.001607,8.044090
0.019196,8.008413,8.044090
0.019198,8.011725,8.044090
0.019200,8.011550,8.044090
0.019202,8.010687,8.044090
0.019204,8.011418,8.044090
0.019206,8.013742,8.044090
0.019208,8.017654,8.044090
0.019210,8.023150,8.044090
0.019212,8.030226,8.044090
0.019214,8.038720,8.044090
0.019216,8.045126,8.044090
0.019218,8.048024,8.044090
0.019220,8.047421,8.044090
0.019222,8.046115,8.044090
0.019224,8.046391,8.044090
0.019226,8.048247,8.044090
0.019228,8.051681,8.044090
0.019230,8.056684,8.044090
0.019232,8.063251,8.044090
0.019234,8.071228,8.044090
0.019236,8.077104,8.044090
0.019238,8.079459,8.044090
0.019240,8.078301,8.044090
0.019242,8.075922,8.044090
0.019244,8.075116,8.044090
0.019246,8.075881,8.044090
0.019248,8.078213,8.044090
0.019250,8.082108,8.044090
0.019252,8.087560,8.044090
0.019254,8.094412,8.044090
0.019256,8.099156,8.044090
0.019258,8.100374,8.044090
0.019260,8.098074,8.044090
0.019262,8.095054,8.044090
0.019264,8.093600,8.044090
0.019266,8.093711,8.044090
0.019268,8.095382,8.044090
0.019270,8.098610,8.044090
0.019272,8.103391,8.044090
0.019274,8.109568,8.044090
0.019276,8.113633,8.044090
0.019278,8.114164,8.044090
0.019280,8.111175,8.040091
0.019282,8.107462,8.036091
0.019284,8.105312,8.036091
0.019286,8.104723,8.036091
0.019288,8.105691,8.036091
0.019290,8.108214,8.036091
0.019292,8.112288,8.036091
0.019294,8.117600,8.036091
0.019296,8.120447,8.036091
0.019298,8.119765,8.036091
0.019300,8.115557,8.036091
0.019302,8.110625,8.036091
0.019304,8.107259,8.036091
0.019306,8.105453,8.036091
0.019308,8.105209,8.036091
0.019310,8.106522,8.036091
0.019312,8.109387,8.036091
0.019314,8.113497,8.036091
0.019316,8.115142,8.036091
0.019318,8.113259,8.036091
0.019320,8.107861,8.032091
0.019322,8.101744,8.028091
0.019324,8.097198,8.028091
0.019326,8.094220,8.028091
0.019328,8.092810,8.028091
0.019330,8.092963,8.028091
0.019332,8.094678,8.028091
0.019334,8.097647,8.028091
0.019336,8.098157,8.028091
0.019338,8.095151,8.028091
0.019340,8.088635,8.028091
0.019342,8.081413,8.028091
0.019344,8.075771,8.028091
0.019346,8.071710,8.028091
0.019348,8.069225,8.028091
0.019350,8.068316,8.028091
0.019352,8.068980,8.028091
0.019354,8.070910,8.028091
0.019356,8.070395,8.028091
0.019358,8.066378,8.028091
0.019360,8.058865,8.028091
0.019362,8.050658,8.028091
0.019364,8.044046,8.028091
0.019366,8.039029,8.028091
0.019368,8.035604,8.028091
0.019370,8.033771,8.028091
0.019372,8.033525,8.028091
0.019374,8.034562,8.028091
0.019376,8.033171,8.028091
0.019378,8.028293,8.028091
0.019380,8.019936,8.028091
0.019382,8.010395,8.028091
0.019384,8.002468,8.028091
0.019386,7.996155,8.028091
0.019388,7.991454,8.028091
0.019390,7.988364,8.028091
0.019392,7.986884,8.028091
0.019394,7.986705,8.028091
0.019396,7.984121,8.028091
0.019398,7.978072,8.028091
0.019400,7.968566,8.028091
0.019402,7.958407,8.028091
0.019404,7.949884,8.028091
0.019406,7.942997,8.028091
0.019408,7.937745,8.028091
0.019410,7.934126,8.028091
0.019412,7.932140,8.028091
0.019414,7.931478,8.028091
0.019416,7.928434,8.028091
0.019418,7.921947,8.028091
0.019420,7.912029,8.028091
0.019422,7.901480,8.028091
0.019424,7.892591,8.028091
0.019426,7.885360,8.028091
0.019428,7.879788,8.028091
0.019430,7.875875,8.028091
0.019432,7.873617,8.028091
0.019434,7.872708,8.028091
0.019436,7.869440,8.028091
0.019438,7.862753,8.028091
0.019440,7.852659,8.028091
0.019442,7.841959,8.028091
0.019444,7.832942,8.028091
0.019446,7.825608,8.028091
0.019448,7.819957,8.028091
0.019450,7.815988,8.028091
0.019452,7.813698,8.028091
0.019454,7.812781,8.028091
0.019456,7.809530,8.028091
0.019458,7.802886,8.028091
0.019460,7.792856,8.032091
0.019462,7.782244,8.036091
0.019464,7.773339,8.036091
0.019466,7.766140,8.036091
0.019468,7.760648,8.036091
0.019470,7.756861,8.036091
0.019472,7.754778,8.036091
0.019474,7.754090,8.036091
0.019476,7.751090,8.036091
0.019478,7.744719,8.036091
0.019480,7.734986,8.036091
0.019482,7.724186,8.040091
0.019484,7.715117,8.040091
0.019486,7.707778,8.040091
0.019488,7.702170,8.040091
0.019490,7.698289,8.040091
0.019492,7.696136,8.040091
0.019494,7.695403,8.040091
0.019496,7.692380,8.040091
0.019498,7.686011,8.040091
0.019500,7.676303,8.044090
0.019502,7.666059,8.044090
0.019504,7.657568,8.044090
0.019506,7.650828,8.044090
0.019508,7.645840,8.044090
0.019510,7.642602,8.044090
0.019512,7.641112,8.044090
0.019514,7.641215,8.044090
0.019516,7.639404,8.044090
0.019518,7.634264,8.044090
0.019520,7.625803,8.048090
0.019522,7.616825,8.052090
0.019524,7.609616,8.052090
0.019526,7.604176,8.052090
0.019528,7.600503,8.052090
0.019530,7.598598,8.052090
0.019532,7.598454,8.052090
0.019534,7.599916,8.052090
0.019536,7.599480,8.052090
0.019538,7.595727,8.052090
0.019540,7.588667,8.052090
0.019542,7.581101,8.052090
0.019544,7.575316,8.052090
0.019546,7.571311,8.052090
0.019548,7.569083,8.052090
0.019550,7.568631,8.052090
0.019552,7.569951,8.052090
0.019554,7.572886,8.052090
0.019556,7.573928,8.052090
0.019558,7.571663,8.052090
0.019560,7.566097,8.056089
0.019562,7.560031,8.060089
0.019564,7.555752,8.060089
0.019566,7.553257,8.060089
0.019568,7.552543,8.060089
0.019570,7.553608,8.060089
0.019572,7.556449,8.060089
0.019574,7.560907,8.060089
0.019576,7.563475,8.060089
0.019578,7.562736,8.060089
0.019580,7.558696,8.060089
0.019582,7.554157,8.060089
0.019584,7.551403,8.060089
0.019586,7.550432,8.060089
0.019588,7.551240,8.060089
0.019590,7.553826,8.060089
0.019592,7.558183,8.060089
0.019594,7.564155,8.060089
0.019596,7.568232,8.060089
0.019598,7.568996,8.060089
0.019600,7.566455,8.064089
0.019602,7.563408,8.064089
0.019604,7.562139,8.064089
0.019606,7.562646,8.064089
0.019608,7.564926,8.064089
0.019610,7.568972,8.064089
0.019612,7.574782,8.064089
0.019614,7.582197,8.064089
0.019616,7.587708,8.064089
0.019618,7.589895,8.064089
0.019620,7.588765,8.064089
0.019622,7.586609,8.068089
0.019624,7.586221,8.068089
0.019626,7.587596,8.068089
0.019628,7.590734,8.068089
0.019630,7.595628,8.068089
0.019632,7.602272,8.068089
0.019634,7.610507,8.068089
0.019636,7.616825,8.068089
0.019638,7.619807,8.068089
0.019640,7.619459,8.068089
0.019642,7.618578,8.068089
0.019644,7.619451,8.068089
0.019646,7.622073,8.068089
0.019648,7.626438,8.068089
0.019650,7.632543,8.068089
0.019652,7.640381,8.068089
0.019654,7.649793,8.068089
0.019656,7.657270,8.068089
0.019658,7.661392,8.068089
0.019660,7.662165,8.072088
0.019662,7.662386,8.076088
0.019664,7.664340,8.076088
0.019666,7.668023,8.076088
0.019668,7.673430,8.076088
0.019670,7.680554,8.076088
0.019672,7.689391,8.076088
0.019674,7.699780,8.076088
0.019676,7.708213,8.076088
0.019678,7.713269,8.076088
0.019680,7.714952,8.076088
0.019682,7.716062,8.076088
0.019684,7.718881,8.076088
0.019686,7.723405,8.076088
0.019688,7.729630,8.076088
0.019690,7.737547,8.076088
0.019692,7.747154,8.076088
0.019694,7.758288,8.076088
0.019696,7.767440,8.076088
0.019698,7.773190,8.076088
0.019700,7.775542,8.080088
0.019702,7.777295,8.084087
0.019704,7.780731,8.084087
0.019706,7.785848,8.084087
0.019708,7.792638,8.084087
0.019710,7.801095,8.084087
0.019712,7.811213,8.084087
0.019714,7.822833,8.084087
0.019716,7.832445,8.084087
0.019718,7.838627,8.084087
0.019720,7.841385,8.084087
0.019722,7.843516,8.084087
0.019724,7.847303,8.084087
0.019726,7.852743,8.084087
0.019728,7.859829,8.084087
0.019730,7.868556,8.084087
0.019732,7.878916,8.084087
0.019734,7.890751,8.084087
0.019736,7.900548,8.084087
0.019738,7.906889,8.084087
0.019740,7.909778,8.084087
0.019742,7.912013,8.084087
0.019744,7.915877,8.084087
0.019746,7.921365,8.084087
0.019748,7.928473,8.084087
0.019750,7.937193,8.084087
0.019752,7.947519,8.084087
0.019754,7.959292,8.084087
0.019756,7.969001,8.084087
0.019758,7.975226,8.084087
0.019760,7.977972,8.084087
0.019762,7.980037,8.084087
0.019764,7.983704,8.084087
0.019766,7.988969,8.084087
0.019768,7.995826,8.084087
0.019770,8.004269,8.084087
0.019772,8.014292,8.084087
0.019774,8.025735,8.084087
0.019776,8.035089,8.084087
0.019778,8.040934,8.084087
0.019780,8.043274,8.084087
0.019782,8.044908,8.084087
0.019784,8.048118,8.084087
0.019786,8.052900,8.084087
0.019788,8.059252,8.084087
0.019790,8.067165,8.084087
0.019792,8.076635,8.084087
0.019794,8.087502,8.084087
0.019796,8.096255,8.084087
0.019798,8.101477,8.084087
0.019800,8.103169,8.080088
0.019802,8.104134,8.076088
0.019804,8.106652,8.076088
0.019806,8.110723,8.076088
0.019808,8.116338,8.076088
0.019810,8.123494,8.076088
0.019812,8.132185,8.076088
0.019814,8.142255,8.076088
0.019816,8.150188,8.076088
0.019818,8.154570,8.076088
0.019820,8.155404,8.076088
0.019822,8.155490,8.076088
0.019824,8.157111,8.076088
0.019826,8.160268,8.076088
0.019828,8.164950,8.076088
0.019830,8.171158,8.076088
0.019832,8.178881,8.076088
0.019834,8.187963,8.076088
0.019836,8.194897,8.076088
0.019838,8.198261,8.076088
0.019840,8.198064,8.072088
0.019842,8.197101,8.072088
0.019844,8.197662,8.072088
0.019846,8.199740,8.072088
0.019848,8.203333,8.072088
0.019850,8.208436,8.072088
0.019852,8.215045,8.072088
0.019854,8.223000,8.072088
0.019856,8.228794,8.072088
0.019858,8.231007,8.072088
0.019860,8.229647,8.072088
0.019862,8.227007,8.068089
0.019864,8.225879,8.068089
0.019866,8.226262,8.068089
0.019868,8.228152,8.068089
0.019870,8.231547,8.068089
0.019872,8.236441,8.068089
0.019874,8.242676,8.068089
0.019876,8.246744,8.068089
0.019878,8.247231,8.068089
0.019880,8.244141,8.068089
0.019882,8.240273,8.068089
0.019884,8.237916,8.068089
0.019886,8.237068,8.068089
0.019888,8.237725,8.068089
0.019890,8.239884,8.068089
0.019892,8.243542,8.068089
0.019894,8.248541,8.068089
0.019896,8.251373,8.068089
0.019898,8.250625,8.068089
0.019900,8.246300,8.064089
0.019902,8.241201,8.060089
0.019904,8.237615,8.060089
0.019906,8.235539,8.060089
0.019908,8.234972,8.060089
0.019910,8.235909,8.060089
0.019912,8.238351,8.060089
0.019914,8.242137,8.060089
0.019916,8.243763,8.060089
0.019918,8.241813,8.060089
0.019920,8.236291,8.060089
0.019922,8.230001,8.060089
0.019924,8.225232,8.060089
0.019926,8.221980,8.060089
0.019928,8.220243,8.060089
0.019930,8.220021,8.060089
0.019932,8.221311,8.060089
0.019934,8.223955,8.060089
0.019936,8.224448,8.060089
0.019938,8.221375,8.060089
0.019940,8.214742,8.056089
0.019942,8.207351,8.052090
0.019944,8.201491,8.052090
0.019946,8.197162,8.052090
0.019948,8.194358,8.052090
0.019950,8.193080,8.052090
0.019952,8.193328,8.052090
0.019954,8.194945,8.052090
0.019956,8.194425,8.052090
0.019958,8.190351,8.052090
0.019960,8.182732,8.052090
0.019962,8.174371,8.052090
0.019964,8.167555,8.052090
0.019966,8.162284,8.052090
0.019968,8.158558,8.052090
0.019970,8.156374,8.052090
0.019972,8.155730,8.052090
0.019974,8.156473,8.052090
0.019976,8.155095,8.052090
0.019978,8.150179,8.052090
0.019980,8.141737,8.048090
0.019982,8.132571,8.048090
0.019984,8.124969,8.048090
0.019986,8.118930,8.048090
0.019988,8.114454,8.048090
0.019990,8.111541,8.048090
0.019992,8.110188,8.048090
0.019994,8.110240,8.048090
0.019996,8.108191,8.048090
0.019998,8.102625,8.048090
0.020000,8.093554,8.048090
0.020002,8.083777,8.048090
0.020004,8.075586,8.048090
0.020006,8.068979,8.048090
0.020008,8.063956,8.048090
0.020010,8.060516,8.048090
0.020012,8.058659,8.048090
0.020014,8.058227,8.048090
0.020016,8.055716,8.048090
0.020018,8.049710,8.048090
0.020020,8.040221,8.048090
0.020022,8.030050,8.048090
0.020024,8.021486,8.048090
0.020026,8.014529,8.048090
0.020028,8.009179,8.048090
0.020030,8.005434,8.048090
0.020032,8.003293,8.048090
0.020034,8.002601,8.048090
0.020036,7.999852,8.048090
0.020038,7.993633,8.048090
0.020040,7.983952,8.048090
0.020042,7.973612,8.048090
0.020044,7.964902,8.048090
0.020046,7.957822,8.048090
0.020048,7.952372,8.048090
0.020050,7.948550,8.048090
0.020052,7.946355,8.048090
0.020054,7.945631,8.048090
0.020056,7.942873,8.048090
0.020058,7.936669,8.048090
0.020060,7.927024,8.048090
0.020062,7.916744,8.048090
0.020064,7.908116,8.048090
0.020066,7.901141,8.048090
0.020068,7.895817,8.048090
0.020070,7.892144,8.048090
0.020072,7.890121,8.048090
0.020074,7.889591,8.048090
0.020076,7.887050,8.048090
0.020078,7.881083,8.048090
0.020080,7.871697,8.052090
0.020082,7.861698,8.056089
0.020084,7.853373,8.056089
0.020086,7.846721,8.056089
0.020088,7.841742,8.056089
0.020090,7.838435,8.056089
0.020092,7.836797,8.056089
0.020094,7.836675,8.056089
0.020096,7.834561,8.056089
0.020098,7.829041,8.056089
0.020100,7.820124,8.056089
0.020102,7.810104,8.060089
0.020104,7.801779,8.060089
0.020106,7.795148,8.060089
0.020108,7.790211,8.060089
0.020110,7.786966,8.060089
0.020112,7.785410,8.060089
0.020114,7.785390,8.060089
0.020116,7.783400,8.060089
0.020118,7.778024,8.060089
0.020120,7.769270,8.064089
0.020122,7.759941,8.064089
0.020124,7.752326,8.064089
0.020126,7.746423,8.064089
0.020128,7.742231,8.064089
0.020130,7.739750,8.064089
0.020132,7.738976,8.064089
0.020134,7.739754,8.064089
0.020136,7.738578,8.064089
0.020138,7.734032,8.064089
0.020140,7.726124,8.068089
0.020142,7.717658,8.072088
0.020144,7.710920,8.072088
0.020146,7.705909,8.072088
0.020148,7.702624,8.072088
0.020150,7.701063,8.072088
0.020152,7.701223,8.072088
0.020154,7.702950,8.072088
0.020156,7.702734,8.072088
0.020158,7.699160,8.072088
0.020160,7.692238,8.072088
0.020162,7.684768,8.072088
0.020164,7.679037,8.072088
0.020166,7.675044,8.072088
0.020168,7.672788,8.072088
0.020170,7.672266,8.072088
0.020172,7.673473,8.072088
0.020174,7.676255,8.072088
0.020176,7.677105,8.072088
0.020178,7.674605,8.072088
0.020180,7.668764,8.076088
0.020182,7.662382,8.080088
0.020184,7.657745,8.080088
0.020186,7.654854,8.080088
0.020188,7.653705,8.080088
0.020190,7.654295,8.080088
0.020192,7.656621,8.080088
0.020194,7.660525,8.080088
0.020196,7.662501,8.080088
0.020198,7.661130,8.080088
0.020200,7.656421,8.080088
0.020202,7.651175,8.080088
0.020204,7.647676,8.080088
0.020206,7.645925,8.080088
0.020208,7.645916,8.080088
0.020210,7.647648,8.080088
0.020212,7.651116,8.080088
0.020214,7.656162,8.080088
0.020216,7.659280,8.080088
0.020218,7.659050,8.080088
0.020220,7.655479,8.084087
0.020222,7.651370,8.084087
0.020224,7.649006,8.084087
0.020226,7.648386,8.084087
0.020228,7.649507,8.084087
0.020230,7.652364,8.084087
0.020232,7.656952,8.084087
0.020234,7.663115,8.084087
0.020236,7.667343,8.084087
0.020238,7.668220,8.084087
0.020240,7.665750,8.088087
0.020242,7.662734,8.092087
0.020244,7.661458,8.092087
0.020246,7.661917,8.092087
0.020248,7.664110,8.092087
0.020250,7.668031,8.092087
0.020252,7.673675,8.092087
0.020254,7.680885,8.092087
0.020256,7.686151,8.092087
0.020258,7.688055,8.092087
0.020260,7.686604,8.092087
0.020262,7.684596,8.092087
0.020264,7.684317,8.092087
0.020266,7.685763,8.092087
0.020268,7.688929,8.092087
0.020270,7.693812,8.092087
0.020272,7.700407,8.092087
0.020274,7.708554,8.092087
0.020276,7.714745,8.092087
0.020278,7.717560,8.092087
0.020280,7.717007,8.096087
0.020282,7.715881,8.100086
0.020284,7.716472,8.100086
0.020286,7.718773,8.100086
0.020288,7.722781,8.100086
0.020290,7.728489,8.100086
0.020292,7.735894,8.100086
0.020294,7.744835,8.100086
0.020296,7.751804,8.100086
0.020298,7.755382,8.100086
0.020300,7.755573,8.100086
0.020302,7.755177,8.100086
0.020304,7.756479,8.100086
0.020306,7.759473,8.100086
0.020308,7.764156,8.100086
0.020310,7.770523,8.100086
0.020312,7.778567,8.100086
0.020314,7.788130,8.100086
0.020316,7.795702,8.100086
0.020318,7.799862,8.100086
0.020320,7.800619,8.104086
0.020322,7.800769,8.108086
0.020324,7.802597,8.108086
0.020326,7.806099,8.108086
0.020328,7.811270,8.108086
0.020330,7.818104,8.108086
0.020332,7.826596,8.108086
0.020334,7.836586,8.108086
0.020336,7.844563,8.108086
0.020338,7.849112,8.108086
0.020340,7.850235,8.108086
0.020342,7.850224,8.112085
0.020344,7.851871,8.112085
0.020346,7.855172,8.112085
0.020348,7.860124,8.112085
0.020350,7.866719,8.112085
0.020352,7.874953,8.112085
0.020354,7.884667,8.112085
0.020356,7.892352,8.112085
0.020358,7.896587,8.112085
0.020360,7.897378,8.116085
0.020362,7.897524,8.116085
0.020364,7.899310,8.116085
0.020366,7.902730,8.116085
0.020368,7.907782,8.116085
0.020370,7.914457,8.116085
0.020372,7.922753,8.116085
0.020374,7.932509,8.116085
0.020376,7.940217,8.116085
0.020378,7.944456,8.116085
0.020380,7.945231,8.116085
0.020382,7.945341,8.116085
0.020384,7.947072,8.116085
0.020386,7.950420,8.116085
0.020388,7.955380,8.116085
0.020390,7.961946,8.116085
0.020392,7.970112,8.116085
0.020394,7.979720,8.116085
0.020396,7.987261,8.116085
0.020398,7.991316,8.116085
0.020400,7.991889,8.116085
0.020402,7.991779,8.116085
0.020404,7.993271,8.116085
0.020406,7.996361,8.116085
0.020408,8.001045,8.116085
0.020410,8.007318,8.116085
0.020412,8.015175,8.116085
0.020414,8.024455,8.116085
0.020416,8.031651,8.116085
0.020418,8.035342,8.116085
0.020420,8.035536,8.116085
0.020422,8.035030,8.116085
0.020424,8.036111,8.116085
0.020426,8.038774,8.116085
0.020428,8.043013,8.116085
0.020430,8.048825,8.116085
0.020432,8.056205,8.116085
0.020434,8.064993,8.116085
0.020436,8.071683,8.116085
0.020438,8.074853,8.116085
0.020440,8.074510,8.116085
0.020442,8.073453,8.116085
0.020444,8.073968,8.116085
0.020446,8.076050,8.116085
0.020448,8.079697,8.116085
0.020450,8.084902,8.116085
0.020452,8.091662,8.116085
0.020454,8.099820,8.116085
0.020456,8.105863,8.116085
0.020458,8.108376,8.116085
0.020460,8.107363,8.112085
0.020462,8.105624,8.112085
0.020464,8.105447,8.112085
0.020466,8.106825,8.112085
0.020468,8.109756,8.112085
0.020470,8.114238,8.112085
0.020472,8.120261,8.112085
0.020474,8.127672,8.112085
0.020476,8.132960,8.112085
0.020478,8.134708,8.112085
0.020480,8.132920,8.108086
0.020482,8.130400,8.104086
0.020484,8.129431,8.104086
0.020486,8.130011,8.104086
0.020488,8.132135,8.104086
0.020490,8.135802,8.104086
0.020492,8.141006,8.104086
0.020494,8.147588,8.104086
0.020496,8.152042,8.104086
0.020498,8.152949,8.104086
0.020500,8.150317,8.104086
0.020502,8.146946,8.104086
0.020504,8.145122,8.104086
0.020506,8.144841,8.104086
0.020508,8.146103,8.104086
0.020510,8.148901,8.104086
0.020512,8.153231,8.104086
0.020514,8.158940,8.104086
0.020516,8.162517,8.104086
0.020518,8.162544,8.104086
0.020520,8.159031,8.100086
0.020522,8.154777,8.096087
0.020524,8.152067,8.096087
0.020526,8.150900,8.096087
0.020528,8.151275,8.096087
0.020530,8.153186,8.096087
0.020532,8.156629,8.096087
0.020534,8.161451,8.096087
0.020536,8.164143,8.096087
0.020538,8.163285,8.096087
0.020540,8.158888,8.096087
0.020542,8.153751,8.096087
0.020544,8.150163,8.096087
0.020546,8.148119,8.096087
0.020548,8.147618,8.096087
0.020550,8.148659,8.096087
0.020552,8.151237,8.096087
0.020554,8.155195,8.096087
0.020556,8.157026,8.096087
0.020558,8.155315,8.096087
0.020560,8.150065,8.092087
0.020562,8.144085,8.088087
0.020564,8.139657,8.088087
0.020566,8.136781,8.088087
0.020568,8.135454,8.088087
0.020570,8.135674,8.088087
0.020572,8.137439,8.088087
0.020574,8.140591,8.088087
0.020576,8.141623,8.088087
0.020578,8.139120,8.088087
0.020580,8.133089,8.088087
0.020582,8.125826,8.084087
0.020584,8.120126,8.084087
0.020586,8.115987,8.084087
0.020588,8.113408,8.084087
0.020590,8.112390,8.084087
0.020592,8.112926,8.084087
0.020594,8.114862,8.084087
0.020596,8.114696,8.084087
0.020598,8.111003,8.084087
0.020600,8.103797,8.080088
0.020602,8.095879,8.080088
0.020604,8.089537,8.080088
0.020606,8.084768,8.080088
0.020608,8.081577,8.080088
0.020610,8.079956,8.080088
0.020612,8.079906,8.080088
0.020614,8.081270,8.080088
0.020616,8.080543,8.080088
0.020618,8.076308,8.080088
0.020620,8.068574,8.080088
0.020622,8.060143,8.080088
0.020624,8.053305,8.080088
0.020626,8.048057,8.080088
0.020628,8.044397,8.080088
0.020630,8.042328,8.080088
0.020632,8.041843,8.080088
0.020634,8.042789,8.080088
0.020636,8.041661,8.080088
0.020638,8.037041,8.080088
0.020640,8.028937,8.080088
0.020642,8.020154,8.080088
0.020644,8.012980,8.080088
0.020646,8.007413,8.080088
0.020648,8.003452,8.080088
0.020650,8.001097,8.080088
0.020652,8.000343,8.080088
0.020654,8.001038,8.080088
0.020656,7.999674,8.080088
0.020658,7.994837,8.080088
0.020660,7.986534,8.080088
0.020662,7.977570,8.080088
0.020664,7.970230,8.080088
0.020666,7.964516,8.080088
0.020668,7.960424,8.080088
0.020670,7.957954,8.080088
0.020672,7.957106,8.080088
0.020674,7.957723,8.080088
0.020676,7.956300,8.080088
0.020678,7.951421,8.080088
0.020680,7.943093,8.080088
0.020682,7.934121,8.080088
0.020684,7.926791,8.080088
0.020686,7.921103,8.080088
0.020688,7.917058,8.080088
0.020690,7.914651,8.080088
0.020692,7.913883,8.080088
0.020694,7.914596,8.080088
0.020696,7.913285,8.080088
0.020698,7.908536,8.080088
0.020700,7.900355,8.080088
0.020702,7.891546,8.080088
0.020704,7.884397,8.080088
0.020706,7.878906,8.080088
0.020708,7.875074,8.080088
0.020710,7.872897,8.080088
0.020712,7.872374,8.080088
0.020714,7.873349,8.080088
0.020716,7.872316,8.080088
0.020718,7.867861,8.080088
0.020720,7.859990,8.080088
0.020722,7.850998,8.084087
0.020724,7.843683,8.084087
0.020726,7.838043,8.084087
0.020728,7.834077,8.084087
0.020730,7.831785,8.084087
0.020732,7.831163,8.084087
0.020734,7.832056,8.084087
0.020736,7.830957,8.084087
0.020738,7.826452,8.084087
0.020740,7.818548,8.084087
0.020742,7.810048,8.084087
0.020744,7.803239,8.084087
0.020746,7.798120,8.084087
0.020748,7.794692,8.084087
0.020750,7.792951,8.084087
0.020752,7.792894,8.084087
0.020754,7.794366,8.084087
0.020756,7.793862,8.084087
0.020758,7.789964,8.084087
0.020760,7.782681,8.088087
0.020762,7.774814,8.092087
0.020764,7.768652,8.092087
0.020766,7.764194,8.092087
0.020768,7.761437,8.092087
0.020770,7.760379,8.092087
0.020772,7.761018,8.092087
0.020774,7.763197,8.092087
0.020776,7.763409,8.092087
0.020778,7.760239,8.092087
0.020780,7.753695,8.092087
0.020782,7.746577,8.092087
0.020784,7.741175,8.092087
0.020786,7.737484,8.092087
0.020788,7.735504,8.092087
0.020790,7.735232,8.092087
0.020792,7.736666,8.092087
0.020794,7.739647,8.092087
0.020796,7.740671,8.092087
0.020798,7.738319,8.092087
0.020800,7.732599,8.096087
0.020802,7.726314,8.100086
0.020804,7.721749,8.100086
0.020806,7.718903,8.100086
0.020808,7.717772,8.100086
0.020810,7.718357,8.100086
0.020812,7.720651,8.100086
0.020814,7.724497,8.100086
0.020816,7.726391,8.100086
0.020818,7.724913,8.100086
0.020820,7.720071,8.100086
0.020822,7.714666,8.100086
0.020824,7.710984,8.100086
0.020826,7.709024,8.100086
0.020828,7.708781,8.100086
0.020830,7.710254,8.100086
0.020832,7.713439,8.100086
0.020834,7.718179,8.100086
0.020836,7.720965,8.100086
0.020838,7.720380,8.100086
0.020840,7.716432,8.104086
0.020842,7.711920,8.104086
0.020844,7.709130,8.104086
0.020846,7.708062,8.104086
0.020848,7.708711,8.104086
0.020850,7.711073,8.104086
0.020852,7.715145,8.104086
0.020854,7.720768,8.104086
0.020856,7.724435,8.104086
0.020858,7.724728,8.104086
0.020860,7.721653,8.108086
0.020862,7.718011,8.112085
0.020864,7.716090,8.112085
0.020866,7.715883,8.112085
0.020868,7.717389,8.112085
0.020870,7.720603,8.112085
0.020872,7.725520,8.112085
0.020874,7.731983,8.112085
0.020876,7.736484,8.112085
0.020878,7.737604,8.112085
0.020880,7.735351,8.112085
0.020882,7.732523,8.112085
0.020884,7.731406,8.112085
0.020886,7.731998,8.112085
0.020888,7.734294,8.112085
0.020890,7.738290,8.112085
0.020892,7.743981,8.112085
0.020894,7.751209,8.112085
0.020896,7.756466,8.112085
0.020898,7.758333,8.112085
0.020900,7.756815,8.116085
0.020902,7.754714,8.120085
0.020904,7.754314,8.120085
0.020906,7.755611,8.120085
0.020908,7.758601,8.120085
0.020910,7.763280,8.120085
0.020912,7.769644,8.120085
0.020914,7.777533,8.120085
0.020916,7.783438,8.120085
0.020918,7.785942,8.120085
0.020920,7.785049,8.120085
0.020922,7.783560,8.120085
0.020924,7.783759,8.120085
0.020926,7.785642,8.120085
0.020928,7.789205,8.120085
0.020930,7.794444,8.120085
0.020932,7.801353,8.120085
0.020934,7.809774,8.120085
0.020936,7.816198,8.120085
0.020938,7.819206,8.120085
0.020940,7.818803,8.124084
0.020942,7.817788,8.124084
0.020944,7.818448,8.124084
0.020946,7.820777,8.124084
0.020948,7.824772,8.124084
0.020950,7.830427,8.124084
0.020952,7.837737,8.124084
0.020954,7.846543,8.124084
0.020956,7.853338,8.124084
0.020958,7.856700,8.124084
0.020960,7.856636,8.124084
0.020962,7.855437,8.128084
0.020964,7.855897,8.128084
0.020966,7.858012,8.128084
0.020968,7.861778,8.128084
0.020970,7.867190,8.128084
0.020972,7.874243,8.128084
0.020974,7.882778,8.128084
0.020976,7.889287,8.128084
0.020978,7.892350,8.128084
0.020980,7.891973,8.128084
0.020982,7.890955,8.128084
0.020984,7.891582,8.128084
0.020986,7.893849,8.128084
0.020988,7.897753,8.128084
0.020990,7.903287,8.128084
0.020992,7.910450,8.128084
0.020994,7.919079,8.128084
0.020996,7.925666,8.128084
0.020998,7.928794,8.128084
0.021000,7.928467,8.128084
0.021002,7.927485,8.128084
0.021004,7.928132,8.128084
0.021006,7.930406,8.128084
0.021008,7.934301,8.128084
0.021010,7.939813,8.128084
0.021012,7.946937,8.128084
0.021014,7.955513,8.128084
0.021016,7.962034,8.128084
0.021018,7.965081,8.128084
0.021020,7.964658,8.128084
0.021022,7.963565,8.128084
0.021024,7.964088,8.128084
0.021026,7.966223,8.128084
0.021028,7.969965,8.128084
0.021030,7.975310,8.128084
0.021032,7.982254,8.128084
0.021034,7.990636,8.128084
0.021036,7.996950,8.128084
0.021038,7.999775,8.128084
0.021040,7.999119,8.128084
0.021042,7.997779,8.128084
0.021044,7.998041,8.128084
0.021046,7.999901,8.128084
0.021048,8.003356,8.128084
0.021050,8.008401,8.128084
0.021052,8.015032,8.128084
0.021054,8.023089,8.128084
0.021056,8.029065,8.128084
0.021058,8.031542,8.128084
0.021060,8.030523,8.128084
0.021062,8.028810,8.128084
0.021064,8.028686,8.128084
0.021066,8.030150,8.128084
0.021068,8.033198,8.128084
0.021070,8.037826,8.128084
0.021072,8.044027,8.128084
0.021074,8.051645,8.128084
0.021076,8.057170,8.128084
0.021078,8.059185,8.128084
0.021080,8.057695,8.128084
0.021082,8.055501,8.128084
0.021084,8.054887,8.128084
0.021086,8.055850,8.128084
0.021088,8.058387,8.128084
0.021090,8.062495,8.128084
0.021092,8.068170,8.128084
0.021094,8.075250,8.128084
0.021096,8.080232,8.128084
0.021098,8.081693,8.128084
0.021100,8.079642,8.128084
0.021102,8.076881,8.128084
0.021104,8.075692,8.128084
0.021106,8.076074,8.128084
0.021108,8.078022,8.128084
0.021110,8.081534,8.128084
0.021112,8.086606,8.128084
0.021114,8.093078,8.128084
0.021116,8.097441,8.128084
0.021118,8.098283,8.128084
0.021120,8.095606,8.128084
0.021122,8.092212,8.128084
0.021124,8.090387,8.128084
0.021126,8.090128,8.128084
0.021128,8.091432,8.128084
0.021130,8.094295,8.128084
0.021132,8.098713,8.128084
0.021134,8.104528,8.128084
0.021136,8.108233,8.128084
0.021138,8.108411,8.128084
0.021140,8.105070,8.124084
0.021142,8.101008,8.120085
0.021144,8.098513,8.120085
0.021146,8.097582,8.120085
0.021148,8.098212,8.120085
0.021150,8.100401,8.120085
0.021152,8.104143,8.120085
0.021154,8.109282,8.120085
0.021156,8.112309,8.120085
0.021158,8.111809,8.120085
0.021160,8.107791,8.120085
0.021162,8.103052,8.120085
0.021164,8.099879,8.120085
0.021166,8.098272,8.120085
0.021168,8.098228,8.120085
0.021170,8.099743,8.120085
0.021172,8.102814,8.120085
0.021174,8.107284,8.120085
0.021176,8.109644,8.120085
0.021178,8.108479,8.120085
0.021180,8.103797,8.116085
0.021182,8.098399,8.112085
0.021184,8.094570,8.112085
0.021186,8.092310,8.112085
0.021188,8.091616,8.112085
0.021190,8.092484,8.112085
0.021192,8.094914,8.112085
0.021194,8.098747,8.112085
0.021196,8.100478,8.112085
0.021198,8.098686,8.112085
0.021200,8.093382,8.112085
0.021202,8.086859,8.112085
0.021204,8.081914,8.112085
0.021206,8.078543,8.112085
0.021208,8.076745,8.112085
0.021210,8.076520,8.112085
0.021212,8.077864,8.112085
0.021214,8.080620,8.112085
0.021216,8.081281,8.112085
0.021218,8.078432,8.112085
0.021220,8.072081,8.112085
0.021222,8.065028,8.112085
0.021224,8.059563,8.112085
0.021226,8.055682,8.112085
0.021228,8.053387,8.112085
0.021230,8.052673,8.112085
0.021232,8.053537,8.112085
0.021234,8.055826,8.112085
0.021236,8.056031,8.112085
0.021238,8.052735,8.112085
0.021240,8.045949,8.112085
0.021242,8.038474,8.112085
0.021244,8.032597,8.112085
0.021246,8.028317,8.112085
0.021248,8.025633,8.112085
0.021250,8.024542,8.112085
0.021252,8.025041,8.112085
0.021254,8.026976,8.112085
0.021256,8.026840,8.112085
0.021258,8.023216,8.112085
0.021260,8.016113,8.112085
0.021262,8.008334,8.112085
0.021264,8.002166,8.112085
0.021266,7.997608,8.112085
0.021268,7.994658,8.112085
0.021270,7.993316,8.112085
0.021272,7.993577,8.112085
0.021274,7.995286,8.112085
0.021276,7.994936,8.112085
0.021278,7.991113,8.112085
0.021280,7.983825,8.112085
0.021282,7.975873,8.112085
0.021284,7.969545,8.112085
0.021286,7.964839,8.112085
0.021288,7.961759,8.112085
0.021290,7.960295,8.112085
0.021292,7.960450,8.112085
0.021294,7.962066,8.112085
0.021296,7.961638,8.112085
0.021298,7.957749,8.112085
0.021300,7.950409,8.112085
0.021302,7.942418,8.112085
0.021304,7.936064,8.112085
0.021306,7.931347,8.112085
0.021308,7.928267,8.112085
0.021310,7.926818,8.112085
0.021312,7.927001,8.112085
0.021314,7.928659,8.112085
0.021316,7.928285,8.112085
0.021318,7.924464,8.112085
0.021320,7.917204,8.112085
0.021322,7.909307,8.112085
0.021324,7.903061,8.112085
0.021326,7.898464,8.112085
0.021328,7.895516,8.112085
0.021330,7.894214,8.112085
0.021332,7.894555,8.112085
0.021334,7.896384,8.112085
0.021336,7.896194,8.112085
0.021338,7.892570,8.112085
0.021340,7.885519,8.116085
0.021342,7.877842,8.120085
0.021344,7.871830,8.120085
0.021346,7.867478,8.120085
0.021348,7.864787,8.120085
0.021350,7.863753,8.120085
0.021352,7.864375,8.120085
0.021354,7.866495,8.120085
0.021356,7.866608,8.120085
0.021358,7.863298,8.120085
0.021360,7.856573,8.120085
0.021362,7.849233,8.120085
0.021364,7.843567,8.120085
0.021366,7.839573,8.120085
0.021368,7.837249,8.120085
0.021370,7.836593,8.120085
0.021372,7.837604,8.120085
0.021374,7.840122,8.120085
0.021376,7.840644,8.120085
0.021378,7.837752,8.120085
0.021380,7.831453,8.124084
0.021382,7.824550,8.128084
0.021384,7.819329,8.128084
0.021386,7.815789,8.128084
0.021388,7.813929,8.128084
0.021390,7.813744,8.128084
0.021392,7.815234,8.128084
0.021394,7.818241,8.128084
0.021396,7.819257,8.128084
0.021398,7.816867,8.128084
0.021400,7.811078,8.128084
0.021402,7.804692,8.128084
0.021404,7.799995,8.128084
0.021406,7.796986,8.128084
0.021408,7.795662,8.128084
0.021410,7.796022,8.128084
0.021412,7.798061,8.128084
0.021414,7.801622,8.128084
0.021416,7.803200,8.128084
0.021418,7.801376,8.128084
0.021420,7.796158,8.132084
0.021422,7.790348,8.136084
0.021424,7.786230,8.136084
0.021426,7.783805,8.136084
0.021428,7.783071,8.136084
0.021430,7.784023,8.136084
0.021432,7.786658,8.136084
0.021434,7.790819,8.136084
0.021436,7.792999,8.136084
0.021438,7.791780,8.136084
0.021440,7.787171,8.136084
0.021442,7.781464,8.140083
0.021444,7.777454,8.140083
0.021446,7.775139,8.140083
0.021448,7.774517,8.140083
0.021450,7.775586,8.140083
0.021452,7.778340,8.140083
0.021454,7.782623,8.140083
0.021456,7.784929,8.140083
0.021458,7.783839,8.140083
0.021460,7.779360,8.144083
0.021462,7.774294,8.144083
0.021464,7.770928,8.144083
0.021466,7.769258,8.144083
0.021468,7.769282,8.144083
0.021470,7.770997,8.144083
0.021472,7.774398,8.144083
0.021474,7.779329,8.144083
0.021476,7.782282,8.144083
0.021478,7.781839,8.144083
0.021480,7.778008,8.148083
0.021482,7.773588,8.152082
0.021484,7.770866,8.152082
0.021486,7.769840,8.152082
0.021488,7.770506,8.152082
0.021490,7.772861,8.152082
0.021492,7.776901,8.152082
0.021494,7.782468,8.152082
0.021496,7.786054,8.152082
0.021498,7.786242,8.152082
0.021500,7.783038,8.152082
0.021502,7.779243,8.152082
0.021504,7.777142,8.152082
0.021506,7.776733,8.152082
0.021508,7.778012,8.152082
0.021510,7.780976,8.152082
0.021512,7.785621,8.152082
0.021514,7.791788,8.152082
0.021516,7.795969,8.152082
0.021518,7.796746,8.152082
0.021520,7.794127,8.156082
0.021522,7.790911,8.160082
0.021524,7.789383,8.160082
0.021526,7.789540,8.160082
0.021528,7.791380,8.160082
0.021530,7.794899,8.160082
0.021532,7.800089,8.160082
0.021534,7.806796,8.160082
0.021536,7.811511,8.160082
0.021538,7.812815,8.160082
0.021540,7.810715,8.160082
0.021542,7.808009,8.160082
0.021544,7.806985,8.160082
0.021546,7.807638,8.160082
0.021548,7.809966,8.160082
0.021550,7.813964,8.160082
0.021552,7.819625,8.160082
0.021554,7.826794,8.160082
0.021556,7.831961,8.160082
0.021558,7.833709,8.160082
0.021560,7.832042,8.164082
0.021562,7.829761,8.164082
0.021564,7.829153,8.164082
0.021566,7.830212,8.164082
0.021568,7.832934,8.164082
0.021570,7.837317,8.164082
0.021572,7.843354,8.164082
0.021574,7.850990,8.164082
0.021576,7.857018,8.164082
0.021578,7.859616,8.164082
0.021580,7.858788,8.168081
0.021582,7.857334,8.172081
0.021584,7.857537,8.172081
0.021586,7.859396,8.172081
0.021588,7.862906,8.172081
0.021590,7.868063,8.172081
0.021592,7.874860,8.172081
0.021594,7.883242,8.172081
0.021596,7.890002,8.172081
0.021598,7.893317,8.172081
0.021600,7.893190,8.172081
0.021602,7.892422,8.172081
0.021604,7.893297,8.172081
0.021606,7.895812,8.172081
0.021608,7.899961,8.172081
0.021610,7.905741,8.172081
0.021612,7.913146,8.172081
0.021614,7.922118,8.172081
0.021616,7.929453,8.172081
0.021618,7.933325,8.172081
0.021620,7.933738,8.172081
0.021622,7.933493,8.172081
0.021624,7.934874,8.172081
0.021626,7.937877,8.172081
0.021628,7.942496,8.172081
0.021630,7.948729,8.172081
0.021632,7.956566,8.172081
0.021634,7.965954,8.172081
0.021636,7.973686,8.172081
0.021638,7.977937,8.172081
0.021640,7.978711,8.172081
0.021642,7.978807,8.172081
0.021644,7.980511,8.172081
0.021646,7.983817,8.172081
0.021648,7.988721,8.172081
0.021650,7.995219,8.172081
0.021652,8.003304,8.172081
0.021654,8.012919,8.172081
0.021656,8.020860,8.172081
0.021658,8.025299,8.172081
0.021660,8.026243,8.172081
0.021662,8.026491,8.172081
0.021664,8.028326,8.172081
0.021666,8.031744,8.172081
0.021668,8.036741,8.172081
0.021670,8.043312,8.172081
0.021672,8.051451,8.172081
0.021674,8.061100,8.172081
0.021676,8.069057,8.172081
0.021678,8.073492,8.172081
0.021680,8.074412,8.172081
0.021682,8.074616,8.172081
0.021684,8.076389,8.172081
0.021686,8.079726,8.172081
0.021688,8.084623,8.172081
0.021690,8.091075,8.172081
0.021692,8.099076,8.172081
0.021694,8.108569,8.172081
0.021696,8.116350,8.172081
0.021698,8.120591,8.172081
0.021700,8.121302,8.168081
0.021702,8.121275,8.168081
0.021704,8.122799,8.168081
0.021706,8.125869,8.168081
0.021708,8.130481,8.168081
0.021710,8.136630,8.168081
0.021712,8.144310,8.168081
0.021714,8.153464,8.168081
0.021716,8.160891,8.168081
0.021718,8.164760,8.168081
0.021720,8.165079,8.164082
0.021722,8.164648,8.160082
0.021724,8.165751,8.160082
0.021726,8.168383,8.160082
0.021728,8.172541,8.160082
0.021730,8.178220,8.160082
0.021732,8.185415,8.160082
0.021734,8.193968,8.160082
0.021736,8.200370,8.160082
0.021738,8.203201,8.160082
0.021740,8.202470,8.160082
0.021742,8.200973,8.160082
0.021744,8.200999,8.160082
0.021746,8.202543,8.160082
0.021748,8.205602,8.160082
0.021750,8.210171,8.160082
0.021752,8.216246,8.160082
0.021754,8.223667,8.160082
0.021756,8.228929,8.160082
0.021758,8.230612,8.160082
0.021760,8.228721,8.156082
0.021762,8.226058,8.152082
0.021764,8.224909,8.152082
0.021766,8.225271,8.152082
0.021768,8.227141,8.152082
0.021770,8.230515,8.152082
0.021772,8.235390,8.152082
0.021774,8.241606,8.152082
0.021776,8.245657,8.152082
0.021778,8.246124,8.152082
0.021780,8.243016,8.152082
0.021782,8.239132,8.152082
0.021784,8.236759,8.152082
0.021786,8.235894,8.152082
0.021788,8.236535,8.152082
0.021790,8.238679,8.152082
0.021792,8.242322,8.152082
0.021794,8.247308,8.152082
0.021796,8.250128,8.152082
0.021798,8.249365,8.152082
0.021800,8.245028,8.148083
0.021802,8.239917,8.148083
0.021804,8.236318,8.148083
0.021806,8.234231,8.148083
0.021808,8.233653,8.148083
0.021810,8.234581,8.148083
0.021812,8.237013,8.148083
0.021814,8.240790,8.148083
0.021816,8.242408,8.148083
0.021818,8.240448,8.148083
0.021820,8.234921,8.148083
0.021822,8.228119,8.144083
0.021824,8.222836,8.144083
0.021826,8.219073,8.144083
0.021828,8.216830,8.144083
0.021830,8.216103,8.144083
0.021832,8.216889,8.144083
0.021834,8.219033,8.144083
0.021836,8.219029,8.144083
0.021838,8.215461,8.144083
0.021840,8.208337,8.144083
0.021842,8.200459,8.144083
0.021844,8.194117,8.144083
0.021846,8.189307,8.144083
0.021848,8.186028,8.144083
0.021850,8.184283,8.144083
0.021852,8.184064,8.144083
0.021854,8.185218,8.144083
0.021856,8.184240,8.144083
0.021858,8.179713,8.144083
0.021860,8.171650,8.140083
0.021862,8.162848,8.136084
0.021864,8.155595,8.136084
0.021866,8.149894,8.136084
0.021868,8.145743,8.136084
0.021870,8.143141,8.136084
0.021872,8.142085,8.136084
0.021874,8.142420,8.136084
0.021876,8.140641,8.136084
0.021878,8.135334,8.136084
0.021880,8.126505,8.136084
0.021882,8.116959,8.136084
0.021884,8.108984,8.136084
0.021886,8.102580,8.136084
0.021888,8.097746,8.136084
0.021890,8.094481,8.136084
0.021892,8.092785,8.136084
0.021894,8.092500,8.136084
0.021896,8.090122,8.136084
0.021898,8.084236,8.136084
0.021900,8.074852,8.136084
0.021902,8.064772,8.136084
0.021904,8.056285,8.136084
0.021906,8.049391,8.136084
0.021908,8.044089,8.136084
0.021910,8.040380,8.136084
0.021912,8.038260,8.136084
0.021914,8.037574,8.136084
0.021916,8.034819,8.136084
0.021918,8.028577,8.136084
0.021920,8.018861,8.136084
0.021922,8.008471,8.136084
0.021924,7.999699,8.136084
0.021926,7.992542,8.136084
0.021928,7.987001,8.136084
0.021930,7.983075,8.136084
0.021932,7.980762,8.136084
0.021934,7.979907,8.136084
0.021936,7.977006,8.136084
0.021938,7.970643,8.136084
0.021940,7.960827,8.136084
0.021942,7.950363,8.136084
0.021944,7.941537,8.136084
0.021946,7.934351,8.136084
0.021948,7.928804,8.136084
0.021950,7.924895,8.136084
0.021952,7.922623,8.136084
0.021954,7.921832,8.136084
0.021956,7.919017,8.136084
0.021958,7.912766,8.136084
0.021960,7.903083,8.136084
0.021962,7.892774,8.136084
0.021964,7.884127,8.136084
0.021966,7.877142,8.136084
0.021968,7.871819,8.136084
0.021970,7.868156,8.136084
0.021972,7.866151,8.136084
0.021974,7.865651,8.136084
0.021976,7.863148,8.136084
0.021978,7.857228,8.136084
0.021980,7.847900,8.136084
0.021982,7.837967,8.136084
0.021984,7.829718,8.136084
0.021986,7.823151,8.136084
0.021988,7.818267,8.136084
0.021990,7.815064,8.136084
0.021992,7.813540,8.136084
0.021994,7.813539,8.136084
0.021996,7.811556,8.136084
0.021998,7.806176,8.136084
0.022000,7.797407,8.140083
0.022002,7.788053,8.144083
0.022004,7.780400,8.144083
0.022006,7.774448,8.144083
0.022008,7.770197,8.144083
0.022010,7.767645,8.144083
0.022012,7.766789,8.144083
0.022014,7.767475,8.144083
0.022016,7.766194,8.144083
0.022018,7.761534,8.144083
0.022020,7.753502,8.144083
0.022022,7.744900,8.144083
0.022024,7.738014,8.144083
0.022026,7.732845,8.144083
0.022028,7.729393,8.144083
0.022030,7.727655,8.144083
0.022032,7.727627,8.144083
0.022034,7.729155,8.144083
0.022036,7.728731,8.144083
0.022038,7.724940,8.144083
0.022040,7.717790,8.148083
0.022042,7.710082,8.148083
0.022044,7.704103,8.148083
0.022046,7.699854,8.148083
0.022048,7.697331,8.148083
0.022050,7.696533,8.148083
0.022052,7.697457,8.148083
0.022054,7.699946,8.148083
0.022056,7.700493,8.148083
0.022058,7.697682,8.148083
0.022060,7.691520,8.148083
0.022062,7.684303,8.152082
0.022064,7.678824,8.152082
0.022066,7.675083,8.152082
0.022068,7.673078,8.152082
0.022070,7.672806,8.152082
0.022072,7.674264,8.152082
0.022074,7.677296,8.152082
0.022076,7.678393,8.152082
0.022078,7.676141,8.152082
0.022080,7.670546,8.156082
0.022082,7.664408,8.156082
0.022084,7.660016,8.156082
0.022086,7.657367,8.156082
0.022088,7.656458,8.156082
0.022090,7.657288,8.156082
0.022092,7.659851,8.156082
0.022094,7.663990,8.156082
0.022096,7.666200,8.156082
0.022098,7.665061,8.156082
0.022100,7.660584,8.160082
0.022102,7.655565,8.164082
0.022104,7.652293,8.164082
0.022106,7.650764,8.164082
0.022108,7.650977,8.164082
0.022110,7.652927,8.164082
0.022112,7.656610,8.164082
0.022114,7.661971,8.164082
0.022116,7.665805,8.164082
0.022118,7.666290,8.164082
0.022120,7.663429,8.164082
0.022122,7.660025,8.164082
0.022124,7.658360,8.164082
0.022126,7.658436,8.164082
0.022128,7.660245,8.164082
0.022130,7.663786,8.164082
0.022132,7.669053,8.164082
0.022134,7.675988,8.164082
0.022136,7.681388,8.164082
0.022138,7.683429,8.164082
0.022140,7.682115,8.168081
0.022142,7.680247,8.172081
0.022144,7.680109,8.172081
0.022146,7.681696,8.172081
0.022148,7.685007,8.172081
0.022150,7.690036,8.172081
0.022152,7.696776,8.172081
0.022154,7.705173,8.172081
0.022156,7.712019,8.172081
0.022158,7.715491,8.172081
0.022160,7.715592,8.172081
0.022162,7.715123,8.172081
0.022164,7.716367,8.172081
0.022166,7.719320,8.172081
0.022168,7.723978,8.172081
0.022170,7.730335,8.172081
0.022172,7.738386,8.172081
0.022174,7.748073,8.172081
0.022176,7.756191,8.172081
0.022178,7.760913,8.172081
0.022180,7.762246,8.176081
0.022182,7.762985,8.176081
0.022184,7.765416,8.176081
0.022186,7.769534,8.176081
0.022188,7.775335,8.176081
0.022190,7.782813,8.176081
0.022192,7.791961,8.176081
0.022194,7.802722,8.176081
0.022196,7.811889,8.176081
0.022198,7.817637,8.176081
0.022200,7.819969,8.180080
0.022202,7.821683,8.184080
0.022204,7.825065,8.184080
0.022206,7.830108,8.184080
0.022208,7.836808,8.184080
0.022210,7.845157,8.184080
0.022212,7.855150,8.184080
0.022214,7.866729,8.184080
0.022216,7.876688,8.184080
0.022218,7.883199,8.184080
0.022220,7.886267,8.184080
0.022222,7.888690,8.184080
0.022224,7.892752,8.184080
0.022226,7.898447,8.184080
0.022228,7.905769,8.184080
0.022230,7.914713,8.184080
0.022232,7.925271,8.184080
0.022234,7.937386,8.184080
0.022236,7.947850,8.184080
0.022238,7.954839,8.184080
0.022240,7.958355,8.184080
0.022242,7.961196,8.184080
0.022244,7.965645,8.184080
0.022246,7.971698,8.184080
0.022248,7.979348,8.184080
0.022250,7.988590,8.184080
0.022252,7.999416,8.184080
0.022254,8.011768,8.184080
0.022256,8.022442,8.184080
0.022258,8.029608,8.184080
0.022260,8.033271,8.184080
0.022262,8.036229,8.184080
0.022264,8.040764,8.184080
0.022266,8.046872,8.184080
0.022268,8.054549,8.184080
0.022270,8.063787,8.184080
0.022272,8.074580,8.184080
0.022274,8.086868,8.184080
0.022276,8.097447,8.184080
0.022278,8.104490,8.184080
0.022280,8.108000,8.180080
0.022282,8.110775,8.180080
0.022284,8.115099,8.180080
0.022286,8.120968,8.180080
0.022288,8.128374,8.180080
0.022290,8.137310,8.180080
0.022292,8.147772,8.180080
0.022294,8.159704,8.180080
0.022296,8.169898,8.180080
0.022298,8.176526,8.180080
0.022300,8.179594,8.180080
0.022302,8.181396,8.176081
0.022304,8.184714,8.176081
0.022306,8.189553,8.176081
0.022308,8.195905,8.176081
0.022310,8.203764,8.176081
0.022312,8.213125,8.176081
0.022314,8.223929,8.176081
0.022316,8.232972,8.176081
0.022318,8.238427,8.176081
0.022320,8.240299,8.172081
0.022322,8.241386,8.172081
0.022324,8.243975,8.172081
0.022326,8.248058,8.172081
0.022328,8.253633,8.172081
0.022330,8.260695,8.172081
0.022332,8.269235,8.172081
0.022334,8.279199,8.172081
0.022336,8.287380,8.172081
0.022338,8.291955,8.172081
0.022340,8.292927,8.168081
0.022342,8.293096,8.164082
0.022344,8.294745,8.164082
0.022346,8.297873,8.164082
0.022348,8.302472,8.164082
0.022350,8.308540,8.164082
0.022352,8.316072,8.164082
0.022354,8.325009,8.164082
0.022356,8.332152,8.164082
0.022358,8.335671,8.164082
0.022360,8.335569,8.164082
0.022362,8.334649,8.164082
0.022364,8.335195,8.164082
0.022366,8.337204,8.164082
0.022368,8.340673,8.164082
0.022370,8.345598,8.164082
0.022372,8.351974,8.164082
0.022374,8.359743,8.164082
0.022376,8.365703,8.164082
0.022378,8.368029,8.164082
0.022380,8.366722,8.160082
0.022382,8.364591,8.156082
0.022384,8.363916,8.156082
0.022386,8.364696,8.156082
0.022388,8.366926,8.156082
0.022390,8.370605,8.156082
0.022392,8.375726,8.156082
0.022394,8.382131,8.156082
0.022396,8.386316,8.156082
0.022398,8.386863,8.156082
0.022400,8.383775,8.156082
0.022402,8.379856,8.156082
0.022404,8.377392,8.156082
0.022406,8.376380,8.156082
0.022408,8.376819,8.156082
0.022410,8.378705,8.156082
0.022412,8.382034,8.156082
0.022414,8.386649,8.156082
0.022416,8.389045,8.156082
0.022418,8.387804,8.156082
0.022420,8.382931,8.152082
0.022422,8.377233,8.152082
0.022424,8.372993,8.152082
0.022426,8.370213,8.152082
0.022428,8.368887,8.152082
0.022430,8.369016,8.152082
0.022432,8.370595,8.152082
0.022434,8.373468,8.152082
0.022436,8.374131,8.152082
0.022438,8.371165,8.152082
0.022440,8.364581,8.148083
0.022442,8.357181,8.144083
0.022444,8.351251,8.144083
0.022446,8.346790,8.144083
0.022448,8.343799,8.144083
0.022450,8.342274,8.144083
0.022452,8.342214,8.144083
0.022454,8.343462,8.144083
0.022456,8.342516,8.144083
0.022458,8.337957,8.144083
0.022460,8.329797,8.144083
0.022462,8.320836,8.144083
0.022464,8.313363,8.144083
0.022466,8.307379,8.144083
0.022468,8.302882,8.144083
0.022470,8.299871,8.144083
0.022472,8.298346,8.144083
0.022474,8.298151,8.144083
0.022476,8.295781,8.144083
0.022478,8.289821,8.144083
0.022480,8.280279,8.140083
0.022482,8.269960,8.136084
0.022484,8.261153,8.136084
0.022486,8.253857,8.136084
0.022488,8.248073,8.136084
0.022490,8.243798,8.136084
0.022492,8.241035,8.136084
0.022494,8.239626,8.136084
0.022496,8.236068,8.136084
0.022498,8.228947,8.136084
0.022500,8.218271,8.136084
0.022502,8.206844,8.136084
0.022504,8.196958,8.136084
0.022506,8.188609,8.136084
0.022508,8.181801,8.136084
0.022510,8.176532,8.136084
0.022512,8.172801,8.136084
0.022514,8.170456,8.136084
0.022516,8.165991,8.136084
0.022518,8.157994,8.136084
0.022520,8.146471,8.132084
0.022522,8.134227,8.128084
0.022524,8.123552,8.128084
0.022526,8.114450,8.128084
0.022528,8.106915,8.128084
0.022530,8.100954,8.128084
0.022532,8.096562,8.128084
0.022534,8.093586,8.128084
0.022536,8.088523,8.128084
0.022538,8.079957,8.128084
0.022540,8.067900,8.128084
0.022542,8.054647,8.128084
0.022544,8.042998,8.128084
0.022546,8.032954,8.128084
0.022548,8.024515,8.128084
0.022550,8.017682,8.128084
0.022552,8.012454,8.128084
0.022554,8.008677,8.128084
0.022556,8.002849,8.128084
0.022558,7.993553,8.128084
0.022560,7.980803,8.128084
0.022562,7.967400,8.128084
0.022564,7.955636,8.128084
0.022566,7.945512,8.128084
0.022568,7.937028,8.128084
0.022570,7.930184,8.128084
0.022572,7.924981,8.128084
0.022574,7.921264,8.128084
0.022576,7.915530,8.128084
0.022578,7.906364,8.128084
0.022580,7.893777,8.132084
0.022582,7.880573,8.136084
0.022584,7.869042,8.136084
0.022586,7.859185,8.136084
0.022588,7.851003,8.136084
0.022590,7.844494,8.136084
0.022592,7.839660,8.136084
0.022594,7.836344,8.136084
0.022596,7.831045,8.136084
0.022598,7.822347,8.136084
0.022600,7.810262,8.136084
0.022602,7.797591,8.136084
0.022604,7.786625,8.136084
0.022606,7.777365,8.136084
0.022608,7.769811,8.136084
0.022610,7.763962,8.136084
0.022612,7.759819,8.136084
0.022614,7.757225,8.136084
0.022616,7.752677,8.136084
0.022618,7.744760,8.136084
0.022620,7.733484,8.140083
0.022622,7.721653,8.144083
0.022624,7.711555,8.144083
0.022626,7.703192,8.144083
0.022628,7.696561,8.144083
0.022630,7.691665,8.144083
0.022632,7.688499,8.144083
0.022634,7.686910,8.144083
0.022636,7.683394,8.144083
0.022638,7.676533,8.144083
0.022640,7.666339,8.144083
0.022642,7.655615,8.144083
0.022644,7.646648,8.144083
0.022646,7.639439,8.144083
0.022648,7.633986,8.144083
0.022650,7.630290,8.144083
0.022652,7.628347,8.144083
0.022654,7.628003,8.144083
0.022656,7.625751,8.144083
0.022658,7.620177,8.144083
0.022660,7.611289,8.148083
0.022662,7.601889,8.148083
0.022664,7.594266,8.148083
0.022666,7.588418,8.148083
0.022668,7.584346,8.148083
0.022670,7.582047,8.148083
0.022672,7.581518,8.148083
0.022674,7.582603,8.148083
0.022676,7.581795,8.148083
0.022678,7.577681,8.148083
0.022680,7.570266,8.152082
0.022682,7.562353,8.156082
0.022684,7.556230,8.156082
0.022686,7.551895,8.156082
0.022688,7.549346,8.156082
0.022690,7.548581,8.156082
0.022692,7.549596,8.156082
0.022694,7.552235,8.156082
0.022696,7.552990,8.156082
0.022698,7.550447,8.156082
0.022700,7.544613,8.156082
0.022702,7.538287,8.156082
0.022704,7.533756,8.156082
0.022706,7.531020,8.156082
0.022708,7.530075,8.156082
0.022710,7.530918,8.156082
0.022712,7.533545,8.156082
0.022714,7.537799,8.156082
0.022716,7.540174,8.156082
0.022718,7.539252,8.156082
0.022720,7.535039,8.160082
0.022722,7.530335,8.164082
0.022724,7.527426,8.164082
0.022726,7.526311,8.164082
0.022728,7.526986,8.164082
0.022730,7.529446,8.164082
0.022732,7.533688,8.164082
0.022734,7.539656,8.164082
0.022736,7.544145,8.164082
0.022738,7.545331,8.164082
0.022740,7.543219,8.164082
0.022742,7.540610,8.164082
0.022744,7.539788,8.164082
0.022746,7.540751,8.164082
0.022748,7.543493,8.164082
0.022750,7.548010,8.164082
0.022752,7.554297,8.164082
0.022754,7.562298,8.164082
0.022756,7.568807,8.164082
0.022758,7.572000,8.164082
0.022760,7.571879,8.168081
0.022762,7.571246,8.172081
0.022764,7.572383,8.172081
0.022766,7.575290,8.172081
0.022768,7.579957,8.172081
0.022770,7.586382,8.172081
0.022772,7.594557,8.172081
0.022774,7.604426,8.172081
0.022776,7.612783,8.172081
0.022778,7.617800,8.172081
0.022780,7.619484,8.172081
0.022782,7.620632,8.172081
0.022784,7.623528,8.172081
0.022786,7.628168,8.172081
0.022788,7.634545,8.172081
0.022790,7.642653,8.172081
0.022792,7.652488,8.172081
0.022794,7.663990,8.172081
0.022796,7.673951,8.172081
0.022798,7.680547,8.172081
0.022800,7.683780,8.176081
0.022802,7.686449,8.176081
0.022804,7.690835,8.176081
0.022806,7.696936,8.176081
0.022808,7.704743,8.176081
0.022810,7.714252,8.176081
0.022812,7.725454,8.176081
0.022814,7.738292,8.176081
0.022816,7.749558,8.176081
0.022818,7.757424,8.176081
0.022820,7.761896,8.180080
0.022822,7.765769,8.184080
0.022824,7.771326,8.184080
0.022826,7.778562,8.184080
0.022828,7.787471,8.184080
0.022830,7.798046,8.184080
0.022832,7.810278,8.184080
0.022834,7.824110,8.184080
0.022836,7.836333,8.184080
0.022838,7.845121,8.184080
0.022840,7.850476,8.184080
0.022842,7.855196,8.184080
0.022844,7.861562,8.184080
0.022846,7.869570,8.184080
0.022848,7.879212,8.184080
0.022850,7.890483,8.184080
0.022852,7.903373,8.184080
0.022854,7.917823,8.184080
0.022856,7.930626,8.184080
0.022858,7.939956,8.184080
0.022860,7.945814,8.184080
0.022862,7.950997,8.184080
0.022864,7.957788,8.184080
0.022866,7.966180,8.184080
0.022868,7.976168,8.184080
0.022870,7.987744,8.184080
0.022872,8.000901,8.184080
0.022874,8.015578,8.184080
0.022876,8.028569,8.184080
0.022878,8.038048,8.184080
0.022880,8.044014,8.184080
0.022882,8.049267,8.184080
0.022884,8.056087,8.184080
0.022886,8.064471,8.184080
0.022888,8.074410,8.184080
0.022890,8.085898,8.184080
0.022892,8.098928,8.184080
0.022894,8.113441,8.184080
0.022896,8.126226,8.184080
0.022898,8.135461,8.184080
0.022900,8.141145,8.180080
0.022902,8.146075,8.180080
0.022904,8.152541,8.180080
0.022906,8.160529,8.180080
0.022908,8.170034,8.180080
0.022910,8.181052,8.180080
0.022912,8.193574,8.180080
0.022914,8.207541,8.180080
0.022916,8.219746,8.180080
0.022918,8.228362,8.180080
0.022920,8.233394,8.176081
0.022922,8.237638,8.172081
0.022924,8.243376,8.172081
0.022926,8.250604,8.172081
0.022928,8.259315,8.172081
0.022930,8.269506,8.172081
0.022932,8.281165,8.172081
0.022934,8.294237,8.172081
0.022936,8.305519,8.172081
0.022938,8.313177,8.172081
0.022940,8.317216,8.172081
0.022942,8.320436,8.172081
0.022944,8.325118,8.172081
0.022946,8.331262,8.172081
0.022948,8.338859,8.172081
0.022950,8.347903,8.172081
0.022952,8.358389,8.172081
0.022954,8.370255,8.172081
0.022956,8.380303,8.172081
0.022958,8.386703,8.172081
0.022960,8.389458,8.168081
0.022962,8.391367,8.164082
0.022964,8.394714,8.164082
0.022966,8.399497,8.164082
0.022968,8.405710,8.164082
0.022970,8.413344,8.164082
0.022972,8.422397,8.164082
0.022974,8.432810,8.164082
0.022976,8.441379,8.164082
0.022978,8.446278,8.164082
0.022980,8.447512,8.164082
0.022982,8.447881,8.164082
0.022984,8.449668,8.164082
0.022986,8.452870,8.164082
0.022988,8.457483,8.164082
0.022990,8.463503,8.164082
0.022992,8.470924,8.164082
0.022994,8.479691,8.164082
0.022996,8.486598,8.164082
0.022998,8.489820,8.164082
0.023000,8.489362,8.160082
0.023002,8.488024,8.156082
0.023004,8.488093,8.156082
0.023006,8.489566,8.156082
0.023008,8.492439,8.156082
0.023010,8.496708,8.156082
0.023012,8.502368,8.156082
0.023014,8.509263,8.156082
0.023016,8.513884,8.156082
0.023018,8.514812,8.156082
0.023020,8.512056,8.156082
0.023022,8.508418,8.156082
0.023024,8.506182,8.156082
0.023026,8.505345,8.156082
0.023028,8.505908,8.156082
0.023030,8.507866,8.156082
0.023032,8.511216,8.156082
0.023034,8.515800,8.156082
0.023036,8.518113,8.156082
0.023038,8.516738,8.156082
0.023040,8.511682,8.152082
0.023042,8.505747,8.152082
0.023044,8.501220,8.152082
0.023046,8.498101,8.152082
0.023048,8.496387,8.152082
0.023050,8.496078,8.152082
0.023052,8.497168,8.152082
0.023054,8.499504,8.152082
0.023056,8.499579,8.152082
0.023058,8.495979,8.152082
0.023060,8.488710,8.148083
0.023062,8.480577,8.144083
0.023064,8.473866,8.144083
0.023066,8.468577,8.144083
0.023068,8.464710,8.144083
0.023070,8.462263,8.144083
0.023072,8.461235,8.144083
0.023074,8.461471,8.144083
0.023076,8.459465,8.144083
0.023078,8.453803,8.144083
0.023080,8.444494,8.144083
0.023082,8.434341,8.144083
0.023084,8.425634,8.144083
0.023086,8.418374,8.144083
0.023088,8.412558,8.144083
0.023090,8.408189,8.144083
0.023092,8.405263,8.144083
0.023094,8.403627,8.144083
0.023096,8.399777,8.144083
0.023098,8.392301,8.144083
0.023100,8.381203,8.140083
0.023102,8.369290,8.136084
0.023104,8.358852,8.136084
0.023106,8.349892,8.136084
0.023108,8.342405,8.136084
0.023110,8.336397,8.136084
0.023112,8.331864,8.136084
0.023114,8.328654,8.136084
0.023116,8.323264,8.136084
0.023118,8.314277,8.136084
0.023120,8.301707,8.136084
0.023122,8.288357,8.136084
0.023124,8.276516,8.136084
0.023126,8.266187,8.136084
0.023128,8.257370,8.136084
0.023130,8.250068,8.136084
0.023132,8.244277,8.136084
0.023134,8.239847,8.136084
0.023136,8.233274,8.136084
0.023138,8.223144,8.136084
0.023140,8.209468,8.132084
0.023142,8.195050,8.132084
0.023144,8.182183,8.132084
0.023146,8.170867,8.132084
0.023148,8.161104,8.132084
0.023150,8.152895,8.132084
0.023152,8.146239,8.132084
0.023154,8.140985,8.132084
0.023156,8.133629,8.132084
0.023158,8.122757,8.132084
0.023160,8.108381,8.132084
0.023162,8.092881,8.128084
0.023164,8.078972,8.128084
0.023166,8.066658,8.128084
0.023168,8.055942,8.128084
0.023170,8.046822,8.128084
0.023172,8.039300,8.128084
0.023174,8.033223,8.128084
0.023176,8.025089,8.128084
0.023178,8.013485,8.128084
0.023180,7.998510,8.128084
0.023182,7.983408,8.128084
0.023184,7.969942,8.128084
0.023186,7.958113,8.128084
0.023188,7.947923,8.128084
0.023190,7.939372,8.128084
0.023192,7.932461,8.128084
0.023194,7.927037,8.128084
0.023196,7.919599,8.128084
0.023198,7.908729,8.128084
0.023200,7.894444,8.132084
0.023202,7.879572,8.136084
0.023204,7.866377,8.136084
0.023206,7.854861,8.136084
0.023208,7.845024,8.136084
0.023210,7.836867,8.136084
0.023212,7.830390,8.136084
0.023214,7.825441,8.136084
0.023216,7.818514,8.136084
0.023218,7.808198,8.136084
0.023220,7.794501,8.136084
0.023222,7.780229,8.136084
0.023224,7.767674,8.136084
0.023226,7.756835,8.136084
0.023228,7.747714,8.136084
0.023230,7.740308,8.136084
0.023232,7.734620,8.136084
0.023234,7.730495,8.136084
0.023236,7.724430,8.136084
0.023238,7.715011,8.136084
0.023240,7.702246,8.140083
0.023242,7.688942,8.144083
0.023244,7.677388,8.144083
0.023246,7.667584,8.144083
0.023248,7.659531,8.144083
0.023250,7.653229,8.144083
0.023252,7.648676,8.144083
0.023254,7.645720,8.144083
0.023256,7.640854,8.144083
0.023258,7.632665,8.144083
0.023260,7.621163,8.144083
0.023262,7.609150,8.144083
0.023264,7.598916,8.144083
0.023266,7.590460,8.144083
0.023268,7.583784,8.144083
0.023270,7.578886,8.144083
0.023272,7.575765,8.144083
0.023274,7.574265,8.144083
0.023276,7.570882,8.144083
0.023278,7.564201,8.144083
0.023280,7.554230,8.148083
0.023282,7.543773,8.148083
0.023284,7.535118,8.148083
0.023286,7.528265,8.148083
0.023288,7.523211,8.148083
0.023290,7.519958,8.148083
0.023292,7.518501,8.148083
0.023294,7.518686,8.148083
0.023296,7.517006,8.148083
0.023298,7.512046,8.148083
0.023300,7.503814,8.152082
0.023302,7.495112,8.156082
0.023304,7.488228,8.156082
0.023306,7.483161,8.156082
0.023308,7.479909,8.156082
0.023310,7.478469,8.156082
0.023312,7.478839,8.156082
0.023314,7.480864,8.156082
0.023316,7.481035,8.156082
0.023318,7.477936,8.156082
0.023320,7.471576,8.156082
0.023322,7.464755,8.156082
0.023324,7.459759,8.156082
0.023326,7.456588,8.156082
0.023328,7.455240,8.156082
0.023330,7.455710,8.156082
0.023332,7.457994,8.156082
0.023334,7.461937,8.156082
0.023336,7.464031,8.156082
0.023338,7.462859,8.156082
0.023340,7.458426,8.160082
0.023342,7.453535,8.164082
0.023344,7.450470,8.164082
0.023346,7.449230,8.164082
0.023348,7.449810,8.164082
0.023350,7.452208,8.164082
0.023352,7.456419,8.164082
0.023354,7.462386,8.164082
0.023356,7.466905,8.164082
0.023358,7.468151,8.164082
0.023360,7.466131,8.164082
0.023362,7.463644,8.164082
0.023364,7.462974,8.164082
0.023366,7.464118,8.164082
0.023368,7.467074,8.164082
0.023370,7.471835,8.164082
0.023372,7.478396,8.164082
0.023374,7.486700,8.164082
0.023376,7.493540,8.164082
0.023378,7.497095,8.164082
0.023380,7.497365,8.168081
0.023382,7.497152,8.168081
0.023384,7.498739,8.168081
0.023386,7.502122,8.168081
0.023388,7.507296,8.168081
0.023390,7.514254,8.168081
0.023392,7.522991,8.168081
0.023394,7.533449,8.168081
0.023396,7.542423,8.168081
0.023398,7.548084,8.168081
0.023400,7.550438,8.168081
0.023402,7.551775,8.172081
0.023404,7.554887,8.172081
0.023406,7.559769,8.172081
0.023408,7.566415,8.172081
0.023410,7.574820,8.172081
0.023412,7.584976,8.172081
0.023414,7.596826,8.172081
0.023416,7.607163,8.172081
0.023418,7.614159,8.172081
0.023420,7.617818,8.176081
0.023422,7.620939,8.176081
0.023424,7.625803,8.176081
0.023426,7.632406,8.176081
0.023428,7.640741,8.176081
0.023430,7.650801,8.176081
0.023432,7.662579,8.176081
0.023434,7.676016,8.176081
0.023436,7.687906,8.176081
0.023438,7.696420,8.176081
0.023440,7.701561,8.180080
0.023442,7.706128,8.184080
0.023444,7.712400,8.184080
0.023446,7.720374,8.184080
0.023448,7.730042,8.184080
0.023450,7.741397,8.184080
0.023452,7.754430,8.184080
0.023454,7.769083,8.184080
0.023456,7.782149,8.184080
0.023458,7.791800,8.184080
0.023460,7.798037,8.184080
0.023462,7.803657,8.184080
0.023464,7.810944,8.184080
0.023466,7.819890,8.184080
0.023468,7.830490,8.184080
0.023470,7.842734,8.184080
0.023472,7.856616,8.184080
0.023474,7.872075,8.184080
0.023476,7.885904,8.184080
0.023478,7.896273,8.184080
0.023480,7.903186,8.184080
0.023482,7.909441,8.184080
0.023484,7.917317,8.184080
0.023486,7.926809,8.184080
0.023488,7.937910,8.184080
0.023490,7.950613,8.184080
0.023492,7.964908,8.184080
0.023494,7.980736,8.184080
0.023496,7.994889,8.184080
0.023498,8.005540,8.184080
0.023500,8.012690,8.184080
0.023502,8.019136,8.184080
0.023504,8.027162,8.184080
0.023506,8.036757,8.184080
0.023508,8.047919,8.184080
0.023510,8.060637,8.184080
0.023512,8.074903,8.184080
0.023514,8.090660,8.184080
0.023516,8.104698,8.184080
0.023518,8.115189,8.184080
0.023520,8.122136,8.180080
0.023522,8.128337,8.180080
0.023524,8.136071,8.180080
0.023526,8.145331,8.180080
0.023528,8.156117,8.180080
0.023530,8.168417,8.180080
0.023532,8.182224,8.180080
0.023534,8.197478,8.180080
0.023536,8.210973,8.180080
0.023538,8.220880,8.180080
0.023540,8.227201,8.176081
0.023542,8.232734,8.172081
0.023544,8.239761,8.172081
0.023546,8.248278,8.172081
0.023548,8.258277,8.172081
0.023550,8.269752,8.172081
0.023552,8.282693,8.172081
0.023554,8.297044,8.172081
0.023556,8.309594,8.172081
0.023558,8.318521,8.172081
0.023560,8.323824,8.172081
0.023562,8.328305,8.172081
0.023564,8.334244,8.172081
0.023566,8.341637,8.172081
0.023568,8.350476,8.172081
0.023570,8.360757,8.172081
0.023572,8.372473,8.172081
0.023574,8.385563,8.172081
0.023576,8.396822,8.172081
0.023578,8.404425,8.172081
0.023580,8.408372,8.168081
0.023582,8.411467,8.164082
0.023584,8.415986,8.164082
0.023586,8.421929,8.164082
0.023588,8.429291,8.164082
0.023590,8.438064,8.164082
0.023592,8.448243,8.164082
0.023594,8.459771,8.164082
0.023596,8.469441,8.164082
0.023598,8.475428,8.164082
0.023600,8.477736,8.164082
0.023602,8.479163,8.164082
0.023604,8.481995,8.164082
0.023606,8.486226,8.164082
0.023608,8.491854,8.164082
0.023610,8.498872,8.164082
0.023612,8.507274,8.164082
0.023614,8.517005,8.164082
0.023616,8.524861,8.164082
0.023618,8.529015,8.164082
0.023620,8.529471,8.160082
0.023622,8.529031,8.160082
0.023624,8.529979,8.160082
0.023626,8.532310,8.160082
0.023628,8.536024,8.160082
0.023630,8.541115,8.160082
0.023632,8.547578,8.160082
0.023634,8.555256,8.160082
0.023636,8.560639,8.160082
0.023638,8.562311,8.160082
0.023640,8.560279,8.160082
0.023642,8.557342,8.160082
0.023644,8.555787,8.160082
0.023646,8.555611,8.160082
0.023648,8.556811,8.160082
0.023650,8.559386,8.160082
0.023652,8.563330,8.160082
0.023654,8.568487,8.160082
0.023656,8.571353,8.160082
0.023658,8.570505,8.160082
0.023660,8.565954,8.156082
0.023662,8.560503,8.156082
0.023664,8.556436,8.156082
0.023666,8.553752,8.156082
0.023668,8.552451,8.156082
0.023670,8.552531,8.156082
0.023672,8.553989,8.156082
0.023674,8.556669,8.156082
0.023676,8.557065,8.156082
0.023678,8.553761,8.156082
0.023680,8.546764,8.152082
0.023682,8.538880,8.148083
0.023684,8.532395,8.148083
0.023686,8.527309,8.148083
0.023688,8.523620,8.148083
0.023690,8.521327,8.148083
0.023692,8.520430,8.148083
0.023694,8.520772,8.148083
0.023696,8.518849,8.148083
0.023698,8.513247,8.148083
0.023700,8.503973,8.148083
0.023702,8.493832,8.148083
0.023704,8.485111,8.148083
0.023706,8.477813,8.148083
0.023708,8.471936,8.148083
0.023710,8.467482,8.148083
0.023712,8.464448,8.148083
0.023714,8.462681,8.148083
0.023716,8.458677,8.148083
0.023718,8.451019,8.148083
0.023720,8.439721,8.144083
0.023722,8.427585,8.140083
0.023724,8.416901,8.140083
0.023726,8.407669,8.140083
0.023728,8.399892,8.140083
0.023730,8.393569,8.140083
0.023732,8.388700,8.140083
0.023734,8.385132,8.140083
0.023736,8.379362,8.140083
0.023738,8.369973,8.140083
0.023740,8.356979,8.140083
0.023742,8.343184,8.140083
0.023744,8.330876,8.140083
0.023746,8.320061,8.140083
0.023748,8.310738,8.140083
0.023750,8.302906,8.140083
0.023752,8.296569,8.140083
0.023754,8.291572,8.140083
0.023756,8.284411,8.140083
0.023758,8.273675,8.140083
0.023760,8.259374,8.136084
0.023762,8.244315,8.136084
0.023764,8.230784,8.136084
0.023766,8.218788,8.136084
0.023768,8.208327,8.136084
0.023770,8.199403,8.136084
0.023772,8.192015,8.136084
0.023774,8.186010,8.136084
0.023776,8.177888,8.136084
0.023778,8.166231,8.136084
0.023780,8.151112,8.132084
0.023782,8.135672,8.128084
0.023784,8.121806,8.128084
0.023786,8.109518,8.128084
0.023788,8.098810,8.128084
0.023790,8.089682,8.128084
0.023792,8.082135,8.128084
0.023794,8.076016,8.128084
0.023796,8.067823,8.128084
0.023798,8.056142,8.128084
0.023800,8.041077,8.128084
0.023802,8.025880,8.128084
0.023804,8.012304,8.128084
0.023806,8.000350,8.128084
0.023808,7.990017,8.128084
0.023810,7.981305,8.128084
0.023812,7.974217,8.128084
0.023814,7.968600,8.128084
0.023816,7.960949,8.128084
0.023818,7.949854,8.128084
0.023820,7.935343,8.128084
0.023822,7.920381,8.128084
0.023824,7.907080,8.128084
0.023826,7.895440,8.128084
0.023828,7.885464,8.128084
0.023830,7.877152,8.128084
0.023832,7.870505,8.128084
0.023834,7.865369,8.128084
0.023836,7.858241,8.128084
0.023838,7.847706,8.128084
0.023840,7.833776,8.128084
0.023842,7.819256,8.128084
0.023844,7.806437,8.128084
0.023846,7.795318,8.128084
0.023848,7.785903,8.128084
0.023850,7.778190,8.128084
0.023852,7.772180,8.128084
0.023854,7.767719,8.128084
0.023856,7.761303,8.128084
0.023858,7.751519,8.128084
0.023860,7.738377,8.132084
0.023862,7.724681,8.136084
0.023864,7.712721,8.136084
0.023866,7.702498,8.136084
0.023868,7.694014,8.136084
0.023870,7.687266,8.136084
0.023872,7.682256,8.136084
0.023874,7.678829,8.136084
0.023876,7.673480,8.136084
0.023878,7.664796,8.136084
0.023880,7.652787,8.136084
0.023882,7.640256,8.136084
0.023884,7.629492,8.136084
0.023886,7.620496,8.136084
0.023888,7.613269,8.136084
0.023890,7.607809,8.136084
0.023892,7.604116,8.136084
0.023894,7.602035,8.136084
0.023896,7.598059,8.136084
0.023898,7.590775,8.136084
0.023900,7.580193,8.140083
0.023902,7.569115,8.140083
0.023904,7.559830,8.140083
0.023906,7.552338,8.140083
0.023908,7.546638,8.140083
0.023910,7.542730,8.140083
0.023912,7.540610,8.140083
0.023914,7.540125,8.140083
0.023916,7.537767,8.140083
0.023918,7.532122,8.140083
0.023920,7.523199,8.144083
0.023922,7.513801,8.148083
0.023924,7.506214,8.148083
0.023926,7.500438,8.148083
0.023928,7.496471,8.148083
0.023930,7.494312,8.148083
0.023932,7.493957,8.148083
0.023934,7.495252,8.148083
0.023936,7.494689,8.148083
0.023938,7.490853,8.148083
0.023940,7.483752,8.148083
0.023942,7.476185,8.148083
0.023944,7.470443,8.148083
0.023946,7.466521,8.148083
0.023948,7.464420,8.148083
0.023950,7.464134,8.148083
0.023952,7.465662,8.148083
0.023954,7.468847,8.148083
0.023956,7.470181,8.148083
0.023958,7.468248,8.148083
0.023960,7.463054,8.152082
0.023962,7.457401,8.156082
0.023964,7.453574,8.156082
0.023966,7.451572,8.156082
0.023968,7.451392,8.156082
0.023970,7.453030,8.156082
0.023972,7.456482,8.156082
0.023974,7.461589,8.156082
0.023976,7.464846,8.156082
0.023978,7.464833,8.156082
0.023980,7.461557,8.156082
0.023982,7.457819,8.156082
0.023984,7.455902,8.156082
0.023986,7.455806,8.156082
0.023988,7.457527,8.156082
0.023990,7.461059,8.156082
0.023992,7.466398,8.156082
0.023994,7.473386,8.156082
0.023996,7.478513,8.156082
0.023998,7.480361,8.156082
0.024000,7.478937,8.160082
0.024002,7.477039,8.160082
0.024004,7.476954,8.160082
0.024006,7.478675,8.160082
0.024008,7.482200,8.160082
0.024010,7.487524,8.160082
0.024012,7.494640,8.160082
0.024014,7.503491,8.160082
0.024016,7.510873,8.160082
0.024018,7.514958,8.160082
0.024020,7.515752,8.164082
0.024022,7.516055,8.168081
0.024024,7.518148,8.168081
0.024026,7.522028,8.168081
0.024028,7.527690,8.168081
0.024030,7.535128,8.168081
0.024032,7.544335,8.168081
0.024034,7.555254,8.168081
0.024036,7.564678,8.168081
0.024038,7.570781,8.168081
0.024040,7.573566,8.172081
0.024042,7.575832,8.172081
0.024044,7.579862,8.172081
0.024046,7.585649,8.172081
0.024048,7.593190,8.172081
0.024050,7.602476,8.172081
0.024052,7.613501,8.172081
0.024054,7.626205,8.172081
0.024056,7.637384,8.172081
0.024058,7.645208,8.172081
0.024060,7.649682,8.176081
0.024062,7.653602,8.180080
0.024064,7.659251,8.180080
0.024066,7.666623,8.180080
0.024068,7.675711,8.180080
0.024070,7.686511,8.180080
0.024072,7.699012,8.180080
0.024074,7.713157,8.180080
0.024076,7.725738,8.180080
0.024078,7.734926,8.180080
0.024080,7.740726,8.180080
0.024082,7.745934,8.180080
0.024084,7.752830,8.180080
0.024086,7.761410,8.180080
0.024088,7.771667,8.180080
0.024090,7.783593,8.180080
0.024092,7.797180,8.180080
0.024094,7.812369,8.180080
0.024096,7.825952,8.180080
0.024098,7.836099,8.180080
0.024100,7.842816,8.184080
0.024102,7.848898,8.188080
0.024104,7.856627,8.188080
0.024106,7.865996,8.188080
0.024108,7.876999,8.188080
0.024110,7.889626,8.188080
0.024112,7.903871,8.188080
0.024114,7.919673,8.188080
0.024116,7.933828,8.188080
0.024118,7.944502,8.188080
0.024120,7.951702,8.188080
0.024122,7.958221,8.188080
0.024124,7.966341,8.188080
0.024126,7.976058,8.188080
0.024128,7.987364,8.188080
0.024130,8.000251,8.188080
0.024132,8.014710,8.188080
0.024134,8.030683,8.188080
0.024136,8.044961,8.188080
0.024138,8.055714,8.188080
0.024140,8.062948,8.188080
0.024142,8.069458,8.188080
0.024144,8.077525,8.188080
0.024146,8.087145,8.188080
0.024148,8.098309,8.188080
0.024150,8.111010,8.188080
0.024152,8.125238,8.188080
0.024154,8.140937,8.188080
0.024156,8.154897,8.188080
0.024158,8.165291,8.188080
0.024160,8.172120,8.184080
0.024162,8.178184,8.180080
0.024164,8.185761,8.180080
0.024166,8.194849,8.180080
0.024168,8.205439,8.180080
0.024170,8.217524,8.180080
0.024172,8.231096,8.180080
0.024174,8.246098,8.180080
0.024176,8.259319,8.180080
0.024178,8.268934,8.180080
0.024180,8.274945,8.180080
0.024182,8.280152,8.180080
0.024184,8.286834,8.180080
0.024186,8.294987,8.180080
0.024188,8.304603,8.180080
0.024190,8.315678,8.180080
0.024192,8.328201,8.180080
0.024194,8.342117,8.180080
0.024196,8.354218,8.180080
0.024198,8.362677,8.180080
0.024200,8.367496,8.176081
0.024202,8.371474,8.172081
0.024204,8.376895,8.172081
0.024206,8.383754,8.172081
0.024208,8.392046,8.172081
0.024210,8.401759,8.172081
0.024212,8.412891,8.172081
0.024214,8.425385,8.172081
0.024216,8.436032,8.172081
0.024218,8.443008,8.172081
0.024220,8.446316,8.172081
0.024222,8.448754,8.172081
0.024224,8.452607,8.172081
0.024226,8.457869,8.172081
0.024228,8.464537,8.172081
0.024230,8.472605,8.172081
0.024232,8.482065,8.172081
0.024234,8.492862,8.172081
0.024236,8.501790,8.172081
0.024238,8.507023,8.172081
0.024240,8.508566,8.168081
0.024242,8.509218,8.168081
0.024244,8.511264,8.168081
0.024246,8.514700,8.168081
0.024248,8.519521,8.168081
0.024250,8.525723,8.168081
0.024252,8.533302,8.168081
0.024254,8.542202,8.168081
0.024256,8.549216,8.168081
0.024258,8.552519,8.168081
0.024260,8.552118,8.164082
0.024262,8.550812,8.160082
0.024264,8.550888,8.160082
0.024266,8.552342,8.160082
0.024268,8.555171,8.160082
0.024270,8.559372,8.160082
0.024272,8.564939,8.160082
0.024274,8.571714,8.160082
0.024276,8.576192,8.160082
0.024278,8.576953,8.160082
0.024280,8.574005,8.156082
0.024282,8.570150,8.156082
0.024284,8.567673,8.156082
0.024286,8.566573,8.156082
0.024288,8.566847,8.156082
0.024290,8.568492,8.156082
0.024292,8.571504,8.156082
0.024294,8.575729,8.156082
0.024296,8.577661,8.156082
0.024298,8.575879,8.156082
0.024300,8.570394,8.152082
0.024302,8.564008,8.148083
0.024304,8.559007,8.148083
0.024306,8.555392,8.148083
0.024308,8.553161,8.148083
0.024310,8.552312,8.148083
0.024312,8.552842,8.148083
0.024314,8.554596,8.148083
0.024316,8.554069,8.148083
0.024318,8.549845,8.148083
0.024320,8.541933,8.148083
0.024322,8.533135,8.148083
0.024324,8.525741,8.148083
0.024326,8.519750,8.148083
0.024328,8.515161,8.148083
0.024330,8.511973,8.148083
0.024332,8.510187,8.148083
0.024334,8.509646,8.148083
0.024336,8.506846,8.148083
0.024338,8.500372,8.148083
0.024340,8.490234,8.144083
0.024342,8.479234,8.140083
0.024344,8.469664,8.140083
0.024346,8.461524,8.140083
0.024348,8.454815,8.140083
0.024350,8.449536,8.140083
0.024352,8.445688,8.140083
0.024354,8.443117,8.140083
0.024356,8.438316,8.140083
0.024358,8.429872,8.140083
0.024360,8.417798,8.140083
0.024362,8.404895,8.140083
0.024364,8.393454,8.140083
0.024366,8.383478,8.140083
0.024368,8.374968,8.140083
0.024370,8.367922,8.140083
0.024372,8.362343,8.140083
0.024374,8.358075,8.140083
0.024376,8.351617,8.140083
0.024378,8.341555,8.140083
0.024380,8.327898,8.136084
0.024382,8.313455,8.136084
0.024384,8.300513,8.136084
0.024386,8.289076,8.136084
0.024388,8.279144,8.136084
0.024390,8.270719,8.136084
0.024392,8.263801,8.136084
0.024394,8.258238,8.136084
0.024396,8.250525,8.136084
0.024398,8.239252,8.136084
0.024400,8.224430,8.132084
0.024402,8.208863,8.128084
0.024404,8.194842,8.128084
0.024406,8.182369,8.128084
0.024408,8.171448,8.128084
0.024410,8.162077,8.128084
0.024412,8.154259,8.128084
0.024414,8.147841,8.128084
0.024416,8.139320,8.128084
0.024418,8.127284,8.128084
0.024420,8.111905,8.128084
0.024422,8.096551,8.128084
0.024424,8.082788,8.128084
0.024426,8.070619,8.128084
0.024428,8.060043,8.128084
0.024430,8.051064,8.128084
0.024432,8.043680,8.128084
0.024434,8.037740,8.128084
0.024436,8.029739,8.128084
0.024438,8.018268,8.128084
0.024440,8.003395,8.128084
0.024442,7.988282,8.128084
0.024444,7.974802,8.128084
0.024446,7.962958,8.128084
0.024448,7.952752,8.128084
0.024450,7.944182,8.128084
0.024452,7.937252,8.128084
0.024454,7.931805,8.128084
0.024456,7.924341,8.128084
0.024458,7.913445,8.128084
0.024460,7.899134,8.128084
0.024462,7.884253,8.128084
0.024464,7.871045,8.128084
0.024466,7.859515,8.128084
0.024468,7.849662,8.128084
0.024470,7.841487,8.128084
0.024472,7.834991,8.128084
0.024474,7.830019,8.128084
0.024476,7.823070,8.128084
0.024478,7.812729,8.128084
0.024480,7.799006,8.132084
0.024482,7.784707,8.132084
0.024484,7.772119,8.132084
0.024486,7.761247,8.132084
0.024488,7.752092,8.132084
0.024490,7.744653,8.132084
0.024492,7.738926,8.132084
0.024494,7.734763,8.132084
0.024496,7.728658,8.132084
0.024498,7.719196,8.132084
0.024500,7.706388,8.132084
0.024502,7.692532,8.136084
0.024504,7.680425,8.136084
0.024506,7.670068,8.136084
0.024508,7.661463,8.136084
0.024510,7.654608,8.136084
0.024512,7.649504,8.136084
0.024514,7.645996,8.136084
0.024516,7.640579,8.136084
0.024518,7.631841,8.136084
0.024520,7.619791,8.140083
0.024522,7.607232,8.140083
0.024524,7.596454,8.140083
0.024526,7.587457,8.140083
0.024528,7.580241,8.140083
0.024530,7.574806,8.140083
0.024532,7.571150,8.140083
0.024534,7.569119,8.140083
0.024536,7.565209,8.140083
0.024538,7.558002,8.140083
0.024540,7.547510,8.144083
0.024542,7.536535,8.148083
0.024544,7.527366,8.148083
0.024546,7.520002,8.148083
0.024548,7.514444,8.148083
0.024550,7.510690,8.148083
0.024552,7.508737,8.148083
0.024554,7.508430,8.148083
0.024556,7.506263,8.148083
0.024558,7.500822,8.148083
0.024560,7.492115,8.148083
0.024562,7.482943,8.148083
0.024564,7.475595,8.148083
0.024566,7.470069,8.148083
0.024568,7.466365,8.148083
0.024570,7.464480,8.148083
0.024572,7.464412,8.148083
0.024574,7.466004,8.148083
0.024576,7.465749,8.148083
0.024578,7.462231,8.148083
0.024580,7.455459,8.152082
0.024582,7.448233,8.156082
0.024584,7.442841,8.156082
0.024586,7.439281,8.156082
0.024588,7.437551,8.156082
0.024590,7.437647,8.156082
0.024592,7.439567,8.156082
0.024594,7.443152,8.156082
0.024596,7.444897,8.156082
0.024598,7.443383,8.156082
0.024600,7.438617,8.156082
0.024602,7.433401,8.156082
0.024604,7.430020,8.156082
0.024606,7.428473,8.156082
0.024608,7.428755,8.156082
0.024610,7.430863,8.156082
0.024612,7.434794,8.156082
0.024614,7.440388,8.156082
0.024616,7.444139,8.156082
0.024618,7.444628,8.156082
0.024620,7.441861,8.160082
0.024622,7.438637,8.160082
0.024624,7.437244,8.160082
0.024626,7.437676,8.160082
0.024628,7.439931,8.160082
0.024630,7.444003,8.160082
0.024632,7.449887,8.160082
0.024634,7.457529,8.160082
0.024636,7.463720,8.160082
0.024638,7.466638,8.160082
0.024640,7.466285,8.164082
0.024642,7.465462,8.168081
0.024644,7.466454,8.168081
0.024646,7.469255,8.168081
0.024648,7.473861,8.168081
0.024650,7.480266,8.168081
0.024652,7.488464,8.168081
0.024654,7.498399,8.168081
0.024656,7.506864,8.168081
0.024658,7.512032,8.168081
0.024660,7.513908,8.168081
0.024662,7.515290,8.168081
0.024664,7.518461,8.168081
0.024666,7.523417,8.168081
0.024668,7.530152,8.168081
0.024670,7.538660,8.168081
0.024672,7.548933,8.168081
0.024674,7.560914,8.168081
0.024676,7.571396,8.168081
0.024678,7.578552,8.168081
0.024680,7.582386,8.172081
0.024682,7.585693,8.176081
0.024684,7.590759,8.176081
0.024686,7.597576,8.176081
0.024688,7.606139,8.176081
0.024690,7.616441,8.176081
0.024692,7.628473,8.176081
0.024694,7.642179,8.176081
0.024696,7.654349,8.176081
0.024698,7.663157,8.176081
0.024700,7.668604,8.176081
0.024702,7.673489,8.176081
0.024704,7.680093,8.176081
0.024706,7.688410,8.176081
0.024708,7.698433,8.176081
0.024710,7.710156,8.176081
0.024712,7.723569,8.176081
0.024714,7.738614,8.176081
0.024716,7.752083,8.176081
0.024718,7.762147,8.176081
0.024720,7.768809,8.180080
0.024722,7.774866,8.180080
0.024724,7.782599,8.180080
0.024726,7.792003,8.180080
0.024728,7.803069,8.180080
0.024730,7.815790,8.180080
0.024732,7.830158,8.180080
0.024734,7.846113,8.180080
0.024736,7.860446,8.180080
0.024738,7.871330,8.180080
0.024740,7.878768,8.180080
0.024742,7.885554,8.180080
0.024744,7.893971,8.180080
0.024746,7.904013,8.180080
0.024748,7.915670,8.180080
0.024750,7.928937,8.180080
0.024752,7.943804,8.180080
0.024754,7.960212,8.180080
0.024756,7.974953,8.180080
0.024758,7.986197,8.180080
0.024760,7.993947,8.180080
0.024762,8.000998,8.180080
0.024764,8.009636,8.180080
0.024766,8.019850,8.180080
0.024768,8.031634,8.180080
0.024770,8.044981,8.180080
0.024772,8.059881,8.180080
0.024774,8.076277,8.180080
0.024776,8.090958,8.180080
0.024778,8.102096,8.180080
0.024780,8.109694,8.176081
0.024782,8.116549,8.172081
0.024784,8.124941,8.172081
0.024786,8.134869,8.172081
0.024788,8.146319,8.172081
0.024790,8.159286,8.172081
0.024792,8.173762,8.172081
0.024794,8.189687,8.172081
0.024796,8.203854,8.172081
0.024798,8.214434,8.172081
0.024800,8.221431,8.172081
0.024802,8.227640,8.172081
0.024804,8.235344,8.172081
0.024806,8.244538,8.172081
0.024808,8.255215,8.172081
0.024810,8.267367,8.172081
0.024812,8.280986,8.172081
0.024814,8.296012,8.172081
0.024816,8.309239,8.172081
0.024818,8.318843,8.172081
0.024820,8.324822,8.168081
0.024822,8.329974,8.164082
0.024824,8.336583,8.164082
0.024826,8.344643,8.164082
0.024828,8.354147,8.164082
0.024830,8.365090,8.164082
0.024832,8.377464,8.164082
0.024834,8.391209,8.164082
0.024836,8.403119,8.164082
0.024838,8.411368,8.164082
0.024840,8.415960,8.164082
0.024842,8.419694,8.164082
0.024844,8.424849,8.164082
0.024846,8.431421,8.164082
0.024848,8.439407,8.164082
0.024850,8.448800,8.164082
0.024852,8.459593,8.164082
0.024854,8.471728,8.164082
0.024856,8.482001,8.164082
0.024858,8.488585,8.164082
0.024860,8.491483,8.160082
0.024862,8.493495,8.160082
0.024864,8.496903,8.160082
0.024866,8.501704,8.160082
0.024868,8.507894,8.160082
0.024870,8.515466,8.160082
0.024872,8.524416,8.160082
0.024874,8.534686,8.160082
0.024876,8.543074,8.160082
0.024878,8.547749,8.160082
0.024880,8.548719,8.156082
0.024882,8.548785,8.152082
0.024884,8.550229,8.152082
0.024886,8.553048,8.152082
0.024888,8.557240,8.152082
0.024890,8.562798,8.152082
0.024892,8.569719,8.152082
0.024894,8.577845,8.152082
0.024896,8.583667,8.152082
0.024898,8.585770,8.152082
0.024900,8.584155,8.152082
0.024902,8.581626,8.152082
0.024904,8.580468,8.152082
0.024906,8.580680,8.152082
0.024908,8.582257,8.152082
0.024910,8.585196,8.152082
0.024912,8.589495,8.152082
0.024914,8.594995,8.152082
0.024916,8.598189,8.152082
0.024918,8.597660,8.152082
0.024920,8.593418,8.148083
0.024922,8.588264,8.144083
0.024924,8.584483,8.144083
0.024926,8.582074,8.144083
0.024928,8.581037,8.144083
0.024930,8.581367,8.144083
0.024932,8.583063,8.144083
0.024934,8.585968,8.144083
0.024936,8.586576,8.144083
0.024938,8.583473,8.144083
0.024940,8.576667,8.144083
0.024942,8.568958,8.144083
0.024944,8.562636,8.144083
0.024946,8.557701,8.144083
0.024948,8.554152,8.144083
0.024950,8.551987,8.144083
0.024952,8.551205,8.144083
0.024954,8.551648,8.144083
0.024956,8.549814,8.144083
0.024958,8.544288,8.144083
0.024960,8.535078,8.140083
0.024962,8.524988,8.140083
0.024964,8.516307,8.140083
0.024966,8.509036,8.140083
0.024968,8.503175,8.140083
0.024970,8.498723,8.140083
0.024972,8.495678,8.140083
0.024974,8.493888,8.140083
0.024976,8.489849,8.140083
0.024978,8.482143,8.140083
0.024980,8.470785,8.140083
0.024982,8.458576,8.140083
0.024984,8.447807,8.140083
0.024986,8.438479,8.140083
0.024988,8.430593,8.140083
0.024990,8.424149,8.140083
0.024992,8.419147,8.140083
0.024994,8.415433,8.140083
0.024996,8.409504,8.140083
0.024998,8.399948,8.140083
0.025000,8.386773,8.136084
